{"type":"FeatureCollection","features":[{"type":"Feature","geometry":{"type":"MultiPolygon","coordinates":[[[[-122.36046292140179,37.8147453462559],[-122.36064810658712,37.814699049959565],[-122.36079416206968,37.81466432773732],[-122.36090108784947,37.814641179589145],[-122.36096888392652,37.814629605515066],[-122.3609975503008,37.814629605515066],[-122.36105817978427,37.814618031440986],[-122.36115077237692,37.81459488329281],[-122.36127532807876,37.814560161070574],[-122.36143184688981,37.81451386477424],[-122.36155315206597,37.814479142552],[-122.36163924360721,37.81445599440383],[-122.36169012151359,37.81444442032975],[-122.36170578578512,37.81444442032975],[-122.36158630310595,37.81444442032975],[-122.36133167347612,37.81444442032975],[-122.36094189689565,37.81444442032975],[-122.36041697336454,37.81444442032975],[-122.36004642886436,37.814467568477916],[-122.35983026339514,37.81451386477424],[-122.35976847695686,37.81458330921873],[-122.35986106954952,37.8146759018114],[-122.3599420880681,37.8147453462559],[-122.3600115325126,37.81479164255222],[-122.36006940288301,37.81481479070039],[-122.36011569917932,37.81481479070039],[-122.3601967176979,37.81480321662631],[-122.36031245843873,37.81478006847814],[-122.36046292140179,37.8147453462559]]],[[[-122.36570075766461,37.812939790699026],[-122.36593895649453,37.81280090181003],[-122.36614075376514,37.812685161069204],[-122.36630614947642,37.812592568476546],[-122.3664351436284,37.812523124032055],[-122.36652773622104,37.81247682773572],[-122.36663190288778,37.8124305314394],[-122.36674764362863,37.812384235143064],[-122.36687495844353,37.81233793884673],[-122.36701384733252,37.812291642550406],[-122.36712958807335,37.81225692032815],[-122.367222180666,37.812233772179994],[-122.3672916251105,37.81222219810591],[-122.36733792140683,37.81222219810591],[-122.36739580571879,37.812233772179994],[-122.3674652780464,37.81225692032815],[-122.36754633838964,37.812291642550406],[-122.36763898674855,37.81233793884673],[-122.36772003315023,37.81237266106898],[-122.36778947759473,37.81239580921715],[-122.36784732008202,37.81240738329123],[-122.36789356061213,37.81240738329123],[-122.36795138915787,37.81241895736531],[-122.36802080571924,37.81244210551348],[-122.36810181029627,37.81247682773572],[-122.36819440288893,37.812523124032055],[-122.36829146123536,37.81256942032838],[-122.36839298533555,37.81261571662471],[-122.36849897518951,37.812662012921045],[-122.36860943079722,37.81270830921738],[-122.36871095489741,37.812743031439624],[-122.3688035474901,37.81276617958779],[-122.36888720857522,37.81277775366187],[-122.36896193815281,37.81277775366187],[-122.36904113348417,37.812789327735956],[-122.3691247945693,37.812812475884115],[-122.36921292140819,37.81284719810637],[-122.36930551400086,37.812893494402694],[-122.36937495844535,37.81293506743933],[-122.36942125474168,37.812971917216274],[-122.36944440288984,37.813004043733514],[-122.36944440288984,37.81303144699106],[-122.36946755103801,37.813056722693915],[-122.36951384733433,37.81307987084209],[-122.36958329177884,37.81310089143555],[-122.36967588437149,37.81311978447434],[-122.36975690289006,37.81308765795709],[-122.36982634733457,37.813004511883825],[-122.36988421770499,37.81287034625453],[-122.36993051400131,37.81268516106921],[-122.36991893992723,37.81251154995797],[-122.36984949548273,37.81234951292082],[-122.36972218066782,37.81219904995774],[-122.3695369954825,37.81206016106876],[-122.36936338437127,37.81195599440201],[-122.3692013473341,37.811886549957514],[-122.36905088437103,37.81185182773527],[-122.36891199548204,37.81185182773527],[-122.36879625474121,37.8118286795871],[-122.36870366214856,37.811782383290776],[-122.36863421770406,37.811712938846284],[-122.36858792140775,37.81162034625362],[-122.36851847696326,37.81153932773504],[-122.3684258843706,37.81146988329054],[-122.36831014362976,37.81141201292014],[-122.36817125474077,37.811365716623804],[-122.36798606955544,37.81133099440156],[-122.3677545880738,37.8113078462534],[-122.36747681029581,37.81129627217931],[-122.3671527362215,37.81129627217931],[-122.36690968066577,37.8113078462534],[-122.36674764362863,37.81133099440156],[-122.36666662511004,37.811365716623804],[-122.36666662511004,37.81141201292014],[-122.36658560659146,37.81148145736463],[-122.36642356955431,37.81157404995729],[-122.36618051399859,37.81168979069811],[-122.36585643992427,37.81182867958711],[-122.36555551399812,37.811932846253846],[-122.36527773622015,37.812002290698345],[-122.36502310659033,37.81203701292059],[-122.36479162510867,37.81203701292059],[-122.36462958807151,37.81206016106876],[-122.36453699547886,37.81210645736508],[-122.3645138473307,37.81217590180958],[-122.36456014362702,37.81226849440225],[-122.36462958807151,37.81234951292082],[-122.36472218066416,37.81241895736532],[-122.364837921405,37.81247682773572],[-122.36497681029398,37.812523124032055],[-122.36508097696073,37.81259783431431],[-122.36515042140523,37.812700958582504],[-122.36518514362747,37.81283249683663],[-122.36518514362747,37.81299244907668],[-122.36519503836449,37.81310714741896],[-122.36521482783853,37.81317659186345],[-122.36524451204959,37.81320078241017],[-122.36528409099763,37.81317971905911],[-122.36537332491616,37.813129199323555],[-122.36551221380516,37.813049223203535],[-122.36570075766461,37.812939790699026]]],[[[-122.36259255103299,37.810046272178404],[-122.36259255103299,37.809953679585746],[-122.36253468066258,37.809895809215334],[-122.36241893992175,37.80987266106717],[-122.3622453288105,37.80988423514125],[-122.36201384732885,37.80993053143758],[-122.36187495843987,37.809988401807985],[-122.36182866214352,37.810057846252484],[-122.36187495843987,37.81013886477106],[-122.36201384732885,37.81023145736373],[-122.36214116214376,37.81028932773414],[-122.36225690288461,37.8103124758823],[-122.36236106955134,37.81030090180822],[-122.36245366214399,37.810254605511886],[-122.3625231065885,37.81019673514148],[-122.36256940288482,37.81012729069698],[-122.36259255103299,37.810046272178404]]],[[[-122.36479162510867,37.81023145736373],[-122.36502310659033,37.81013886477106],[-122.36518514362749,37.8100462721784],[-122.36527773622014,37.809953679585746],[-122.36530088436831,37.80986108699308],[-122.36525458807196,37.80976849440042],[-122.36518514362747,37.80971062403001],[-122.36509255103482,37.809687475881844],[-122.36497681029398,37.80969904995593],[-122.364837921405,37.809745346252264],[-122.36466431029376,37.80978006847451],[-122.36445597696026,37.809803216622676],[-122.36421292140453,37.809814790696755],[-122.36393514362655,37.809814790696755],[-122.36374995844123,37.809849512919],[-122.36365736584857,37.8099189573635],[-122.36365736584857,37.81002312403024],[-122.36374995844123,37.81016201291922],[-122.36385412510798,37.810266179585966],[-122.3639698658488,37.810335624030465],[-122.36409718066372,37.81037034625271],[-122.3642360695527,37.81037034625271],[-122.36439810658986,37.810347198104544],[-122.36458329177518,37.81030090180822],[-122.36479162510867,37.81023145736373]]],[[[-122.47571755111562,37.80925923514079],[-122.47594903259727,37.80925923514079],[-122.47612264370849,37.80922451291855],[-122.47623838444932,37.80915506847405],[-122.47629625481974,37.80905090180731],[-122.47629625481974,37.80891201291831],[-122.4761805140789,37.808807846251575],[-122.47594903259727,37.80873840180708],[-122.4756018103748,37.80870367958483],[-122.47513884741149,37.80870367958483],[-122.47479162518901,37.80869210551075],[-122.47456014370738,37.808668957362585],[-122.47444440296654,37.80863423514034],[-122.47444440296654,37.808587938844006],[-122.47428236592938,37.80855321662176],[-122.47395829185508,37.808530068473594],[-122.47347218074361,37.808518494399515],[-122.47282403259499,37.808518494399515],[-122.47235187567892,37.80854164254768],[-122.47205570999546,37.808587938844006],[-122.47193553554457,37.808657383288505],[-122.47199135232626,37.80874997588117],[-122.47204240886526,37.80881942032566],[-122.4720887051616,37.80886571662199],[-122.47213024121525,37.808888864770154],[-122.47216701702624,37.808888864770154],[-122.4722447068765,37.80890043884423],[-122.47236331076604,37.80892358699241],[-122.47252282869486,37.808958309214646],[-122.47272326066299,37.80900460551098],[-122.47295079146195,37.80903932773322],[-122.47320542109176,37.80906247588139],[-122.47348714955243,37.80907404995547],[-122.47379597684395,37.80907404995547],[-122.47408546768301,37.80908562402955],[-122.47435562206957,37.80910877217772],[-122.4746064400037,37.80914349439997],[-122.47483792148535,37.8091897906963],[-122.47502310667066,37.80922451291855],[-122.47516199555966,37.80924766106671],[-122.47525458815231,37.80925923514079],[-122.47530088444864,37.80925923514079],[-122.47539347704131,37.80925923514079],[-122.4755323659303,37.80925923514079],[-122.47571755111562,37.80925923514079]]],[[[-122.4285087667407,37.8082638647697],[-122.42858672492139,37.80821756847337],[-122.42865375218352,37.80818284625113],[-122.4287098485271,37.808159698102955],[-122.42875501395216,37.808148124028875],[-122.4287892484587,37.808148124028875],[-122.42882951386012,37.808136549954796],[-122.42887581015646,37.80811340180662],[-122.42892813734768,37.808078679584376],[-122.42898649543382,37.808032383288044],[-122.42904183807251,37.8079976610658],[-122.42909416526375,37.80797451291763],[-122.42914347700753,37.80796293884355],[-122.42918977330385,37.80796293884355],[-122.42920134737793,37.807951364769465],[-122.42917819922977,37.807928216621306],[-122.42912032885936,37.80789349439906],[-122.42902773626669,37.80784719810273],[-122.42886569922953,37.80781247588048],[-122.42863421774788,37.80778932773232],[-122.42833329182174,37.807777753658236],[-122.4279629214511,37.807777753658236],[-122.42766199552494,37.80778932773232],[-122.42743051404331,37.80781247588048],[-122.42726847700615,37.80784719810273],[-122.42717588441349,37.80789349439906],[-122.42711801404306,37.807939790695386],[-122.4270948658949,37.80798608699171],[-122.42710643996898,37.808032383288044],[-122.42715273626533,37.808078679584376],[-122.42723099597889,37.80812497588071],[-122.42734121910969,37.80817127217704],[-122.42748340565772,37.80821756847337],[-122.42765755562299,37.8082638647697],[-122.42781773365311,37.80829858699194],[-122.4279639397481,37.80832173514011],[-122.42809617390793,37.80833330921419],[-122.42821443613263,37.80833330921419],[-122.42832262234633,37.80832173514011],[-122.42842073254903,37.80829858699194],[-122.4285087667407,37.8082638647697]]],[[[-122.47849532889542,37.804537012915134],[-122.47835644000644,37.80435182772982],[-122.47820597704336,37.80421293884082],[-122.47804394000619,37.80412034624817],[-122.47787032889495,37.804074049951836],[-122.47768514370965,37.804074049951836],[-122.47754625482065,37.80410877217408],[-122.47745366222799,37.80417821661858],[-122.47740736593165,37.80428238328532],[-122.47740736593165,37.80442127217432],[-122.47744208815391,37.80454858698922],[-122.4775115325984,37.804664327730045],[-122.47761569926514,37.80476849439679],[-122.47775458815413,37.80486108698945],[-122.4779050511172,37.804930531433946],[-122.47806708815435,37.80497682773027],[-122.4782406992656,37.80499997587844],[-122.47842588445093,37.80499997587844],[-122.47856477333991,37.80498840180435],[-122.47865736593258,37.80496525365619],[-122.47870366222891,37.80493053143394],[-122.47870366222891,37.804884235137614],[-122.47866894000667,37.804803216619035],[-122.47859949556216,37.80468747587821],[-122.47849532889542,37.804537012915134]]],[[[-122.47944440297019,37.803263864766066],[-122.47944440297019,37.803217568469734],[-122.4793633844516,37.803182846247495],[-122.47920134741446,37.80315969809932],[-122.47895829185872,37.80314812402524],[-122.4786342177844,37.80314812402524],[-122.47837958815458,37.80318284624749],[-122.47819440296927,37.80325229069199],[-122.47807866222844,37.803356457358724],[-122.47803236593211,37.803495346247715],[-122.47806708815436,37.80361108698854],[-122.47818282889519,37.8037036795812],[-122.47837958815458,37.803773124025696],[-122.47865736593258,37.80381942032202],[-122.47888884741423,37.80381942032202],[-122.47907403259953,37.803773124025696],[-122.47921292148853,37.80368053143303],[-122.47930551408119,37.80354164254405],[-122.47937495852568,37.80342590180322],[-122.47942125482201,37.80333330921056],[-122.47944440297019,37.803263864766066]]],[[[-122.48120366223073,37.79881942031839],[-122.48101847704541,37.798773124022055],[-122.48079856963784,37.79873840179981],[-122.48054394000803,37.79871525365165],[-122.48025458815597,37.798703679577564],[-122.47993051408164,37.798703679577564],[-122.47968745852592,37.798749975873896],[-122.47952542148876,37.798842568466554],[-122.47944440297019,37.798981457355545],[-122.47944440297019,37.79916664254086],[-122.47950227334059,37.799282383281685],[-122.47961801408144,37.79932867957802],[-122.47979162519266,37.79930553142985],[-122.48002310667431,37.799212938837194],[-122.48020829185964,37.79916664254086],[-122.4803471807486,37.79916664254086],[-122.48043977334126,37.799212938837194],[-122.48048606963764,37.79930553142985],[-122.48055551408213,37.79937497587435],[-122.48064810667478,37.799421272170676],[-122.4807638474156,37.79944442031884],[-122.4809027363046,37.79944442031884],[-122.48103005111952,37.799421272170676],[-122.48114579186031,37.79937497587435],[-122.48124995852706,37.79930553142985],[-122.48134255111972,37.799212938837194],[-122.48141199556423,37.799131920318615],[-122.48145829186055,37.799062475874116],[-122.48148144000871,37.799004605503704],[-122.48148144000871,37.79895830920737],[-122.48143514371239,37.79891201291104],[-122.48134255111972,37.79886571661471],[-122.48120366223073,37.79881942031839]]],[[[-122.42657403256119,37.806851827731634],[-122.42638884737589,37.806851827731634],[-122.42627310663507,37.806863401805714],[-122.42622681033872,37.80688654995389],[-122.42624995848689,37.80692127217613],[-122.42634255107956,37.80696756847246],[-122.42643514367222,37.806990716620625],[-122.42652773626486,37.806990716620625],[-122.42662032885752,37.80696756847246],[-122.42671292145019,37.80692127217613],[-122.42673606959836,37.80688654995389],[-122.42668977330202,37.806863401805714],[-122.42657403256119,37.806851827731634]]],[[[-122.46923606962939,37.8045601610633],[-122.4690971807404,37.80451386476697],[-122.46901616222183,37.80450229069288],[-122.46899301407366,37.804525438841054],[-122.46902773629591,37.804583309211466],[-122.46912032888856,37.80467590180413],[-122.46920134740714,37.804733772174544],[-122.46927079185164,37.8047569203227],[-122.46932866222207,37.80474534624862],[-122.46937495851839,37.80469904995229],[-122.46937495851839,37.804652753655965],[-122.46932866222204,37.80460645735963],[-122.46923606962939,37.8045601610633]]],[[[-122.40534718069384,37.8037036795812],[-122.4055786621755,37.8037036795812],[-122.40578699550899,37.80365738328487],[-122.4059721806943,37.80356479069221],[-122.40613421773146,37.803425901803216],[-122.40627310662045,37.8032407166179],[-122.40627310662045,37.80310182772891],[-122.40613421773145,37.803009235136244],[-122.40585643995347,37.80296293883992],[-122.40543977328652,37.80296293883992],[-122.40509255106404,37.80295136476583],[-122.40481477328605,37.80292821661767],[-122.40460643995256,37.80289349439543],[-122.40446755106358,37.802847198099094],[-122.40432866217458,37.802835624025015],[-122.40418977328558,37.80285877217318],[-122.4040508843966,37.80291664254359],[-122.40391199550761,37.80300923513625],[-122.4038541251372,37.80309025365483],[-122.40387727328536,37.80315969809933],[-122.4039814399521,37.803217568469734],[-122.40416662513742,37.803263864766066],[-122.40434023624866,37.80332173513647],[-122.40450227328583,37.80339117958097],[-122.40465273624889,37.80347219809954],[-122.40479162513789,37.80356479069221],[-122.40495366217505,37.803634235136705],[-122.40513884736035,37.80368053143303],[-122.40534718069384,37.8037036795812]]],[[[-122.40798606958467,37.80516201291559],[-122.40812495847365,37.805023124026604],[-122.40818282884406,37.80491895735986],[-122.40815968069592,37.80484951291536],[-122.40805551402917,37.804814790693115],[-122.40787032884383,37.804814790693115],[-122.40773143995484,37.80479164254495],[-122.4076388473622,37.80474534624862],[-122.40759255106586,37.80467590180413],[-122.40759255106586,37.804583309211466],[-122.40748838439912,37.80451386476697],[-122.40728005106563,37.80446756847064],[-122.40696755106539,37.804444420322476],[-122.40655088439844,37.804444420322476],[-122.40626153254638,37.80447914254472],[-122.40609949550921,37.80454858698922],[-122.40606477328696,37.80465275365596],[-122.40615736587962,37.804791642544956],[-122.40628468069453,37.80489580921169],[-122.40644671773167,37.80496525365619],[-122.40664347699108,37.80499997587844],[-122.40687495847274,37.80499997587844],[-122.40708329180623,37.805023124026604],[-122.40726847699153,37.80506942032293],[-122.40743051402869,37.80513886476743],[-122.40756940291769,37.805231457360094],[-122.40770829180667,37.80526617958234],[-122.40784718069567,37.805243031434166],[-122.40798606958467,37.80516201291559]]],[[[-122.46483792147804,37.80282404995093],[-122.46497681036702,37.80273145735827],[-122.46497681036702,37.80266201291377],[-122.46483792147802,37.802615716617446],[-122.46456014370004,37.80259256846928],[-122.46414347703309,37.80259256846928],[-122.46383097703286,37.8025809943952],[-122.46362264369937,37.802557846247026],[-122.46351847703262,37.80252312402478],[-122.46351847703262,37.80247682772845],[-122.46339116221772,37.8024421055062],[-122.4631365325879,37.802418957358036],[-122.46275458814318,37.802407383283956],[-122.46224532888354,37.802407383283956],[-122.46189810666107,37.80243053143212],[-122.46171292147577,37.80247682772845],[-122.46168977332759,37.80254627217295],[-122.46182866221658,37.80263886476561],[-122.46201384740189,37.80270830921011],[-122.46224532888354,37.802754605506436],[-122.46252310666152,37.8027777536546],[-122.46284718073584,37.8027777536546],[-122.46309023629158,37.80278932772869],[-122.46325227332872,37.80281247587685],[-122.4633332918473,37.802847198099094],[-122.4633332918473,37.80289349439543],[-122.46341431036588,37.80292821661767],[-122.46357634740303,37.80295136476583],[-122.46381940295876,37.80296293883992],[-122.46414347703309,37.80296293883992],[-122.46442125481107,37.80293979069175],[-122.46465273629272,37.80289349439543],[-122.46483792147804,37.80282404995093]]],[[[-122.40368051402596,37.80203701291332],[-122.40391199550761,37.80203701291332],[-122.40408560661885,37.80201386476515],[-122.40420134735967,37.801967568468825],[-122.40425921773009,37.801898124024326],[-122.40425921773009,37.80180553143167],[-122.4041897732856,37.80172451291309],[-122.40405088439661,37.8016550684686],[-122.40384255106312,37.801597198098186],[-122.40356477328513,37.80155090180185],[-122.40334486587756,37.80153932772777],[-122.40318282884041,37.80156247587594],[-122.40307866217367,37.80162034624635],[-122.40303236587735,37.80171293883902],[-122.40302079180327,37.80179395735759],[-122.40304393995143,37.80186340180209],[-122.40310181032184,37.80192127217249],[-122.4031944029145,37.801967568468825],[-122.40332171772941,37.802002290691064],[-122.40348375476655,37.80202543883924],[-122.40368051402596,37.80203701291332]]],[[[-122.48743051408714,37.789444420311575],[-122.48756940297612,37.789444420311575],[-122.48771216437598,37.789444420311575],[-122.48785879828674,37.789444420311575],[-122.48800930470836,37.789444420311575],[-122.48816368364083,37.789444420311575],[-122.48828716940342,37.78943284623749],[-122.48837976199607,37.78940969808933],[-122.48844146141882,37.78937497586708],[-122.48847226767165,37.78932867957075],[-122.48858796495392,37.789293957348505],[-122.48878855326565,37.78927080920033],[-122.48907403260684,37.78925923512625],[-122.48944440297748,37.78925923512625],[-122.48974532890364,37.789224512904006],[-122.48997681038529,37.78915506845951],[-122.49013884742244,37.78905090179276],[-122.49023144001511,37.78891201290378],[-122.49026616223736,37.788807846237034],[-122.49024301408919,37.788738401792536],[-122.4901619955706,37.78870367957029],[-122.49002310668162,37.78870367957029],[-122.48990736594078,37.788726827718456],[-122.48981477334812,37.78877312401479],[-122.48974532890362,37.78884256845929],[-122.48969903260732,37.78893516105194],[-122.48950227334791,37.78900460549644],[-122.48915505112542,37.78905090179277],[-122.48865736593987,37.789074049940936],[-122.48800921779126,37.789074049940936],[-122.48752310667979,37.7890971980891],[-122.48719903260547,37.78914349438543],[-122.48703699556832,37.78921293882993],[-122.48703699556832,37.789305531422585],[-122.48704856964241,37.789374975867084],[-122.48707171779056,37.78942127216341],[-122.48710644001281,37.789444420311575],[-122.48715273630916,37.789444420311575],[-122.48722218075365,37.789444420311575],[-122.48731477334631,37.789444420311575],[-122.48743051408714,37.789444420311575]]],[[[-122.49272358691728,37.787777753643695],[-122.49274472132255,37.787777753643695],[-122.49277824683047,37.787777753643695],[-122.49282416344103,37.787777753643695],[-122.49288247115422,37.787777753643695],[-122.49295316997006,37.787777753643695],[-122.49303914385749,37.787766179569616],[-122.49314039281651,37.78774303142144],[-122.49325691684713,37.787708309199196],[-122.49338871594934,37.78766201290287],[-122.49352961547558,37.787638864754705],[-122.49367961542583,37.787638864754705],[-122.4938387158001,37.78766201290287],[-122.49400691659838,37.787708309199196],[-122.49414464127116,37.78775460549553],[-122.49425188981847,37.78780090179186],[-122.49432866224029,37.78784719808819],[-122.49437495853667,37.78789349438452],[-122.49443282890708,37.78792821660676],[-122.49450227335157,37.78795136475493],[-122.49458329187013,37.78796293882901],[-122.49467588446278,37.78796293882901],[-122.49475636118555,37.78796293882901],[-122.49482472203846,37.78796293882901],[-122.49488096702146,37.78796293882901],[-122.49492509613458,37.78796293882901],[-122.4949703088393,37.78795136475493],[-122.49501660513565,37.78792821660676],[-122.49506398502358,37.78789349438452],[-122.49511244850311,37.78784719808819],[-122.49516037018685,37.78780090179186],[-122.49520775007478,37.78775460549553],[-122.49525458816692,37.787708309199196],[-122.49530088446326,37.78766201290287],[-122.49538221383722,37.78761571660654],[-122.49549857628875,37.78756942031021],[-122.49564997181795,37.78752312401388],[-122.49583640042476,37.78747682771755],[-122.49598769590646,37.7874421054953],[-122.49610385826307,37.787418957347136],[-122.49618488749458,37.787407383273056],[-122.49623078360098,37.787407383273056],[-122.4963344393174,37.78743053142122],[-122.4964958546438,37.78747682771755],[-122.49671502958022,37.78754627216205],[-122.49699196412664,37.78763886475471],[-122.49722281318462,37.78771988327328],[-122.49740757675416,37.78778932771778],[-122.49754625483526,37.78784719808819],[-122.49763884742792,37.78789349438452],[-122.49773144002059,37.78793918370885],[-122.49782403261324,37.787984266061194],[-122.4979166252059,37.78802874144155],[-122.49800921779857,37.788072609849905],[-122.49808019703121,37.78810611812817],[-122.49812956290384,37.78812926627633],[-122.49815731541645,37.7881420542944],[-122.49816345456907,37.788144482182375],[-122.49817809821946,37.78814630309836],[-122.49820124636761,37.78814751704235],[-122.49823289901356,37.788148124014334],[-122.49827305615729,37.788148124014334],[-122.49832240090942,37.78815969808842],[-122.49838093326996,37.78818284623658],[-122.49844865323891,37.788217568458826],[-122.49852556081628,37.78826386475516],[-122.4985987368272,37.788298586977405],[-122.49866818127171,37.788321735125564],[-122.49873389414977,37.78833330919965],[-122.4987958754614,37.78833330919965],[-122.49885613229748,37.78834488327373],[-122.49891466465802,37.788368031421896],[-122.49897147254302,37.78840275364414],[-122.4990265559525,37.788449049940475],[-122.49907724580538,37.78848377216272],[-122.49912354210173,37.788506920310894],[-122.4991654448415,37.788518494384974],[-122.49920295402467,37.788518494384974],[-122.49925097479655,37.78853006845905],[-122.4993095071571,37.78855321660723],[-122.4993785511063,37.788587938829465],[-122.4994581066442,37.7886342351258],[-122.49951796164774,37.78866895734804],[-122.49955811611699,37.78869210549621],[-122.49957857005188,37.78870367957029],[-122.49957932345245,37.78870367957029],[-122.4996061075646,37.78869210549621],[-122.4996589223883,37.78866895734804],[-122.4997377679236,37.7886342351258],[-122.49984264417047,37.788587938829465],[-122.50003704209644,37.78853006845906],[-122.50032096170152,37.78846062401456],[-122.5006944029857,37.78837960549598],[-122.50115736594901,37.788287012903325],[-122.50171292150496,37.788217568458826],[-122.50236106965357,37.7881712721625],[-122.50310181039487,37.788148124014334],[-122.50393514372882,37.788148124014334],[-122.50461801409969,37.78814183202229],[-122.50515042150748,37.788129248038196],[-122.5055323659522,37.788110372062064],[-122.50576384743385,37.78808520409388],[-122.50593745854508,37.78806104603571],[-122.50605319928593,37.78803789788755],[-122.50611106965633,37.78801575964939],[-122.50611106965633,37.78799463132123],[-122.50604162521185,37.78794406285287],[-122.50590273632284,37.78786405424431],[-122.50569440298935,37.78775460549553],[-122.50541662521138,37.78761571660654],[-122.50520829187789,37.787488401791634],[-122.50506940298888,37.78737266105081],[-122.5049999585444,37.787268494384065],[-122.5049999585444,37.78717590179141],[-122.50506940298888,37.78709488327283],[-122.50520829187789,37.78702543882833],[-122.50541662521138,37.78696756845792],[-122.50569440298935,37.786921272161585],[-122.50592588447101,37.78682867956893],[-122.50611106965633,37.78668979067994],[-122.50624995854533,37.78650460549462],[-122.50634255113799,37.78627312401297],[-122.50638884743432,37.786099512901735],[-122.50638884743432,37.78598377216091],[-122.50634255113799,37.7859259017905],[-122.50624995854533,37.7859259017905],[-122.50614579187858,37.785960624012745],[-122.50603005113776,37.786030068457244],[-122.50590273632284,37.78613423512398],[-122.50576384743385,37.78627312401297],[-122.50549764372995,37.78637729067971],[-122.50510412521115,37.78644673512421],[-122.50458329187742,37.786481457346454],[-122.50393514372881,37.786481457346454],[-122.5034143103951,37.7865161795687],[-122.50302079187631,37.7865856240132],[-122.5027545881724,37.78668979067994],[-122.50261569928341,37.786828679568934],[-122.50244208817217,37.78695599438384],[-122.50223375483867,37.78707173512466],[-122.50199069928294,37.78717590179141],[-122.50171292150497,37.787268494384065],[-122.5014235696529,37.787337938828564],[-122.50112264372675,37.78738423512489],[-122.50081014372653,37.787407383273056],[-122.50048606965223,37.787407383273056],[-122.50021986594832,37.78743053142122],[-122.50001153261485,37.78747682771755],[-122.49986106965177,37.78754627216205],[-122.49976847705909,37.78763886475471],[-122.49966431039235,37.7877083091992],[-122.49954856965152,37.78775460549553],[-122.49942125483662,37.787777753643695],[-122.49928236594762,37.787777753643695],[-122.49918977335496,37.78774303142145],[-122.49914347705865,37.78767358697695],[-122.49914347705865,37.787569420310206],[-122.49918977335497,37.78743053142122],[-122.49917819928089,37.7873147906804],[-122.49910875483641,37.78722219808773],[-122.49898144002151,37.78715275364324],[-122.49879625483617,37.78710645734691],[-122.49861106965085,37.78702543882834],[-122.49842588446552,37.78690969808751],[-122.4982406992802,37.786759235124435],[-122.4980555140949,37.78657404993912],[-122.49784718076141,37.78643516105012],[-122.49761569927975,37.78634256845747],[-122.49736106964994,37.78629627216114],[-122.49708329187195,37.78629627216114],[-122.49681708816804,37.78630784623522],[-122.49656245853825,37.78633099438339],[-122.49631940298251,37.78636571660563],[-122.49608792150086,37.78641201290196],[-122.49589116224146,37.78646988327237],[-122.4957291252043,37.786539327716866],[-122.4956018103894,37.786620346235445],[-122.49550921779674,37.7867129388281],[-122.49535875483366,37.7867823832726],[-122.49515042150018,37.78682867956893],[-122.49488421779628,37.78685182771709],[-122.49456014372196,37.78685182771709],[-122.49428236594397,37.78684025364301],[-122.49405088446233,37.78681710549485],[-122.49386569927701,37.7867823832726],[-122.49372681038803,37.78673608697627],[-122.49358792149904,37.78671293882811],[-122.49344903261004,37.78671293882811],[-122.49331014372105,37.78673608697627],[-122.49317125483206,37.7867823832726],[-122.49297449557265,37.78681710549485],[-122.49271986594283,37.78684025364301],[-122.49240736594261,37.78685182771709],[-122.49203699557198,37.78685182771709],[-122.491759217794,37.78688654993934],[-122.49157403260868,37.78695599438384],[-122.49148144001602,37.787060161050576],[-122.49148144001602,37.787199049939574],[-122.49150458816419,37.78732636475448],[-122.49155088446051,37.7874421054953],[-122.491620328905,37.78754627216205],[-122.49171292149767,37.78763886475471],[-122.49183487062481,37.7877083091992],[-122.49198617628647,37.78775460549553],[-122.49216683848266,37.787777753643695],[-122.49237685721334,37.787777753643695],[-122.49253965486268,37.787777753643695],[-122.49265523143066,37.787777753643695],[-122.49272358691728,37.787777753643695]],[[-122.5040045881733,37.787569420310206],[-122.50395829187698,37.78743053142122],[-122.50396986595106,37.78732636475448],[-122.50403931039556,37.78725692030998],[-122.50416662521046,37.78722219808773],[-122.50435181039578,37.78722219808773],[-122.50450227335885,37.7872453462359],[-122.50461801409969,37.787291642532225],[-122.50469903261828,37.787361086976716],[-122.5047453289146,37.78745367956938],[-122.50473375484052,37.78753469808796],[-122.50466431039601,37.78760414253246],[-122.5045369955811,37.78766201290287],[-122.50435181039579,37.787708309199196],[-122.50420134743271,37.787708309199196],[-122.50408560669187,37.78766201290287],[-122.5040045881733,37.787569420310206]]],[[[-122.48104162519357,37.78708330919875],[-122.48099532889725,37.786990716606084],[-122.48079856963784,37.786921272161585],[-122.48045134741535,37.78687497586526],[-122.4799536622298,37.78685182771709],[-122.47930551408119,37.78685182771709],[-122.47881940296972,37.78686340179117],[-122.47849532889543,37.78688654993934],[-122.47833329185826,37.786921272161585],[-122.47833329185826,37.78696756845792],[-122.47836801408052,37.787002290680164],[-122.47843745852501,37.78702543882834],[-122.47854162519175,37.78703701290242],[-122.47868051408075,37.78703701290242],[-122.47883097704383,37.78703701290242],[-122.47899301408097,37.78703701290242],[-122.47916662519219,37.78703701290242],[-122.47935181037752,37.78703701290242],[-122.47950227334059,37.78703701290242],[-122.47961801408144,37.78703701290242],[-122.47969903260001,37.78703701290242],[-122.47974532889631,37.78703701290242],[-122.47978005111857,37.787048586976496],[-122.47980319926674,37.78707173512467],[-122.47981477334082,37.78710645734691],[-122.47981477334082,37.78715275364324],[-122.4798957918594,37.78718747586548],[-122.48005782889656,37.78721062401365],[-122.4803008844523,37.78722219808773],[-122.48062495852659,37.78722219808773],[-122.48085644000825,37.78719904993957],[-122.48099532889725,37.78715275364324],[-122.48104162519357,37.78708330919875]]],[[[-122.51078699558568,37.784560161048766],[-122.51106477336364,37.784513864752434],[-122.51130782891939,37.7844675684561],[-122.51151616225289,37.78442127215977],[-122.51168977336411,37.78437497586344],[-122.51182866225311,37.78432867956711],[-122.51195597706803,37.78425923512262],[-122.51207171780882,37.784166642529954],[-122.51217588447557,37.78405090178913],[-122.51226847706823,37.783912012900146],[-122.51233792151274,37.783773124011155],[-122.51238421780906,37.78363423512216],[-122.51240736595723,37.78349534623317],[-122.51240736595723,37.78335645734418],[-122.5123610696609,37.783252290677446],[-122.51226847706823,37.78318284623295],[-122.51212958817923,37.7831481240107],[-122.51194440299393,37.7831481240107],[-122.51178236595678,37.78317127215887],[-122.51164347706778,37.78321756845519],[-122.51152773632695,37.78328701289969],[-122.51143514373429,37.78337960549235],[-122.51131940299346,37.78344904993685],[-122.51118051410448,37.783495346233174],[-122.51101847706732,37.78351849438134],[-122.51083329188201,37.78351849438134],[-122.51061338447444,37.783495346233174],[-122.51035875484462,37.78344904993685],[-122.51006940299256,37.78337960549235],[-122.50974532891824,37.78328701289969],[-122.50947912521434,37.78324071660336],[-122.50927079188087,37.78324071660336],[-122.50912032891779,37.78328701289969],[-122.50902773632512,37.78337960549235],[-122.50895829188063,37.783483772159094],[-122.5089119955843,37.78359951289992],[-122.50888884743614,37.78372682771482],[-122.50888884743614,37.78386571660381],[-122.50883097706573,37.78398145734464],[-122.5087152363249,37.784074049937296],[-122.50854162521367,37.784143494381794],[-122.508310143732,37.78418979067812],[-122.50813653262077,37.78430553141895],[-122.50802079187994,37.78449071660427],[-122.50796292150953,37.78474534623409],[-122.50796292150953,37.78506942030839],[-122.50797449558361,37.78533562401229],[-122.50799764373178,37.78554395734578],[-122.50803236595402,37.78569442030885],[-122.50807866225036,37.78578701290151],[-122.50815968076893,37.78584488327192],[-122.50827542150978,37.78586803142009],[-122.50842588447284,37.785856457346],[-122.50861106965817,37.785810161049675],[-122.50880782891757,37.78571756845702],[-122.50901616225104,37.78557867956802],[-122.50923606965861,37.7853934943827],[-122.50946755114026,37.78516201290105],[-122.50967588447375,37.784976827715724],[-122.50986106965905,37.78483793882674],[-122.51002310669621,37.78474534623408],[-122.51016199558521,37.78469904993775],[-122.51033560669643,37.784652753641424],[-122.51054394002993,37.7846064573451],[-122.51078699558568,37.784560161048766]]],[[[-122.51300921780951,37.78249997586208],[-122.51291662521686,37.78231479067676],[-122.5128240326242,37.78217590178777],[-122.51273144003154,37.78208330919511],[-122.51263884743888,37.782037012898776],[-122.51254625484621,37.782037012898776],[-122.51246523632764,37.78208330919511],[-122.51239579188315,37.78217590178777],[-122.51233792151274,37.78231479067676],[-122.51229162521639,37.78249997586208],[-122.51230319929047,37.78265043882516],[-122.51237264373498,37.78276617956598],[-122.51249995854988,37.78284719808455],[-122.51268514373521,37.782893494380886],[-122.5128356066983,37.782916642529045],[-122.5129513474391,37.782916642529045],[-122.51303236595768,37.782893494380886],[-122.513078662254,37.78284719808455],[-122.51309023632808,37.78276617956598],[-122.51306708817992,37.78265043882516],[-122.51300921780951,37.78249997586208]]],[[[-122.45275458813587,37.780300901786404],[-122.45298606961754,37.78025460549008],[-122.45317125480285,37.78018516104558],[-122.45331014369185,37.780092568452915],[-122.45340273628452,37.77997682771209],[-122.45344903258082,37.77983793882311],[-122.45329856961774,37.77973377215637],[-122.4529513473953,37.77966432771187],[-122.45240736591342,37.779629605489625],[-122.45166662517212,37.779629605489625],[-122.45112264369025,37.77966432771187],[-122.45077542146777,37.77973377215637],[-122.45062495850469,37.77983793882311],[-122.45067125480102,37.77997682771209],[-122.45072912517143,37.780092568452915],[-122.45079856961593,37.78018516104558],[-122.45087958813451,37.78025460549008],[-122.45097218072718,37.780300901786404],[-122.45109949554208,37.78033562400866],[-122.45126153257922,37.780358772156816],[-122.45145829183863,37.7803703462309],[-122.45168977332028,37.7803703462309],[-122.45188653257969,37.7803703462309],[-122.45204856961684,37.7803703462309],[-122.45217588443174,37.7803703462309],[-122.4522684770244,37.7803703462309],[-122.45239579183932,37.780358772156816],[-122.45255782887646,37.78033562400866],[-122.45275458813587,37.780300901786404]]],[[[-122.47571755111562,37.769444420297035],[-122.47594903259727,37.769444420297035],[-122.47614579185667,37.76940969807479],[-122.47630782889381,37.76934025363029],[-122.47643514370873,37.76923608696355],[-122.47652773630139,37.769097198074554],[-122.47653931037547,37.769004605481896],[-122.47646986593097,37.76895830918557],[-122.4763194029679,37.76895830918557],[-122.47608792148625,37.7690046054819],[-122.47583329185645,37.76903932770415],[-122.47555551407845,37.769062475852316],[-122.47525458815231,37.769074049926395],[-122.47493051407801,37.769074049926395],[-122.47471060667044,37.76909719807456],[-122.47459486592962,37.76914349437089],[-122.47458329185552,37.769212938815386],[-122.47467588444819,37.769305531408044],[-122.47478005111492,37.76937497585254],[-122.47489579185574,37.76942127214887],[-122.47502310667066,37.769444420297035],[-122.47516199555965,37.769444420297035],[-122.4753240325968,37.769444420297035],[-122.47550921778215,37.769444420297035],[-122.47571755111562,37.769444420297035]]],[[[-122.43914347701482,37.765902753627785],[-122.43918977331114,37.7657638647388],[-122.43925921775565,37.765659698072064],[-122.43935181034831,37.765590253627565],[-122.43946755108914,37.76555553140532],[-122.43960643997812,37.76555553140532],[-122.43972218071896,37.76553238325715],[-122.43981477331161,37.76548608696083],[-122.4398842177561,37.76541664251633],[-122.43993051405243,37.76532404992366],[-122.43982634738569,37.76526617955325],[-122.43957171775588,37.76524303140509],[-122.439166625163,37.76525460547917],[-122.43861106960702,37.765300901775504],[-122.43820597701412,37.76535877214591],[-122.43795134738431,37.76542821659041],[-122.43784718071757,37.765509235108986],[-122.43789347701392,37.765601827701644],[-122.43799764368066,37.76569442029431],[-122.4381596807178,37.76578701288696],[-122.43837958812537,37.765879605479626],[-122.43865736590337,37.76597219807229],[-122.43887727331094,37.76600692029454],[-122.43903931034808,37.76598377214636],[-122.43914347701482,37.765902753627785]]],[[[-122.45650458813861,37.76270830918102],[-122.4566434770276,37.7626620128847],[-122.45675921776844,37.762604142514284],[-122.4568518103611,37.762534698069786],[-122.4569212548056,37.762453679551214],[-122.45696755110191,37.76236108695855],[-122.45709486591682,37.76229164251405],[-122.4573031992503,37.762245346217725],[-122.45759255110238,37.76222219806956],[-122.45796292147303,37.76222219806956],[-122.4583101436955,37.76222219806956],[-122.4586342177698,37.76222219806956],[-122.45893514369595,37.76222219806956],[-122.45921292147392,37.76222219806956],[-122.45944440295557,37.76219904992139],[-122.4596295881409,37.76215275362507],[-122.45976847702988,37.76208330918057],[-122.45986106962255,37.76199071658791],[-122.45986106962255,37.76192127214341],[-122.45976847702988,37.761874975847086],[-122.45958329184457,37.76185182769892],[-122.45930551406659,37.76185182769892],[-122.45909718073311,37.76180553140259],[-122.45895829184411,37.761712938809936],[-122.45888884739962,37.76157404992094],[-122.45888884739962,37.76138886473562],[-122.45884255110329,37.761226827698465],[-122.45874995851064,37.76108793880948],[-122.45861106962164,37.76097219806866],[-122.45842588443632,37.76087960547599],[-122.45828699554733,37.76077543880925],[-122.45819440295469,37.76065969806842],[-122.45814810665834,37.76053238325352],[-122.45814810665834,37.76039349436452],[-122.45817125480652,37.7602777536237],[-122.45821755110285,37.76018516103104],[-122.45828699554733,37.76011571658655],[-122.45837958813998,37.760069420290215],[-122.45854162517713,37.7600809943643],[-122.45877310665878,37.7601504388088],[-122.45907403258494,37.760277753623704],[-122.45944440295558,37.76046293880902],[-122.45974532888172,37.76060182769801],[-122.45997681036337,37.76069442029067],[-122.46013884740053,37.760740716587],[-122.4602314399932,37.760740716587],[-122.46031245851177,37.760705994364756],[-122.46038190295627,37.76063654992026],[-122.46043977332668,37.76053238325352],[-122.46048606962302,37.76039349436452],[-122.46048606962302,37.760289327697784],[-122.46043977332668,37.760219883253285],[-122.46034718073402,37.76018516103104],[-122.46020829184503,37.76018516103104],[-122.45999995851155,37.76012729066063],[-122.45972218073355,37.7600115499198],[-122.45937495851108,37.759837938808566],[-122.45895829184413,37.75960645732692],[-122.45862264369573,37.75949071658609],[-122.45836801406591,37.75949071658609],[-122.45819440295467,37.75960645732692],[-122.458101810362,37.759837938808566],[-122.45793977332484,37.76003469806797],[-122.45770829184319,37.76019673510512],[-122.45740736591705,37.76032404992003],[-122.45703699554642,37.760416642512695],[-122.45675921776844,37.76055553140168],[-122.45657403258312,37.760740716587],[-122.45648143999045,37.76097219806865],[-122.45648143999045,37.76124997584663],[-122.45644671776822,37.7614698832542],[-122.45637727332372,37.76163192029136],[-122.45627310665698,37.761736086958095],[-122.45613421776798,37.76178238325443],[-122.45603005110124,37.76185182769892],[-122.45596060665675,37.76194442029158],[-122.45592588443449,37.7620601610324],[-122.45592588443449,37.7621990499214],[-122.45594903258267,37.7623263647363],[-122.455995328879,37.76244210547713],[-122.45606477332348,37.76254627214387],[-122.45615736591613,37.76263886473653],[-122.45626153258286,37.76269673510694],[-122.45637727332371,37.76271988325511],[-122.45650458813861,37.76270830918102]]],[[[-122.4481018103547,37.7602777536237],[-122.44819440294737,37.76009256843838],[-122.44819440294737,37.75997682769755],[-122.4481018103547,37.759930531401224],[-122.44791662516937,37.75995367954939],[-122.4476388473914,37.76004627214205],[-122.44745366220607,37.760138864734714],[-122.44736106961341,37.760231457327365],[-122.44736106961341,37.76032404992003],[-122.44745366220609,37.760416642512695],[-122.44754625479875,37.76048608695719],[-122.4476388473914,37.76053238325351],[-122.44773143998407,37.76055553140168],[-122.44782403257673,37.76055553140168],[-122.4479166251694,37.760509235105346],[-122.44800921776203,37.760416642512695],[-122.4481018103547,37.7602777536237]]],[[[-122.47287032889132,37.7598147906604],[-122.47342588444728,37.7598147906604],[-122.47385412518832,37.75979164251223],[-122.47415505111448,37.75974534621591],[-122.47432866222572,37.75967590177141],[-122.47437495852205,37.75958330917875],[-122.47429394000346,37.75951386473425],[-122.47408560666999,37.75946756843793],[-122.4737499585216,37.75944442028976],[-122.47328699555828,37.75944442028976],[-122.4728819029654,37.75943284621568],[-122.47253468074292,37.759409698067515],[-122.47224532889086,37.75937497584527],[-122.4720138474092,37.759328679548936],[-122.47182866222388,37.759270809178524],[-122.4716897733349,37.75920136473403],[-122.47159718074224,37.759120346215454],[-122.47155088444592,37.759027753622796],[-122.47146986592733,37.758969883252384],[-122.4713541251865,37.75894673510422],[-122.47120366222342,37.7589583091783],[-122.4710184770381,37.75900460547463],[-122.47090273629728,37.759050901770955],[-122.47085644000094,37.75909719806729],[-122.47087958814912,37.75914349436362],[-122.47097218074178,37.759189790659946],[-122.47104162518627,37.75923608695628],[-122.4710879214826,37.759282383252604],[-122.47111106963077,37.759328679548936],[-122.47111106963077,37.75937497584527],[-122.47112264370486,37.75943284621568],[-122.47114579185302,37.75950229066017],[-122.47118051407527,37.75958330917875],[-122.47122681037158,37.75967590177141],[-122.47130782889016,37.75974534621591],[-122.471423569631,37.75979164251223],[-122.47157403259408,37.7598147906604],[-122.4717592177794,37.7598147906604],[-122.47203699555737,37.7598147906604],[-122.47240736592802,37.7598147906604],[-122.47287032889132,37.7598147906604]]],[[[-122.46219903258722,37.75893516103014],[-122.46206014369822,37.75884256843747],[-122.46192125480923,37.758773123992974],[-122.46178236592027,37.75872682769665],[-122.46164347703127,37.75870367954848],[-122.46150458814228,37.75870367954848],[-122.46138884740145,37.758680531400316],[-122.4612962548088,37.75863423510399],[-122.46122681036431,37.75856479065949],[-122.46118051406793,37.75847219806683],[-122.46109949554935,37.758402753622335],[-122.46098375480855,37.75835645732601],[-122.46083329184547,37.75833330917784],[-122.46064810666016,37.75833330917784],[-122.460486069623,37.75831016102968],[-122.46034718073402,37.75826386473335],[-122.4602314399932,37.75819442028885],[-122.46013884740053,37.758101827696194],[-122.45995366221521,37.758032383251695],[-122.45967588443723,37.75798608695537],[-122.4593055140666,37.757962938807204],[-122.45884255110329,37.757962938807204],[-122.45849532888082,37.75798608695537],[-122.45826384739918,37.758032383251695],[-122.45814810665834,37.758101827696194],[-122.45814810665834,37.75819442028885],[-122.45820597702877,37.75828701288151],[-122.45832171776956,37.758379605474175],[-122.45849532888082,37.75847219806683],[-122.45872681036246,37.75856479065949],[-122.45893514369594,37.75863423510399],[-122.45912032888128,37.758680531400316],[-122.45928236591843,37.75870367954848],[-122.45942125480742,37.75870367954848],[-122.45954856962234,37.75873840177073],[-122.45966431036314,37.75880784621523],[-122.45976847702988,37.758912012881964],[-122.45986106962255,37.75905090177096],[-122.45997681036337,37.7591550684377],[-122.46011569925236,37.7592245128822],[-122.46027773628951,37.759259235104444],[-122.46046292147486,37.759259235104444],[-122.46060181036384,37.75928238325261],[-122.46069440295649,37.759328679548936],[-122.46074069925282,37.759398123993435],[-122.46074069925282,37.7594907165861],[-122.46078699554916,37.75956016103059],[-122.46087958814181,37.75960645732692],[-122.46101847703079,37.759629605475084],[-122.46120366221614,37.759629605475084],[-122.46135412517921,37.75960645732692],[-122.46146986592001,37.75956016103059],[-122.4615508844386,37.7594907165861],[-122.46159718073491,37.759398123993435],[-122.46166662517942,37.759328679548936],[-122.46175921777208,37.75928238325261],[-122.46187495851291,37.759259235104444],[-122.46201384740189,37.759259235104444],[-122.46212958814273,37.75924766103036],[-122.4622221807354,37.7592245128822],[-122.46229162517989,37.759189790659946],[-122.4623379214762,37.75914349436362],[-122.4623379214762,37.75908562399321],[-122.46229162517987,37.75901617954871],[-122.46219903258722,37.75893516103014]]],[[[-122.47150458814956,37.757222198065925],[-122.47164347703855,37.757222198065925],[-122.47177079185346,37.75719904991776],[-122.47188653259428,37.75715275362143],[-122.47199069926103,37.757083309176934],[-122.4720832918537,37.756990716584276],[-122.47218745852045,37.756944420287944],[-122.47230319926128,37.756944420287944],[-122.47243051407618,37.756990716584276],[-122.47256940296516,37.757083309176934],[-122.47269671778007,37.75712960547327],[-122.47281245852089,37.75712960547327],[-122.47291662518764,37.757083309176934],[-122.4730092177803,37.756990716584276],[-122.4730786622248,37.75689812399162],[-122.47312495852113,37.75680553139895],[-122.47314810666929,37.756712938806295],[-122.47314810666929,37.75662034621364],[-122.47311338444705,37.75653932769506],[-122.47304394000254,37.75646988325057],[-122.47293977333581,37.756412012880155],[-122.47280088444681,37.75636571658382],[-122.47265042148373,37.756342568435656],[-122.47248838444659,37.756342568435656],[-122.47231477333534,37.75636571658382],[-122.47212958815003,37.756412012880155],[-122.47193282889063,37.7564467351024],[-122.47172449555714,37.75646988325057],[-122.47150458814957,37.75648145732465],[-122.47127310666792,37.75648145732465],[-122.47107634740853,37.75649303139873],[-122.47091431037137,37.75651617954689],[-122.47078699555645,37.75655090176914],[-122.47069440296379,37.75659719806547],[-122.47063653259337,37.75666664250996],[-122.47061338444522,37.75675923510262],[-122.4706249585193,37.756874975843445],[-122.47067125481564,37.75701386473244],[-122.47074069926013,37.75711803139918],[-122.47083329185278,37.75718747584368],[-122.47094903259361,37.757222198065925],[-122.4710879214826,37.757222198065925],[-122.4712268103716,37.757222198065925],[-122.47136569926056,37.757222198065925],[-122.47150458814956,37.757222198065925]]],[[[-122.39421292142646,37.75405090176732],[-122.39430551401911,37.75391201287833],[-122.39431708809319,37.75380784621159],[-122.3942476436487,37.753738401767095],[-122.39409718068563,37.75370367954485],[-122.39386569920397,37.75370367954485],[-122.39370366216681,37.753726827693015],[-122.39361106957416,37.75377312398934],[-122.39358792142599,37.75384256843384],[-122.39363421772234,37.753935161026504],[-122.39369208809275,37.754016179545076],[-122.39376153253724,37.754085623989575],[-122.39384255105581,37.75414349435998],[-122.39393514364848,37.75418979065631],[-122.39402773624114,37.754189790656305],[-122.3941203288338,37.75414349435998],[-122.39421292142646,37.75405090176732]]],[[[-122.46173606962392,37.751620346210004],[-122.46178236592024,37.75171293880266],[-122.46186338443883,37.75184025361757],[-122.46197912517965,37.75200229065472],[-122.46212958814272,37.752199049914125],[-122.46231477332805,37.752430531395774],[-122.4624768103652,37.75260414250701],[-122.4626156992542,37.752719883247835],[-122.46273143999503,37.75277775361825],[-122.46282403258768,37.75277775361825],[-122.46291662518033,37.75281247584049],[-122.46300921777302,37.75288192028499],[-122.46310181036567,37.75298608695173],[-122.46319440295832,37.75312497584073],[-122.4632638474028,37.75324071658155],[-122.46331014369913,37.75333330917421],[-122.4633332918473,37.7534027536187],[-122.4633332918473,37.753449049915034],[-122.46334486592139,37.75348377213727],[-122.46336801406954,37.753506920285446],[-122.46340273629178,37.753518494359525],[-122.46344903258813,37.753518494359525],[-122.46351847703262,37.75349534621136],[-122.46361106962529,37.753449049915034],[-122.46372681036611,37.75337960547054],[-122.4638656992551,37.75328701287788],[-122.46396986592184,37.75319442028521],[-122.46403931036633,37.75310182769256],[-122.46407403258858,37.753009235099896],[-122.46407403258858,37.75291664250724],[-122.46403931036633,37.75281247584049],[-122.46396986592184,37.75269673509967],[-122.4638656992551,37.752569420284765],[-122.46372681036611,37.752430531395774],[-122.46357634740303,37.75231479065495],[-122.46341431036588,37.75222219806229],[-122.46324069925464,37.75215275361779],[-122.46305551406931,37.75210645732147],[-122.46291662518033,37.752048586951055],[-122.46282403258768,37.751979142506556],[-122.46277773629134,37.751898123987985],[-122.46277773629134,37.75180553139532],[-122.4627430140691,37.75172451287674],[-122.46267356962461,37.75165506843224],[-122.46256940295787,37.75159719806184],[-122.46243051406887,37.751550901765505],[-122.46231477332805,37.75148145732101],[-122.4622221807354,37.751388864728355],[-122.4621527362909,37.75127312398753],[-122.46210643999456,37.75113423509853],[-122.46203699555006,37.751041642505875],[-122.4619444029574,37.75099534620955],[-122.46182866221658,37.75099534620954],[-122.46168977332759,37.751041642505875],[-122.46159718073494,37.75109951287628],[-122.4615508844386,37.75116895732078],[-122.4615508844386,37.75124997583936],[-122.46159718073491,37.75134256843202],[-122.46164347703125,37.75143516102469],[-122.46168977332759,37.75152775361734],[-122.46173606962392,37.751620346210004]]],[[[-122.4571758844354,37.750810161024226],[-122.45726847702807,37.75085645732056],[-122.45740736591705,37.75090275361689],[-122.45759255110238,37.75094904991322],[-122.45782403258403,37.75099534620954],[-122.458101810362,37.751041642505875],[-122.45833329184364,37.75109951287628],[-122.45851847702899,37.75116895732078],[-122.45865736591797,37.75124997583936],[-122.45874995851062,37.75134256843202],[-122.45885412517737,37.75141201287652],[-122.45896986591819,37.75145830917285],[-122.45909718073311,37.75148145732101],[-122.4592360696221,37.75148145732101],[-122.45927079184435,37.7514235869506],[-122.45920134739985,37.75130784620978],[-122.45902773628862,37.75113423509854],[-122.45874995851064,37.750902753616884],[-122.45849532888082,37.75071756843157],[-122.45826384739917,37.75057867954257],[-122.45805551406569,37.75048608694991],[-122.45787032888035,37.75043979065359],[-122.45761569925054,37.750405068431334],[-122.45729162517624,37.750381920283175],[-122.45689810665743,37.75037034620909],[-122.45643514369412,37.75037034620909],[-122.45607634739756,37.750381920283175],[-122.45582171776775,37.750405068431334],[-122.45567125480467,37.75043979065359],[-122.45562495850834,37.75048608694991],[-122.45563653258242,37.750532383246245],[-122.45570597702691,37.75057867954258],[-122.45583329184181,37.7506249758389],[-122.45601847702716,37.750671272135236],[-122.45620366221247,37.750705994357475],[-122.45638884739779,37.75072914250565],[-122.45657403258312,37.75074071657973],[-122.45675921776844,37.75074071657973],[-122.4569212548056,37.75075229065381],[-122.45706014369458,37.75077543880198],[-122.4571758844354,37.750810161024226]]],[[[-122.40550921773101,37.7484490499114],[-122.40523143995301,37.74840275361507],[-122.40499995847136,37.74837960546691],[-122.40481477328606,37.74837960546691],[-122.40467588439707,37.74840275361507],[-122.4045832918044,37.7484490499114],[-122.40452542143399,37.748495346207726],[-122.40450227328583,37.74854164250406],[-122.40451384735991,37.74858793880039],[-122.40456014365623,37.748634235096716],[-122.40467588439705,37.74866895731897],[-122.40486106958237,37.74869210546713],[-122.40511569921219,37.748703679541215],[-122.40543977328652,37.748703679541215],[-122.40568282884225,37.74869210546713],[-122.4058448658794,37.74866895731897],[-122.40592588439797,37.748634235096716],[-122.40592588439797,37.74858793880039],[-122.40585643995348,37.74854164250406],[-122.40571755106448,37.748495346207726],[-122.40550921773101,37.7484490499114]]],[[[-122.44194440294278,37.74826386472608],[-122.44212958812813,37.748217568429745],[-122.44229162516527,37.74815969805933],[-122.44243051405427,37.74809025361484],[-122.44254625479509,37.74800923509626],[-122.44263884738774,37.747916642503604],[-122.44266199553591,37.747847198059105],[-122.44261569923958,37.74780090176278],[-122.44249995849876,37.74777775361461],[-122.44231477331344,37.74777775361461],[-122.44215273627628,37.74780090176278],[-122.4420138473873,37.747847198059105],[-122.44189810664648,37.747916642503604],[-122.4418055140538,37.74800923509626],[-122.44159718072031,37.74807867954076],[-122.44127310664601,37.74812497583709],[-122.44083329183087,37.74814812398525],[-122.44027773627491,37.74814812398525],[-122.43982634738569,37.74817127213342],[-122.4394791251632,37.748217568429745],[-122.43923606960747,37.74828701287424],[-122.4390971807185,37.74837960546691],[-122.43916662516301,37.7484490499114],[-122.43944440294098,37.748495346207726],[-122.43993051405243,37.74851849435589],[-122.44062495849738,37.74851849435589],[-122.44114579183109,37.74850692028181],[-122.44149301405358,37.74848377213364],[-122.44166662516481,37.7484490499114],[-122.44166662516481,37.74840275361507],[-122.44171292146115,37.74835645731874],[-122.4418055140538,37.74831016102241],[-122.44194440294278,37.74826386472608]]],[[[-122.43351847701072,37.74171293879539],[-122.43351847701072,37.74162034620272],[-122.43346060664032,37.74155090175823],[-122.43334486589947,37.741504605461905],[-122.43317125478825,37.74148145731374],[-122.4329397733066,37.74148145731374],[-122.43276616219535,37.741516179535985],[-122.43265042145453,37.741585623980484],[-122.43259255108411,37.74168979064723],[-122.43259255108411,37.74182867953621],[-122.43263884738045,37.74192127212888],[-122.4327314399731,37.7419675684252],[-122.4328703288621,37.7419675684252],[-122.43305551404741,37.74192127212888],[-122.43320597701049,37.741886549906624],[-122.43332171775128,37.741863401758465],[-122.43340273626987,37.74185182768438],[-122.43344903256624,37.74185182768438],[-122.43348375478848,37.74182867953621],[-122.43350690293664,37.74178238323989],[-122.43351847701072,37.74171293879539]]],[[[-122.44668977331663,37.742893494351804],[-122.44682866220562,37.74284719805547],[-122.44693282887236,37.74277775361098],[-122.44700227331685,37.74268516101832],[-122.44703699553911,37.7425694202775],[-122.44703699553911,37.7424305313885],[-122.44693282887236,37.74234951286992],[-122.44672449553887,37.74232636472176],[-122.44641199553864,37.74236108694401],[-122.44599532887169,37.742453679536666],[-122.44568282887145,37.742534698055245],[-122.44547449553797,37.74260414249974],[-122.44537032887122,37.74266201287015],[-122.44537032887122,37.74270830916648],[-122.4453934770194,37.74274303138873],[-122.44543977331571,37.7427661795369],[-122.44550921776022,37.74277775361098],[-122.44560181035288,37.74277775361098],[-122.44567125479738,37.74278932768506],[-122.44571755109371,37.74281247583323],[-122.44574069924187,37.74284719805547],[-122.44574069924187,37.742893494351804],[-122.4457869955382,37.74292821657404],[-122.44587958813085,37.74295136472222],[-122.44601847701983,37.742962938796296],[-122.44620366220516,37.742962938796296],[-122.4463772733164,37.74295136472222],[-122.44653931035356,37.74292821657404],[-122.44668977331663,37.742893494351804]]],[[[-122.43590273627171,37.742962938796296],[-122.43576384738273,37.742962938796296],[-122.43567125479007,37.742974512870376],[-122.43562495849372,37.74299766101855],[-122.43562495849372,37.743032383240795],[-122.43567125479007,37.74307867953712],[-122.43572912516048,37.74310182768529],[-122.43579856960497,37.74310182768529],[-122.43587958812356,37.74307867953712],[-122.4359721807162,37.743032383240795],[-122.43600690293846,37.74299766101855],[-122.4359837547903,37.742974512870376],[-122.43590273627171,37.742962938796296]]],[[[-122.44342588442535,37.74030090175733],[-122.44324069924004,37.740254605461],[-122.44309023627696,37.740196735090585],[-122.44297449553616,37.740127290646086],[-122.44289347701758,37.74004627212751],[-122.44284718072123,37.73995367953485],[-122.44292819923982,37.73988423509035],[-122.44313653257329,37.739837938794025],[-122.44347218072168,37.73981479064586],[-122.443935143685,37.73981479064586],[-122.44428236590747,37.73979164249769],[-122.44451384738912,37.73974534620137],[-122.44462958812994,37.73967590175687],[-122.44462958812994,37.7395833091642],[-122.4445948659077,37.73950229064563],[-122.4445254214632,37.73943284620113],[-122.44442125479645,37.73937497583073],[-122.44428236590747,37.739328679534395],[-122.44413190294438,37.73929395731216],[-122.44396986590723,37.73927080916398],[-122.443796254796,37.739259235089904],[-122.44361106961068,37.739259235089904],[-122.44342588442535,37.73928238323807],[-122.44324069924004,37.739328679534395],[-122.44305551405472,37.739398123978894],[-122.44287032886939,37.73949071657155],[-122.44269671775817,37.73956016101605],[-122.44253468072102,37.73960645731238],[-122.44238421775795,37.73962960546054],[-122.44224532886895,37.73962960546054],[-122.4421411622022,37.73967590175687],[-122.44207171775771,37.73976849434953],[-122.44203699553546,37.739907383238524],[-122.44203699553546,37.74009256842384],[-122.44206014368363,37.74024303138692],[-122.44210643997997,37.74035877212774],[-122.44217588442444,37.74043979064631],[-122.4422684770171,37.740486086942646],[-122.44241893998017,37.74052080916489],[-122.44262727331366,37.74054395731305],[-122.44289347701755,37.74055553138714],[-122.44321755109189,37.74055553138714],[-122.44346060664762,37.74054395731305],[-122.44362264368476,37.74052080916489],[-122.44370366220335,37.740486086942646],[-122.44370366220335,37.74043979064631],[-122.44365736590701,37.74039349434999],[-122.44356477331435,37.74034719805366],[-122.44342588442535,37.74030090175733]]],[[[-122.43456014367814,37.741157383239425],[-122.43451384738181,37.741064790646774],[-122.43437495849282,37.74096062398003],[-122.43414347701118,37.7408448832392],[-122.43381940293686,37.74071756842429],[-122.4334027362699,37.740578679535304],[-122.43304393997333,37.740428216572234],[-122.43274301404719,37.740266179535084],[-122.43249995849146,37.74009256842384],[-122.43231477330613,37.739907383238524],[-122.4321411621949,37.73979164249769],[-122.43197912515774,37.73974534620137],[-122.43182866219466,37.73976849434953],[-122.43168977330568,37.7398610869422],[-122.43159718071303,37.73999997583118],[-122.43155088441668,37.740185161016505],[-122.43155088441668,37.740416642498154],[-122.43159718071303,37.74069442027613],[-122.43168977330568,37.7409143276837],[-122.43182866219468,37.74107636472085],[-122.43201384737999,37.74118053138759],[-122.43224532886164,37.741226827683924],[-122.43244208812105,37.74123840175801],[-122.43260412515819,37.74121525360984],[-122.43273143997311,37.741157383239425],[-122.43282403256576,37.741064790646774],[-122.43296292145475,37.740995346202276],[-122.43314810664009,37.74094904990594],[-122.43337958812174,37.74092590175778],[-122.4336573658997,37.74092590175778],[-122.43388884738135,37.74094904990594],[-122.43407403256668,37.740995346202276],[-122.43421292145567,37.741064790646774],[-122.43430551404833,37.741157383239425],[-122.43438653256692,37.741226827683924],[-122.4344559770114,37.74127312398026],[-122.43451384738181,37.74129627212842],[-122.43456014367814,37.74129627212842],[-122.4345832918263,37.74127312398026],[-122.4345832918263,37.741226827683924],[-122.43456014367814,37.741157383239425]]],[[[-122.48988421779262,37.7360879387913],[-122.48993051408897,37.73594904990231],[-122.48991894001489,37.735821735087406],[-122.48984949557038,37.73570599434658],[-122.48972218075546,37.73560182767984],[-122.48953699557015,37.73550923508718],[-122.48924764371807,37.73543979064268],[-122.48885412519928,37.735393494346354],[-122.48835644001373,37.73537034619819],[-122.48775458816144,37.73537034619819],[-122.48730319927222,37.73535877212411],[-122.48700227334608,37.73533562397594],[-122.486851810383,37.735300901753696],[-122.486851810383,37.735254605457364],[-122.48677079186443,37.73521988323512],[-122.48660875482727,37.735196735086944],[-122.48636569927154,37.735185161012865],[-122.48604162519722,37.735185161012865],[-122.48574069927108,37.735196735086944],[-122.48546292149308,37.73521988323512],[-122.48520829186327,37.735254605457364],[-122.48497681038162,37.735300901753696],[-122.48476847704815,37.73535877212411],[-122.48458329186283,37.7354282165686],[-122.48442125482568,37.73550923508718],[-122.48428236593669,37.73560182767984],[-122.48410875482546,37.735671272124335],[-122.48390042149197,37.73571756842066],[-122.48365736593624,37.73574071656883],[-122.48337958815826,37.73574071656883],[-122.48312495852844,37.73575229064291],[-122.48289347704679,37.73577543879108],[-122.4826851437133,37.73581016101332],[-122.48249995852797,37.73585645730965],[-122.48230319926857,37.73589117953189],[-122.48209486593507,37.735914327680064],[-122.48187495852751,37.73592590175414],[-122.48164347704586,37.73592590175414],[-122.48144671778645,37.73590275360598],[-122.48128468074931,37.73585645730965],[-122.4811573659344,37.73578701286516],[-122.48106477334174,37.735694420272495],[-122.48091431037867,37.735624975827996],[-122.48070597704518,37.73557867953167],[-122.48043977334129,37.735555531383504],[-122.48011569926697,37.735555531383504],[-122.479837921489,37.73553238323534],[-122.47960644000734,37.73548608693901],[-122.47942125482201,37.73541664249451],[-122.47928236593303,37.735324049901855],[-122.47913190296995,37.73527775360552],[-122.4789698659328,37.73527775360552],[-122.47879625482156,37.735324049901855],[-122.47861106963624,37.73541664249451],[-122.47854162519175,37.73550923508718],[-122.4785879214881,37.73560182767983],[-122.47874995852524,37.735694420272495],[-122.47902773630321,37.73578701286516],[-122.47930551408118,37.73585645730965],[-122.47958329185917,37.73590275360598],[-122.47986106963717,37.73592590175414],[-122.48013884741513,37.73592590175414],[-122.4803703288968,37.73594904990231],[-122.48055551408211,37.735995346198635],[-122.4806944029711,37.73606479064313],[-122.48078699556375,37.73615738323579],[-122.48100690297132,37.73622682768029],[-122.4813541251938,37.736273123976616],[-122.48182866223118,37.73629627212478],[-122.48243051408348,37.73629627212478],[-122.4829397733431,37.7362846980507],[-122.48335644001007,37.73626154990254],[-122.48368051408438,37.73622682768029],[-122.48391199556605,37.73618053138396],[-122.48412032889954,37.736122661013546],[-122.48430551408484,37.736053216569054],[-122.484467551122,37.735972198050476],[-122.48460644001099,37.73587960545782],[-122.48496523630754,37.73581016101332],[-122.48554394001168,37.73576386471699],[-122.48634255112337,37.73574071656883],[-122.48736106964263,37.73574071656883],[-122.4881828289025,37.73577543879107],[-122.48880782890295,37.73584488323557],[-122.48923606964401,37.73594904990231],[-122.48946755112566,37.7360879387913],[-122.48965273631097,37.73615738323579],[-122.48979162519997,37.73615738323579],[-122.48988421779262,37.7360879387913]]],[[[-122.4904397733486,37.73689812397707],[-122.4904860696449,37.73680553138441],[-122.4904860696449,37.736724512865834],[-122.4904397733486,37.736655068421335],[-122.49034718075593,37.73659719805093],[-122.49020829186694,37.7365509017546],[-122.49012727334836,37.736550901754605],[-122.49010412520019,37.73659719805093],[-122.49013884742244,37.736689790643595],[-122.49023144001511,37.73682867953258],[-122.49031245853368,37.73690969805115],[-122.49038190297819,37.73693284619932],[-122.4904397733486,37.73689812397707]]],[[[-122.3966897732801,37.73585645730965],[-122.3968286621691,37.73581016101332],[-122.3968865325395,37.73576386471699],[-122.39686338439135,37.73571756842066],[-122.39675921772461,37.73567127212433],[-122.39657403253929,37.735624975827996],[-122.39642356957621,37.735567105457584],[-122.39630782883539,37.73549766101309],[-122.39622681031682,37.73541664249451],[-122.39618051402047,37.735324049901855],[-122.39609949550189,37.73525460545736],[-122.39598375476109,37.73520830916103],[-122.39583329179801,37.735185161012865],[-122.3956481066127,37.735185161012865],[-122.39546292142737,37.735173586938785],[-122.39527773624205,37.73515043879061],[-122.39509255105673,37.73511571656837],[-122.39490736587139,37.73506942027204],[-122.39472218068607,37.735011549901635],[-122.39453699550077,37.73494210545714],[-122.39435181031544,37.734861086938565],[-122.39416662513013,37.7347684943459],[-122.39406245846338,37.7347684943459],[-122.39403931031521,37.73486108693855],[-122.39409718068563,37.735046272123874],[-122.39423606957462,37.735324049901855],[-122.39435181031544,37.73553238323534],[-122.3944444029081,37.735671272124335],[-122.39451384735261,37.73574071656883],[-122.39456014364893,37.73574071656883],[-122.39459486587118,37.73575229064291],[-122.39461801401933,37.73577543879108],[-122.39462958809342,37.73581016101332],[-122.39462958809342,37.73585645730965],[-122.3946411621675,37.73589117953189],[-122.39466431031568,37.735914327680064],[-122.39469903253791,37.73592590175414],[-122.39474532883425,37.73592590175414],[-122.39482634735282,37.735914327680064],[-122.39494208809364,37.73589117953189],[-122.39509255105672,37.73585645730965],[-122.39527773624204,37.73581016101332],[-122.39547449550145,37.73578701286516],[-122.39568282883494,37.73578701286516],[-122.3959027362425,37.73581016101332],[-122.39613421772415,37.73585645730965],[-122.39634255105764,37.73587960545781],[-122.39652773624294,37.73587960545781],[-122.3966897732801,37.73585645730965]]],[[[-122.4394212547928,37.734513864716085],[-122.43965273627445,37.73456016101241],[-122.43984949553386,37.73458330916058],[-122.440011532571,37.73458330916058],[-122.44013884738592,37.73456016101241],[-122.44023143997859,37.734513864716085],[-122.44025458812675,37.734444420271586],[-122.44020829183043,37.73435182767892],[-122.4400925510896,37.7342360869381],[-122.43990736590428,37.73409719804911],[-122.4396874584967,37.73399303138237],[-122.4394328288669,37.73392358693787],[-122.43914347701482,37.733888864715624],[-122.43881940294051,37.733888864715624],[-122.43858792145886,37.73391201286379],[-122.43844903256988,37.73395830916012],[-122.43840273627356,37.73402775360462],[-122.43844903256988,37.73412034619727],[-122.43849532886621,37.73418979064177],[-122.43854162516254,37.734236086938104],[-122.43858792145886,37.73425923508627],[-122.4386342177552,37.73425923508627],[-122.43866893997745,37.73427080916035],[-122.43869208812559,37.73429395730852],[-122.43870366219969,37.73432867953076],[-122.43870366219969,37.734374975827095],[-122.43872681034784,37.73440969804933],[-122.43877310664416,37.73443284619751],[-122.43884255108867,37.734444420271586],[-122.43893514368135,37.734444420271586],[-122.43906245849625,37.734455994345666],[-122.43922449553341,37.73447914249384],[-122.4394212547928,37.734513864716085]]],[[[-122.48777773630961,37.726597198043656],[-122.48777773630961,37.72655090174732],[-122.48770829186512,37.72652775359916],[-122.48756940297612,37.72652775359916],[-122.48736106964263,37.72655090174732],[-122.48708329186465,37.726597198043656],[-122.486851810383,37.72660877211774],[-122.48666662519769,37.72658562396958],[-122.48652773630869,37.726527753599164],[-122.48643514371604,37.726435161006506],[-122.48628468075296,37.72635414248793],[-122.48607634741947,37.726284698043436],[-122.48581014371558,37.726226827673024],[-122.48548606964127,37.72618053137669],[-122.48525458815962,37.726168957302605],[-122.48511569927064,37.72619210545077],[-122.4850694029743,37.72624997582118],[-122.48511569927061,37.72634256841384],[-122.48520829186327,37.726435161006506],[-122.48534718075227,37.72652775359916],[-122.48553236593759,37.72662034619182],[-122.48576384741925,37.72671293878449],[-122.48604162519723,37.72678238322898],[-122.48636569927154,37.726828679525305],[-122.48673606964219,37.72685182767347],[-122.48715273630914,37.72685182767347],[-122.48746523630938,37.72684025359939],[-122.48767356964287,37.72681710545122],[-122.48777773630961,37.72678238322898],[-122.48777773630961,37.72673608693265],[-122.48777773630961,37.72668979063632],[-122.48777773630961,37.72664349433999],[-122.48777773630961,37.726597198043656]]],[[[-122.48900458816237,37.726597198043656],[-122.48895829186603,37.72655090174732],[-122.48892356964379,37.72652775359916],[-122.48890042149561,37.72652775359916],[-122.48888884742153,37.72655090174732],[-122.48888884742153,37.726597198043656],[-122.48890042149561,37.7266319202659],[-122.48892356964379,37.726655068414075],[-122.48895829186603,37.726666642488155],[-122.48900458816237,37.726666642488155],[-122.48902773631053,37.726655068414075],[-122.48902773631053,37.7266319202659],[-122.48900458816237,37.726597198043656]]],[[[-122.39388884735214,37.71796293877812],[-122.39425921772278,37.71796293877812],[-122.39454856957482,37.717939790629956],[-122.39475690290831,37.71789349433363],[-122.39488421772322,37.71782404988913],[-122.39493051401959,37.71773145729647],[-122.39499995846408,37.717662012851974],[-122.39509255105673,37.71761571655565],[-122.39520829179756,37.71759256840748],[-122.39534718068656,37.71759256840748],[-122.39546292142738,37.71755784618524],[-122.39555551402003,37.71748840174074],[-122.39562495846454,37.717384235074],[-122.39567125476084,37.717245346185],[-122.39574069920533,37.7171180313701],[-122.395833291798,37.717002290629274],[-122.39594903253884,37.71689812396253],[-122.39608792142782,37.71680553136987],[-122.39622681031682,37.71673608692537],[-122.39636569920582,37.71668979062905],[-122.3965045880948,37.71666664248088],[-122.39664347698378,37.71666664248088],[-122.39677079179869,37.716631920258635],[-122.39688653253951,37.716562475814136],[-122.39699069920626,37.7164583091474],[-122.39708329179892,37.71631942025841],[-122.397094865873,37.716203679517584],[-122.39702542142851,37.716111086924926],[-122.39687495846543,37.71604164248043],[-122.39664347698378,37.715995346184094],[-122.39642356957623,37.71596062396185],[-122.39621523624272,37.71593747581368],[-122.39601847698333,37.7159259017396],[-122.395833291798,37.7159259017396],[-122.39571755105717,37.71597219803593],[-122.39567125476086,37.71606479062859],[-122.39569440290902,37.716203679517584],[-122.39578699550168,37.7163888647029],[-122.39581014364985,37.71653932766598],[-122.3957638473535,37.7166550684068],[-122.39564810661268,37.71673608692538],[-122.39546292142737,37.716782383221705],[-122.39528931031613,37.716863401740284],[-122.39512727327897,37.71697914248111],[-122.3949768103159,37.717129605444185],[-122.39483792142691,37.7173147906295],[-122.39466431031568,37.7174536795185],[-122.39445597698217,37.71754627211115],[-122.39421292142644,37.71759256840748],[-122.39393514364846,37.71759256840748],[-122.39370366216681,37.71754627211115],[-122.3935184769815,37.7174536795185],[-122.39337958809251,37.7173147906295],[-122.39328699549985,37.717129605444185],[-122.39313653253679,37.716932846184775],[-122.3929281992033,37.7167245128513],[-122.3926619954994,37.71650460544373],[-122.39233792142508,37.716273123962075],[-122.39207171772118,37.71607636470267],[-122.3918633843877,37.71591432766552],[-122.39171292142463,37.71578701285061],[-122.39162032883196,37.715694420257954],[-122.39156245846155,37.71559025359121],[-122.39153931031339,37.715474512850385],[-122.39155088438747,37.71534719803548],[-122.3915971806838,37.71520830914649],[-122.3915971806838,37.715092568405666],[-122.39155088438746,37.71499997581301],[-122.3914582917948,37.71493053136851],[-122.39131940290581,37.714884235072184],[-122.39119208809089,37.714814790627685],[-122.3910763473501,37.71472219803502],[-122.39097218068335,37.714606457294195],[-122.39087958809068,37.71446756840521],[-122.39076384734986,37.71434025359031],[-122.39062495846088,37.71422451284948],[-122.39046292142372,37.71412034618274],[-122.3902777362384,37.714027753590074],[-122.39006940290491,37.71396988321966],[-122.38983792142325,37.7139467350715],[-122.38958329179343,37.71395830914558],[-122.38930551401548,37.714004605441914],[-122.38909718068199,37.71405090173824],[-122.38895829179299,37.71409719803457],[-122.3888888473485,37.714143494330905],[-122.3888888473485,37.71418979062724],[-122.38906245845973,37.71439812396072],[-122.38940968068222,37.714768494331366],[-122.38993051401593,37.715300901739155],[-122.39062495846088,37.7159953461841],[-122.39118051401682,37.71651617951781],[-122.39159718068379,37.716863401740284],[-122.39187495846178,37.71703701285152],[-122.39201384735077,37.71703701285152],[-122.392187458462,37.71709488322193],[-122.39239579179551,37.71721062396276],[-122.39263884735124,37.71738423507399],[-122.3929166251292,37.71761571655564],[-122.39321755105536,37.71778932766688],[-122.39354162512967,37.7179050684077],[-122.39388884735214,37.71796293877812]]],[[[-122.4777082918578,37.713564790626776],[-122.47766199556148,37.71347219803411],[-122.47758097704289,37.71340275358962],[-122.4774652363021,37.713356457293294],[-122.47731477333902,37.71333330914513],[-122.47712958815367,37.71333330914513],[-122.47699069926469,37.713356457293294],[-122.47689810667204,37.71340275358962],[-122.4768518103757,37.71347219803411],[-122.4768518103757,37.713564790626776],[-122.47690968074612,37.713634235071275],[-122.47702542148694,37.7136805313676],[-122.47719903259818,37.71370367951577],[-122.47743051407983,37.71370367951577],[-122.47759255111698,37.7136805313676],[-122.47768514370964,37.713634235071275],[-122.4777082918578,37.713564790626776]]],[[[-122.42687495848735,37.709930531364876],[-122.42701384737633,37.70988423506854],[-122.42709486589492,37.70981479062405],[-122.42711801404309,37.709722198031386],[-122.42708329182084,37.70960645729056],[-122.42699069922817,37.70946756840158],[-122.4269096807096,37.70937497580891],[-122.42684023626511,37.70932867951259],[-122.4267823658947,37.70932867951259],[-122.42673606959835,37.70937497580891],[-122.4266434770057,37.709409698031166],[-122.4265045881167,37.709432846179325],[-122.42631940293138,37.70944442025341],[-122.42608792144974,37.70944442025341],[-122.42585643996807,37.70949071654974],[-122.42562495848644,37.7095833091424],[-122.42539347700477,37.70972219803139],[-122.42516199552313,37.70990738321671],[-122.42503468070822,37.71005784617979],[-122.42501153256006,37.71017358692061],[-122.42509255107863,37.71025460543919],[-122.42527773626395,37.710300901735515],[-122.42542819922703,37.7103124758096],[-122.42554393996785,37.71028932766143],[-122.42562495848642,37.710231457291016],[-122.42567125478276,37.710138864698365],[-122.42576384737542,37.710069420253866],[-122.42590273626442,37.710023123957534],[-122.42608792144974,37.70999997580937],[-122.42631940293138,37.70999997580937],[-122.42652773626486,37.70998840173529],[-122.42671292145019,37.709965253587114],[-122.42687495848735,37.709930531364876]]],[[[-122.47842588445093,37.80097219809773],[-122.4782406992656,37.800879605505074],[-122.47807866222843,37.80084488328282],[-122.47793977333944,37.800868031430994],[-122.47782403259863,37.800949049949566],[-122.47773144000597,37.80108793883855],[-122.47773144000598,37.801192105505294],[-122.47782403259865,37.80126154994979],[-122.47800921778396,37.80129627217204],[-122.47828699556194,37.80129627217204],[-122.47849532889542,37.80128469809796],[-122.47863421778442,37.801261549949785],[-122.47870366222891,37.80122682772755],[-122.47870366222891,37.801180531431214],[-122.47865736593258,37.80112266106081],[-122.47856477333991,37.80105321661631],[-122.47842588445093,37.80097219809773]]],[[[-122.44740736590975,37.7941203462409],[-122.44740736590975,37.79402775364824],[-122.44736590039358,37.79395830920374],[-122.4472829693612,37.79391201290741],[-122.44715857281264,37.793888864759246],[-122.4469927107479,37.793888864759246],[-122.44688663156737,37.79392358698149],[-122.44684033527102,37.79399303142599],[-122.4468538218589,37.79409719809273],[-122.44692709133099,37.794236086981726],[-122.44700519158322,37.794328679574384],[-122.44708812261558,37.79437497587071],[-122.44717588442809,37.79437497587071],[-122.44726847702077,37.794328679574384],[-122.44733792146528,37.79427080920397],[-122.4473842177616,37.79420136475947],[-122.44740736590975,37.7941203462409]]],[[[-122.50680551410127,37.783634235122165],[-122.5065277363233,37.78358793882583],[-122.50628468076758,37.78357636475175],[-122.50607634743409,37.78359951289992],[-122.50590273632284,37.78365738327033],[-122.50576384743385,37.78374997586299],[-122.50576384743385,37.78381942030749],[-122.50590273632284,37.78386571660381],[-122.50618051410083,37.78388886475198],[-122.50659718076778,37.78388886475198],[-122.50690968076802,37.78387729067789],[-122.50711801410151,37.783854142529734],[-122.50722218076825,37.78381942030748],[-122.50722218076825,37.783773124011155],[-122.50715273632375,37.78372682771482],[-122.50701384743476,37.78368053141849],[-122.50680551410127,37.783634235122165]]],[[[-122.44152773627582,37.768703679555756],[-122.44180551405381,37.768703679555756],[-122.44200227331321,37.768645809185344],[-122.44211801405403,37.76853006844452],[-122.44215273627628,37.76835645733328],[-122.44210643997995,37.76812497585163],[-122.44202542146138,37.76796293881447],[-122.44190968072056,37.76787034622181],[-122.44175921775748,37.767847198073646],[-122.44157403257216,37.76789349436998],[-122.44140042146093,37.76796293881448],[-122.44123838442377,37.76805553140713],[-122.44108792146069,37.76817127214795],[-122.44094903257171,37.76831016103695],[-122.44086801405312,37.768425901777775],[-122.44084486590495,37.76851849437043],[-122.4408795881272,37.76858793881493],[-122.44097218071987,37.76863423511126],[-122.44111106960887,37.7686689573335],[-122.44129625479417,37.768692105481676],[-122.44152773627582,37.768703679555756]]],[[[-122.44613421776067,37.763680531403956],[-122.44627310664966,37.76354164251496],[-122.44633097702007,37.76343747584822],[-122.44630782887191,37.76336803140372],[-122.44620366220516,37.763333309181476],[-122.44601847701983,37.763333309181476],[-122.44589116220493,37.76336803140372],[-122.44582171776045,37.76343747584822],[-122.44581014368637,37.76354164251496],[-122.44585643998268,37.763680531403956],[-122.44592588442717,37.76374997584845],[-122.44601847701983,37.76374997584845],[-122.44613421776067,37.763680531403956]]],[[[-122.45337958813634,37.76104164251314],[-122.45365736591432,37.760995346216816],[-122.45390042147005,37.76091432769824],[-122.45410875480354,37.760798586957414],[-122.45428236591478,37.760648123994336],[-122.45442125480376,37.76046293880902],[-122.45457171776684,37.76030090177186],[-122.45473375480398,37.76016201288287],[-122.45490736591522,37.76004627214205],[-122.45509255110056,37.75995367954939],[-122.45528931035996,37.75988423510489],[-122.45549764369343,37.759837938808566],[-122.455717551101,37.7598147906604],[-122.45594903258265,37.7598147906604],[-122.45615736591614,37.75980321658632],[-122.45634255110146,37.75978006843815],[-122.45650458813861,37.75974534621591],[-122.4566434770276,37.759699049919575],[-122.45680551406477,37.759629605475084],[-122.45699069925008,37.75953701288242],[-122.45719903258356,37.759421272141594],[-122.45743051406521,37.75928238325261],[-122.45759255110235,37.75913192028953],[-122.45768514369504,37.758969883252384],[-122.4577082918432,37.75879627214114],[-122.45766199554689,37.758611086955824],[-122.45752310665789,37.75850692028908],[-122.45729162517623,37.75848377214091],[-122.45696755110191,37.758541642511325],[-122.45655088443496,37.75868053140032],[-122.45614579184208,37.75878469806706],[-122.45575227332327,37.75885414251156],[-122.45537032887853,37.758888864733805],[-122.45499995850788,37.758888864733805],[-122.45468745850765,37.75893516103014],[-122.45443282887783,37.75902775362279],[-122.45423606961843,37.75916664251179],[-122.45409718072945,37.7593518276971],[-122.45392356961821,37.75951386473426],[-122.45371523628472,37.75965275362324],[-122.453472180729,37.75976849436407],[-122.45319440295101,37.75986108695673],[-122.45297449554346,37.7599536795494],[-122.45281245850632,37.76004627214205],[-122.45270829183957,37.760138864734714],[-122.4526619955432,37.76023145732737],[-122.4525925510987,37.76031247584595],[-122.45249995850605,37.76038192029045],[-122.45238421776523,37.760439790660854],[-122.45224532887623,37.76048608695719],[-122.45215273628357,37.76055553140168],[-122.45210643998726,37.76064812399434],[-122.45210643998726,37.76076386473517],[-122.45215273628358,37.76090275362415],[-122.45223375480217,37.761006920290896],[-122.45234949554299,37.761076364735395],[-122.45249995850605,37.76111108695764],[-122.4526851436914,37.76111108695764],[-122.45289347702487,37.76109951288356],[-122.45312495850652,37.76107636473539],[-122.45337958813634,37.76104164251314]]],[[[-122.43124995849055,37.759189790659946],[-122.43097218071257,37.75914349436362],[-122.43074069923092,37.75913192028953],[-122.43055551404561,37.75915506843769],[-122.43041662515661,37.759212938808105],[-122.43032403256393,37.75930553140077],[-122.43034718071209,37.75937497584527],[-122.43048606960109,37.759421272141594],[-122.43074069923091,37.75944442028976],[-122.43111106960156,37.75944442028976],[-122.43138884737954,37.75943284621568],[-122.43157403256487,37.759409698067515],[-122.43166662515752,37.75937497584527],[-122.43166662515752,37.759328679548936],[-122.43159718071303,37.759282383252604],[-122.43145829182403,37.75923608695628],[-122.43124995849055,37.759189790659946]]],[[[-122.44460643998177,37.75793979065904],[-122.44446755109279,37.757800901770054],[-122.44434023627788,37.75769673510331],[-122.44422449553706,37.75762729065881],[-122.44412032887031,37.757592568436564],[-122.44402773627765,37.757592568436564],[-122.44398143998131,37.7576388647329],[-122.44398143998131,37.75773145732555],[-122.44402773627765,37.757870346214546],[-122.44412032887031,37.75805553139986],[-122.44422449553706,37.75818284621477],[-122.44434023627788,37.758252290659264],[-122.44446755109279,37.758263864733344],[-122.44460643998177,37.75821756843701],[-122.44467588442626,37.75814812399251],[-122.44467588442626,37.75805553139986],[-122.44460643998177,37.75793979065904]]],[[[-122.4490277362813,37.75763886473289],[-122.44912032887396,37.75754627214023],[-122.44915505109621,37.75744210547349],[-122.44913190294804,37.75732636473266],[-122.44905088442947,37.75719904991776],[-122.44891199554048,37.75706016102877],[-122.4487731066515,37.756944420287944],[-122.4486342177625,37.756851827695286],[-122.4484953288735,37.75678238325079],[-122.44835643998452,37.756736086954454],[-122.44815968072511,37.75670136473221],[-122.44790505109529,37.75667821658404],[-122.44759255109507,37.75666664250996],[-122.44722218072442,37.75666664250996],[-122.44688653257603,37.75663192028772],[-122.44658560664989,37.75656247584322],[-122.44631940294599,37.75645830917648],[-122.44608792146434,37.7563194202875],[-122.4457869955382,37.75621525362075],[-122.44541662516755,37.75614580917625],[-122.44497681035241,37.75611108695401],[-122.4444675510928,37.75611108695401],[-122.44408560664807,37.756134235102174],[-122.44383097701825,37.7561805313985],[-122.44370366220335,37.75624997584299],[-122.44370366220335,37.756342568435656],[-122.44376153257376,37.75645830917648],[-122.44387727331458,37.75659719806548],[-122.44405088442582,37.75675923510263],[-122.44428236590747,37.756944420287944],[-122.4445254214632,37.75707173510285],[-122.44478005109302,37.75714117954735],[-122.44504625479692,37.757152753621426],[-122.44532403257489,37.7571064573251],[-122.44557866220471,37.757094883251014],[-122.44581014368636,37.75711803139917],[-122.44601847701983,37.757175901769585],[-122.44620366220516,37.75726849436225],[-122.44636569924232,37.757361086954916],[-122.44650458813132,37.75745367954757],[-122.44662032887214,37.75754627214023],[-122.4467129214648,37.75763886473289],[-122.44681708813152,37.75770830917739],[-122.44693282887238,37.757754605473714],[-122.44706014368728,37.75777775362188],[-122.44719903257626,37.75777775362188],[-122.44730319924301,37.757743031399635],[-122.44737264368752,37.757673586955136],[-122.44740736590975,37.7575694202884],[-122.44740736590975,37.75743053139941],[-122.44744208813201,37.75732636473267],[-122.4475115325765,37.75725692028817],[-122.44761569924324,37.757222198065925],[-122.44775458813224,37.757222198065925],[-122.44788190294716,37.75726849436225],[-122.44799764368796,37.757361086954916],[-122.4481018103547,37.757499975843906],[-122.44819440294737,37.75768516102922],[-122.44829856961411,37.75781247584413],[-122.44841431035493,37.75788192028863],[-122.44854162516984,37.75789349436271],[-122.44868051405884,37.75784719806638],[-122.44880782887375,37.75778932769597],[-122.44892356961455,37.75771988325147],[-122.4490277362813,37.75763886473289]]],[[[-122.39534718068656,37.75706016102877],[-122.39520829179756,37.75682867954712],[-122.39509255105673,37.756701364732216],[-122.39499995846408,37.75667821658405],[-122.39493051401959,37.75675923510263],[-122.39488421772322,37.756944420287944],[-122.3948957917973,37.757094883251014],[-122.3949652362418,37.75721062399184],[-122.39509255105672,37.75729164251042],[-122.39527773624204,37.75733793880675],[-122.39538190290878,37.75731479065858],[-122.39540505105697,37.757222198065925],[-122.39534718068656,37.75706016102877]]],[[[-122.4472916251689,37.75615738325033],[-122.44733792146528,37.756064790657675],[-122.44731477331712,37.755983772139096],[-122.44722218072442,37.755914327694605],[-122.44706014368728,37.75585645732419],[-122.44682866220563,37.75581016102786],[-122.44666662516846,37.75581016102786],[-122.44657403257582,37.75585645732419],[-122.44655088442765,37.75594904991685],[-122.44659718072396,37.75608793880584],[-122.44666662516846,37.75619210547258],[-122.44675921776111,37.75626154991708],[-122.44687495850194,37.75629627213932],[-122.44701384739093,37.75629627213932],[-122.44712958813176,37.75627312399116],[-122.44722218072441,37.75622682769483],[-122.4472916251689,37.75615738325033]]],[[[-122.46222218073538,37.755833309176026],[-122.46222218073538,37.75564812399071],[-122.46218745851314,37.75550923510171],[-122.46211801406864,37.75541664250906],[-122.46201384740189,37.75537034621273],[-122.46187495851291,37.75537034621273],[-122.46177079184616,37.755405068434975],[-122.46170134740166,37.75547451287947],[-122.46166662517942,37.75557867954621],[-122.46166662517942,37.7557175684352],[-122.46170134740166,37.755833309176026],[-122.46177079184616,37.755925901768684],[-122.46187495851291,37.75599534621318],[-122.46201384740189,37.75604164250951],[-122.46211801406864,37.75603006843543],[-122.46218745851314,37.75596062399094],[-122.46222218073538,37.755833309176026]]],[[[-122.44675921776113,37.75548608695355],[-122.44694440294644,37.75543979065722],[-122.44707171776135,37.755381920286816],[-122.44714116220584,37.75531247584232],[-122.44715273627993,37.75523145732374],[-122.4471064399836,37.75513886473108],[-122.44700227331685,37.75506942028658],[-122.4468402362797,37.755023123990256],[-122.44662032887213,37.75499997584209],[-122.44634255109415,37.75499997584209],[-122.44614579183475,37.75504627213842],[-122.44603005109393,37.75513886473108],[-122.44599532887167,37.75527775362007],[-122.44604162516802,37.75546293880539],[-122.44609949553843,37.75560182769438],[-122.44616893998293,37.755694420287035],[-122.4462499585015,37.75574071658337],[-122.44634255109416,37.75574071658337],[-122.44641199553865,37.75572914250928],[-122.44645829183499,37.75570599436112],[-122.44648143998315,37.75567127213887],[-122.44648143998315,37.755624975842544],[-122.44652773627948,37.75557867954621],[-122.44662032887213,37.75553238324988],[-122.44675921776113,37.75548608695355]]],[[[-122.44831014368819,37.75400460547099],[-122.44817125479919,37.753958309174664],[-122.4481018103547,37.75394673510058],[-122.4481018103547,37.75396988324874],[-122.44817125479919,37.754027753619155],[-122.44831014368819,37.75412034621181],[-122.44841431035493,37.754178216582226],[-122.44848375479943,37.75420136473039],[-122.44851847702168,37.75418979065631],[-122.44851847702168,37.75414349435998],[-122.44848375479943,37.754097198063654],[-122.44841431035493,37.75405090176732],[-122.44831014368819,37.75400460547099]]],[[[-122.44907403257763,37.75226849435862],[-122.44907403257763,37.75217590176595],[-122.44899301405904,37.75210645732146],[-122.4488309770219,37.752060161025135],[-122.44858792146616,37.75203701287697],[-122.44826384739184,37.75203701287697],[-122.44804393998427,37.752071735099214],[-122.44792819924348,37.75214117954371],[-122.44791662516938,37.75224534621046],[-122.44800921776203,37.75238423509944],[-122.44811338442878,37.752488401766186],[-122.4482291251696,37.752557846210685],[-122.44835643998452,37.75259256843293],[-122.4484953288735,37.75259256843293],[-122.44862264368842,37.75258099435885],[-122.44873838442925,37.75255784621068],[-122.44884255109598,37.75252312398843],[-122.44893514368864,37.75247682769211],[-122.44900458813314,37.752418957321694],[-122.44905088442945,37.752349512877196],[-122.44907403257763,37.75226849435862]]],[[[-122.43907403257033,37.747268494354984],[-122.43907403257033,37.74717590176232],[-122.439027736274,37.74710645731783],[-122.43893514368135,37.7470601610215],[-122.43879625479236,37.747037012873335],[-122.43861106960702,37.747037012873335],[-122.4384953288662,37.74707173509558],[-122.43844903256989,37.74714117954008],[-122.43847218071805,37.747245346206824],[-122.4385647733107,37.74738423509581],[-122.43865736590335,37.747476827688466],[-122.438749958496,37.74752312398479],[-122.43884255108867,37.7475231239848],[-122.43893514368135,37.747476827688466],[-122.43900458812584,37.74741895731806],[-122.43905088442217,37.74734951287356],[-122.43907403257033,37.747268494354984]]],[[[-122.4152545881085,37.74430553138987],[-122.41530088440481,37.744212938797205],[-122.41538190292339,37.74415506842679],[-122.41549764366422,37.74413192027862],[-122.4156481066273,37.744143494352706],[-122.41583329181262,37.74418979064904],[-122.41597218070162,37.74418979064904],[-122.41606477329427,37.74414349435271],[-122.4161110695906,37.744050901760055],[-122.4161110695906,37.74391201287106],[-122.41613421773876,37.74378469805615],[-122.41618051403509,37.74366895731533],[-122.41624995847958,37.743564790648584],[-122.41634255107225,37.743472198055926],[-122.41626153255368,37.74340275361143],[-122.41600690292384,37.7433564573151],[-122.41557866218278,37.743333309166935],[-122.4149768103305,37.743333309166935],[-122.41449069921903,37.74331016101877],[-122.41412032884838,37.743263864722444],[-122.41386569921858,37.743194420277945],[-122.41372681032958,37.74310182768528],[-122.41353005107018,37.74303238324079],[-122.41327542144037,37.74298608694446],[-122.41296292144014,37.742962938796296],[-122.41259255106951,37.742962938796296],[-122.41231477329154,37.742974512870376],[-122.41212958810621,37.74299766101855],[-122.41203699551355,37.743032383240795],[-122.41203699551355,37.74307867953712],[-122.41195597699497,37.74311340175937],[-122.41179393995782,37.74313654990753],[-122.41155088440209,37.74314812398162],[-122.41122681032776,37.74314812398162],[-122.41098375477203,37.7431596980557],[-122.41082171773488,37.743182846203865],[-122.4107406992163,37.74321756842611],[-122.4107406992163,37.743263864722444],[-122.41077542143854,37.743310161018776],[-122.41084486588305,37.7433564573151],[-122.4109490325498,37.743402753611434],[-122.41108792143878,37.74344904990776],[-122.41127310662411,37.743483772130006],[-122.41150458810576,37.74350692027818],[-122.41178236588374,37.74351849435226],[-122.41210643995804,37.74351849435226],[-122.41238421773602,37.74353006842634],[-122.41261569921767,37.74355321657451],[-122.41280088440298,37.74358793879675],[-122.41293977329198,37.74363423509308],[-122.41307866218096,37.743703679537575],[-122.41321755106996,37.74379627213023],[-122.41335643995896,37.74391201287106],[-122.41349532884794,37.744050901760055],[-122.41364579181102,37.74416664250088],[-122.41380782884818,37.74425923509354],[-122.4139814399594,37.74432867953803],[-122.41416662514474,37.74437497583436],[-122.41435181033006,37.7444096980566],[-122.41453699551536,37.744432846204774],[-122.41472218070069,37.74444442027885],[-122.41490736588601,37.74444442027885],[-122.41505782884909,37.74442127213069],[-122.41517356958992,37.74437497583436],[-122.4152545881085,37.74430553138987]]],[[[-122.41131940292043,37.74379627213023],[-122.41108792143878,37.74361108694492],[-122.41092588440162,37.74351849435226],[-122.41083329180897,37.74351849435226],[-122.4108101436608,37.74361108694492],[-122.41085643995713,37.74379627213023],[-122.4109374584757,37.74393516101922],[-122.41105319921652,37.74402775361188],[-122.4112036621796,37.744074049908214],[-122.41138884736492,37.744074049908214],[-122.4114698658835,37.74402775361188],[-122.41144671773533,37.74393516101922],[-122.41131940292043,37.74379627213023]]],[[[-122.45983792147437,37.743680531389415],[-122.45997681036337,37.74354164250042],[-122.46008097703012,37.743402753611434],[-122.46015042147461,37.74326386472244],[-122.46018514369686,37.74312497583345],[-122.46018514369686,37.74298608694446],[-122.46015042147461,37.742881920277725],[-122.46008097703012,37.742812475833226],[-122.45997681036337,37.74277775361098],[-122.45983792147437,37.74277775361098],[-122.45969903258538,37.742812475833226],[-122.45956014369642,37.742881920277725],[-122.45942125480742,37.74298608694446],[-122.45928236591843,37.74312497583345],[-122.4591087548072,37.74322914250019],[-122.4589004214737,37.74329858694469],[-122.45865736591796,37.743333309166935],[-122.45837958813999,37.743333309166935],[-122.45818282888058,37.7433564573151],[-122.45806708813973,37.74340275361143],[-122.45803236591749,37.743472198055926],[-122.45807866221386,37.743564790648584],[-122.45815968073245,37.74363423509308],[-122.45827542147325,37.74368053138941],[-122.45842588443632,37.743703679537575],[-122.45861106962164,37.743703679537575],[-122.45879625480697,37.743715253611654],[-122.45898143999229,37.74373840175983],[-122.4591666251776,37.74377312398207],[-122.45935181036293,37.743819420278406],[-122.45952542147415,37.743819420278406],[-122.4596874585113,37.74377312398207],[-122.45983792147437,37.743680531389415]]],[[[-122.43731477330978,37.74189812398072],[-122.43712958812446,37.74180553138805],[-122.43700227330956,37.74175923509172],[-122.43693282886505,37.74175923509172],[-122.43692125479097,37.74180553138805],[-122.43696755108729,37.74189812398072],[-122.4370369955318,37.74196756842521],[-122.43712958812446,37.742013864721535],[-122.43724532886529,37.7420370128697],[-122.43738421775427,37.7420370128697],[-122.4374420881247,37.742013864721535],[-122.43741893997652,37.74196756842521],[-122.43731477330978,37.74189812398072]]],[[[-122.44574069924187,37.741157383239425],[-122.44574069924187,37.741064790646774],[-122.4457869955382,37.740995346202276],[-122.44587958813085,37.74094904990594],[-122.44601847701983,37.74092590175778],[-122.44620366220516,37.74092590175778],[-122.44633097702007,37.74090275360961],[-122.44640042146457,37.740856457313285],[-122.44641199553865,37.74078701286879],[-122.4463656992423,37.74069442027613],[-122.44628468072372,37.74062497583163],[-122.44616893998293,37.740578679535304],[-122.44601847701985,37.74055553138714],[-122.44583329183453,37.74055553138714],[-122.44567125479738,37.74059025360938],[-122.44553236590839,37.74065969805388],[-122.44541662516757,37.74076386472062],[-122.4453240325749,37.74090275360962],[-122.44528931035265,37.74101849435044],[-122.44531245850082,37.74111108694309],[-122.4453934770194,37.74118053138759],[-122.44553236590839,37.741226827683924],[-122.44563653257514,37.74123840175801],[-122.44570597701963,37.74121525360984],[-122.44574069924187,37.741157383239425]]],[[[-122.45616003539779,37.74055553138714],[-122.45631613603999,37.74055553138714],[-122.45649835302783,37.74053238323897],[-122.45670668636131,37.740486086942646],[-122.45694113604044,37.74041664249815],[-122.45720170206522,37.74032404990549],[-122.45740870065788,37.74023145731283],[-122.45756213181843,37.740138864720166],[-122.45766199554689,37.74004627212751],[-122.4577082918432,37.73995367953485],[-122.4577082918432,37.73987266101627],[-122.45766199554686,37.73980321657178],[-122.4575694029542,37.73974534620137],[-122.45743051406522,37.739699049905035],[-122.4572453288799,37.7396527536087],[-122.45701384739826,37.73960645731238],[-122.45673606962028,37.739560161016044],[-122.45641199554596,37.73951386471972],[-122.45615736591614,37.73944442027522],[-122.45597218073084,37.739351827682555],[-122.45585643999001,37.73923608694173],[-122.45581014369367,37.73909719805275],[-122.4557291251751,37.73899303138601],[-122.45561338443426,37.73892358694151],[-122.45546292147118,37.738888864719264],[-122.45527773628588,37.738888864719264],[-122.45513884739688,37.7388657165711],[-122.45504625480422,37.73881942027477],[-122.45499995850788,37.738749975830274],[-122.45499995850788,37.73865738323761],[-122.45490736591523,37.73858793879312],[-122.4547221807299,37.73854164249679],[-122.45444440295192,37.738518494348625],[-122.45407403258129,37.738518494348625],[-122.45374995850698,37.73857636471904],[-122.453472180729,37.73869210545986],[-122.45324069924735,37.7388657165711],[-122.45305551406203,37.73909719805275],[-122.45288190295079,37.73928238323806],[-122.45271986591365,37.73942127212706],[-122.45256940295056,37.73951386471972],[-122.45243051406158,37.739560161016044],[-122.45229162517259,37.73958330916421],[-122.45215273628358,37.73958330916421],[-122.4520138473946,37.739560161016044],[-122.45187495850561,37.73951386471972],[-122.45175921776477,37.7395254387938],[-122.45166662517211,37.73959488323829],[-122.45159718072762,37.7397221980532],[-122.4515508844313,37.73990738323852],[-122.45152773628314,37.740069420275674],[-122.45152773628314,37.740208309164665],[-122.4515508844313,37.74032404990549],[-122.45159718072762,37.74041664249815],[-122.45177079183885,37.740486086942646],[-122.452071717765,37.74053238323897],[-122.45249995850605,37.74055553138714],[-122.45305551406203,37.74055553138714],[-122.453472180729,37.74052080916489],[-122.45374995850698,37.74045136472039],[-122.45388884739596,37.740347198053655],[-122.45388884739596,37.74020830916467],[-122.45391199554413,37.740057846201594],[-122.45395829184045,37.739895809164445],[-122.45402773628496,37.7397221980532],[-122.45412032887762,37.739537012867885],[-122.45421292147029,37.73942127212705],[-122.45430551406292,37.73937497583073],[-122.45439810665559,37.739398123978894],[-122.45449069924825,37.73949071657155],[-122.454594865915,37.73956016101605],[-122.45471060665582,37.73960645731238],[-122.45483792147074,37.73962960546054],[-122.45497681035972,37.73962960546054],[-122.45508097702647,37.73967590175687],[-122.45515042147098,37.73976849434953],[-122.45518514369321,37.739907383238524],[-122.45518514369321,37.74009256842384],[-122.45523143998955,37.74024303138692],[-122.4553240325822,37.74035877212774],[-122.4554629214712,37.74043979064631],[-122.45564810665651,37.740486086942646],[-122.45582602070606,37.74052080916489],[-122.45599666361981,37.74054395731305],[-122.45616003539779,37.74055553138714]]],[[[-122.42979162515614,37.739259235089904],[-122.43002310663779,37.739259235089904],[-122.4302082918231,37.73923608694174],[-122.4303471807121,37.73918979064541],[-122.43043977330477,37.73912034620091],[-122.4304860696011,37.739027753608255],[-122.43045134737885,37.738958309163756],[-122.43033560663802,37.73891201286743],[-122.43013884737863,37.738888864719264],[-122.42986106960063,37.738888864719264],[-122.4296180140449,37.738877290645185],[-122.42940968071142,37.73885414249702],[-122.42923606960018,37.73881942027477],[-122.4290971807112,37.73877312397844],[-122.42898143997036,37.73876154990435],[-122.42888884737769,37.73878469805252],[-122.4288194029332,37.73884256842293],[-122.4287731066369,37.73893516101559],[-122.42878468071098,37.73901617953417],[-122.42885412515545,37.73908562397866],[-122.42898143997036,37.73914349434907],[-122.42916662515569,37.739189790645405],[-122.42936338441508,37.73922451286765],[-122.42957171774859,37.739247661015824],[-122.42979162515614,37.739259235089904]]],[[[-122.46124995851244,37.73893516101559],[-122.46134255110512,37.73884256842293],[-122.46134255110512,37.73877312397843],[-122.46124995851245,37.73872682768211],[-122.46106477332714,37.73870367953394],[-122.46078699554914,37.73870367953394],[-122.4605555140675,37.73865738323761],[-122.46037032888219,37.73856479064496],[-122.4602314399932,37.73842590175596],[-122.46013884740053,37.738240716570644],[-122.45999995851153,37.738101827681646],[-122.45981477332622,37.738009235088995],[-122.45958329184457,37.73796293879266],[-122.45930551406659,37.73796293879266],[-122.45907403258494,37.73791664249633],[-122.45888884739962,37.73782404990368],[-122.45874995851062,37.73768516101468],[-122.45865736591797,37.737499975829365],[-122.45851847702899,37.73736108694037],[-122.45833329184364,37.73726849434772],[-122.458101810362,37.737222198051384],[-122.45782403258403,37.737222198051384],[-122.45753468073195,37.737210623977305],[-122.4572337548058,37.73718747582913],[-122.45692125480558,37.737152753606885],[-122.45659718073128,37.73710645731055],[-122.45641199554595,37.7371411795328],[-122.45636569924964,37.73725692027363],[-122.4564582918423,37.73745367953303],[-122.45668977332394,37.737731457311014],[-122.45699069925007,37.7379397906445],[-122.4573610696207,37.73807867953349],[-122.45780088443584,37.738148123977986],[-122.45831014369551,37.738148123977986],[-122.45869208814022,37.738159698052065],[-122.45894671777003,37.73818284620023],[-122.45907403258494,37.73821756842248],[-122.45907403258494,37.73826386471881],[-122.45913190295536,37.738298586941056],[-122.45924764369619,37.73832173508922],[-122.45942125480741,37.7383333091633],[-122.45965273628906,37.7383333091633],[-122.4598263474003,37.738379605459635],[-122.45994208814113,37.73847219805229],[-122.45999995851155,37.73861108694128],[-122.45999995851155,37.7387962721266],[-122.46006940295604,37.73893516101559],[-122.46020829184503,37.73902775360825],[-122.46041662517851,37.73907404990458],[-122.46069440295649,37.73907404990458],[-122.46092588443814,37.739050901756414],[-122.46111106962344,37.73900460546009],[-122.46124995851244,37.73893516101559]]],[[[-122.41905088440755,37.73141201286197],[-122.41891199551857,37.73136571656565],[-122.41871523625917,37.731330994343395],[-122.41846060662935,37.731307846195236],[-122.41814810662912,37.73129627212115],[-122.41777773625849,37.73129627212115],[-122.41752310662866,37.731319420269315],[-122.41738421773967,37.73136571656564],[-122.41736106959151,37.73143516101014],[-122.41745366218417,37.7315277536028],[-122.41762727329541,37.73158562397321],[-122.41788190292523,37.731608772121376],[-122.41821755107362,37.7315971980473],[-122.41863421774057,37.731550901750964],[-122.41891199551856,37.73150460545464],[-122.41905088440755,37.731458309158306],[-122.41905088440755,37.73141201286197]]],[[[-122.40675921773192,37.7232638647079],[-122.40694440291725,37.72321756841157],[-122.40711801402847,37.723159698041165],[-122.40728005106561,37.723090253596666],[-122.40743051402869,37.72300923507809],[-122.40756940291769,37.72291664248543],[-122.40766199551034,37.722812475818685],[-122.40770829180668,37.72269673507786],[-122.40770829180668,37.72256942026296],[-122.40766199551035,37.72243053137396],[-122.40759255106586,37.72237266100355],[-122.4074999584732,37.72239580915172],[-122.40738421773237,37.72249997581846],[-122.40724532884339,37.722685161003774],[-122.4071064399544,37.722847198040924],[-122.4069675510654,37.72298608692992],[-122.40682866217641,37.723101827670746],[-122.40668977328743,37.72319442026341],[-122.40663190291701,37.72325229063382],[-122.40665505106517,37.72327543878198],[-122.40675921773192,37.7232638647079]]],[[[-122.50048606965221,37.7173147906295],[-122.50043977335591,37.717129605444185],[-122.50035875483732,37.71694442025886],[-122.50024301409648,37.716759235073546],[-122.5000925511334,37.71657404988822],[-122.49990736594809,37.71638886470291],[-122.49975690298501,37.71628469803616],[-122.49964116224419,37.716261549887996],[-122.49956014372562,37.71631942025841],[-122.49951384742928,37.7164583091474],[-122.49952542150336,37.716620346184556],[-122.49959486594786,37.71680553136987],[-122.49972218076276,37.71701386470336],[-122.4999073659481,37.71724534618501],[-122.50006940298525,37.717418957296246],[-122.50020829187424,37.71753469803707],[-122.50032403261507,37.71759256840748],[-122.50041662520772,37.71759256840748],[-122.50047449557815,37.71754627211115],[-122.50049764372629,37.7174536795185],[-122.50048606965221,37.7173147906295]]],[[[-122.39400458809297,37.716643494332715],[-122.39395829179662,37.71650460544373],[-122.39392356957438,37.716354142480654],[-122.39390042142622,37.716192105443504],[-122.39388884735214,37.71601849433226],[-122.39388884735214,37.715833309146944],[-122.39387727327805,37.71567127210979],[-122.3938541251299,37.7155323832208],[-122.39381940290765,37.71541664247997],[-122.39377310661132,37.715324049887315],[-122.39370366216683,37.71527775359098],[-122.39361106957416,37.71527775359098],[-122.39349532883334,37.715324049887315],[-122.39335643994436,37.71541664247997],[-122.39325227327761,37.7155323832208],[-122.39318282883312,37.71567127210979],[-122.39314810661087,37.715833309146944],[-122.39314810661087,37.71601849433226],[-122.39317125475904,37.716192105443504],[-122.39321755105536,37.716354142480654],[-122.39328699549985,37.71650460544373],[-122.39337958809251,37.716643494332715],[-122.39348375475925,37.71674766099946],[-122.39359949550007,37.71681710544396],[-122.39372681031499,37.716851827666204],[-122.39386569920397,37.716851827666204],[-122.39395829179664,37.71681710544396],[-122.39400458809297,37.71674766099946],[-122.39400458809297,37.716643494332715]]],[[[-122.47671292148671,37.71326386470063],[-122.47662032889406,37.7132175684043],[-122.47655088444955,37.71319442025614],[-122.47650458815323,37.71319442025614],[-122.47648144000506,37.7132175684043],[-122.47648144000506,37.71326386470063],[-122.47650458815323,37.713298586922875],[-122.47655088444955,37.71332173507105],[-122.47662032889406,37.71333330914513],[-122.47671292148671,37.71333330914513],[-122.47675921778304,37.71332173507105],[-122.47675921778304,37.713298586922875],[-122.47671292148671,37.71326386470063]]]]},"properties":{"zone":"cool"}},{"type":"Feature","geometry":{"type":"MultiPolygon","coordinates":[[[[-122.37175915400728,37.809645987769706],[-122.37169738314614,37.80956536079226],[-122.37164334956739,37.809500987452665],[-122.37159705327109,37.8094528677509],[-122.37155849425716,37.80942100168697],[-122.37152767252564,37.80940538926088],[-122.3714495198886,37.80936286082559],[-122.37132403634601,37.80929341638109],[-122.37115122189788,37.8091970559274],[-122.37093107654421,37.8090737794645],[-122.37076313349696,37.80898132211733],[-122.37064739275614,37.808919683885875],[-122.37058385432174,37.808888864770154],[-122.37057251819375,37.808888864770154],[-122.37055244202368,37.808877290696074],[-122.37052362581151,37.8088541425479],[-122.37048606955727,37.808819420325655],[-122.37043977326094,37.80877312402933],[-122.370353712402,37.808726827733],[-122.37022788698044,37.80868053143667],[-122.37006229699625,37.80863423514034],[-122.36985694244945,37.808587938844006],[-122.36969639480563,37.80855321662176],[-122.36958065406483,37.808530068473594],[-122.36950972022699,37.808518494399515],[-122.36948359329213,37.808518494399515],[-122.36944084994282,37.80850692032543],[-122.36938149017907,37.80848377217727],[-122.36930551400086,37.808449049955016],[-122.36921292140819,37.80840275365869],[-122.36907232109841,37.80833330921419],[-122.36888371307151,37.808240716621526],[-122.3686470973275,37.8081249758807],[-122.36836247386636,37.80798608699172],[-122.36814830319372,37.80788192032498],[-122.36800458530959,37.80781247588048],[-122.36793132021396,37.807777753658236],[-122.36792850790681,37.807777753658236],[-122.36791071317151,37.807777753658236],[-122.36787793600809,37.807777753658236],[-122.36783017641649,37.807777753658236],[-122.36776743439674,37.807777753658236],[-122.36771532973628,37.807775257486554],[-122.3676738624351,37.807770265143176],[-122.36764303249319,37.80776277662811],[-122.36762283991058,37.807752791941354],[-122.36758454732544,37.80772465144981],[-122.36752815473778,37.807678355153485],[-122.36745366214764,37.80761390305236],[-122.36736106955499,37.80753129514646],[-122.36728005103643,37.80746933921703],[-122.36721060659194,37.807428035264074],[-122.36715273622153,37.8074073832876],[-122.36710643992515,37.8074073832876],[-122.36704856955474,37.8074073832876],[-122.36697912511025,37.8074073832876],[-122.36689810659169,37.8074073832876],[-122.36680551399904,37.8074073832876],[-122.36671292140639,37.8074073832876],[-122.3666203288137,37.8074073832876],[-122.36652773622104,37.8074073832876],[-122.3664351436284,37.8074073832876],[-122.36635412510981,37.807418957361676],[-122.36628468066532,37.80744210550985],[-122.3662268102949,37.80747682773209],[-122.36618051399856,37.80752312402842],[-122.36612877027414,37.80755784625066],[-122.36607157912164,37.80758099439883],[-122.36600894054106,37.80759256847291],[-122.36594085453241,37.80759256847291],[-122.36584894115767,37.80759256847291],[-122.36573320041683,37.80759256847291],[-122.36559363230992,37.80759256847291],[-122.36543023683694,37.80759256847291],[-122.36529611615812,37.80759256847291],[-122.36519127027347,37.80759256847291],[-122.36511569918298,37.80759256847291],[-122.36506940288665,37.80759256847291],[-122.36498838436808,37.80759256847291],[-122.36487264362725,37.80759256847291],[-122.36472218066417,37.80759256847291],[-122.36453699547886,37.80759256847291],[-122.36432369922636,37.80758099439883],[-122.36408229190673,37.80755784625066],[-122.3638127735199,37.80752312402842],[-122.3635151440659,37.80747682773209],[-122.36328531082032,37.80744210550985],[-122.36312327378316,37.807418957361676],[-122.36302903295443,37.8074073832876],[-122.36300258833411,37.8074073832876],[-122.36295960672071,37.80738625406129],[-122.36290008811422,37.80734399560868],[-122.36282403251464,37.80728060792977],[-122.36273143992197,37.807196091024544],[-122.36261569918115,37.80713844608741],[-122.36247681029216,37.80710767311835],[-122.36231477325501,37.80710377211738],[-122.36212958806969,37.8071267430845],[-122.3619906991807,37.80714778372028],[-122.36189810658806,37.80716689402472],[-122.36185181029171,37.80718407399783],[-122.36185181029171,37.80719932363961],[-122.3618633843658,37.807233909019104],[-122.36188653251395,37.807287830136325],[-122.3619212547362,37.807361086991264],[-122.36196755103254,37.80745367958392],[-122.36203699547703,37.80752312402842],[-122.36212958806969,37.80756942032475],[-122.36224532881052,37.80759256847291],[-122.3623842176995,37.80759256847291],[-122.3625115325144,37.80761571662108],[-122.36262727325523,37.807662012917405],[-122.36273143992197,37.8077314573619],[-122.36282403251464,37.80782404995456],[-122.36292819918138,37.80789349439906],[-122.3630439399222,37.807939790695386],[-122.36317125473711,37.80796293884355],[-122.3633101436261,37.80796293884355],[-122.36341431029284,37.8079976610658],[-122.36348375473733,37.8080671055103],[-122.36351847695958,37.808171272177034],[-122.36351847695958,37.80831016106603],[-122.36356477325592,37.80840275365869],[-122.36365736584858,37.808449049955016],[-122.36379625473757,37.808449049955016],[-122.3639814399229,37.80840275365869],[-122.36415505103415,37.80840275365869],[-122.36431708807129,37.808449049955016],[-122.36446755103437,37.80854164254768],[-122.36460643992335,37.808680531436664],[-122.36478005103459,37.80879627217749],[-122.36498838436808,37.808888864770154],[-122.3652314399238,37.808958309214646],[-122.36550921770178,37.80900460551098],[-122.36572912510935,37.80906247588138],[-122.36589116214651,37.80913192032588],[-122.36599532881326,37.80921293884446],[-122.36604162510957,37.80930553143712],[-122.36614579177632,37.80937497588162],[-122.36630782881348,37.80942127217794],[-122.36652773622106,37.80944442032611],[-122.36680551399903,37.80944442032611],[-122.36703699548069,37.80942127217794],[-122.367222180666,37.80937497588162],[-122.36736106955499,37.80930553143712],[-122.36745366214764,37.80921293884446],[-122.36760412511072,37.809178216622215],[-122.3678124584442,37.809201364770374],[-122.3680786621481,37.80928238328895],[-122.36840273622241,37.80942127217795],[-122.36870366214856,37.80952543884469],[-122.36898143992653,37.809594883289186],[-122.36923606955635,37.80962960551143],[-122.36946755103801,37.80962960551143],[-122.36965273622333,37.80966432773368],[-122.36979162511233,37.80973377217818],[-122.36988421770499,37.809837938844915],[-122.36993051400131,37.80997682773391],[-122.37003468066806,37.81008099440065],[-122.3701967177052,37.81015043884515],[-122.37041662511277,37.810185161067395],[-122.37069440289076,37.810185161067395],[-122.37096060659466,37.81021988328964],[-122.37121523622446,37.81028932773414],[-122.3714582917802,37.81039349440088],[-122.37168977326186,37.81053238328987],[-122.371905346673,37.810636549956605],[-122.37210501201362,37.810705994401104],[-122.37228876928373,37.81074071662335],[-122.37245661848334,37.81074071662335],[-122.37252896900905,37.81068284625294],[-122.37250582086088,37.81056710551211],[-122.37238717403883,37.81039349440088],[-122.3721730285429,37.81016201291923],[-122.37201241942095,37.80998541040419],[-122.37190534667299,37.80986368685575],[-122.371851810299,37.80979684227392],[-122.371851810299,37.809784876658696],[-122.37183636758371,37.809755745702915],[-122.37180548215314,37.80970944940659],[-122.37175915400728,37.809645987769706]],[[-122.36738421770318,37.808888864770154],[-122.3668749584435,37.808888864770154],[-122.3664814399247,37.808877290696074],[-122.36620366214672,37.8088541425479],[-122.36604162510957,37.808819420325655],[-122.36599532881326,37.80877312402933],[-122.36599532881326,37.80869210551075],[-122.36604162510959,37.80857636476993],[-122.36613421770224,37.80842590180685],[-122.36627310659124,37.80824071662153],[-122.36641199548023,37.80810182773254],[-122.36655088436919,37.80800923513988],[-122.36668977325819,37.80796293884355],[-122.36682866214719,37.80796293884355],[-122.36695597696209,37.8079976610658],[-122.36707171770291,37.8080671055103],[-122.36717588436966,37.808171272177034],[-122.36726847696234,37.80831016106603],[-122.36739579177724,37.80841432773277],[-122.3675578288144,37.80848377217727],[-122.3677545880738,37.808518494399515],[-122.36798606955544,37.808518494399515],[-122.3681481065926,37.80854164254768],[-122.36824069918525,37.808587938844006],[-122.36826384733342,37.808657383288505],[-122.36821755103709,37.80874997588117],[-122.36805551399993,37.80881942032566],[-122.36777773622198,37.80886571662199],[-122.36738421770318,37.808888864770154]]],[[[-122.48120366223073,37.797962938836285],[-122.48101847704541,37.797962938836285],[-122.4808911622305,37.79798608698445],[-122.480821717786,37.79803238328078],[-122.48081014371192,37.798101827725276],[-122.48085644000824,37.79819442031794],[-122.48092588445274,37.79825229068835],[-122.48101847704541,37.79827543883651],[-122.48113421778623,37.798263864762426],[-122.48127310667522,37.7982175684661],[-122.48137727334196,37.79817127216977],[-122.48144671778647,37.79812497587344],[-122.48148144000871,37.79807867957711],[-122.48148144000871,37.79803238328078],[-122.48143514371239,37.79799766105853],[-122.48134255111972,37.797974512910365],[-122.48120366223073,37.797962938836285]]],[[[-122.36179572090589,37.80759256847291],[-122.36189223073434,37.80759256847291],[-122.36194146495752,37.80759136218027],[-122.36194342357543,37.80758894959497],[-122.36189810658804,37.80758533071703],[-122.36180551399536,37.80758050554645],[-122.36173509024192,37.80757809296115],[-122.3616868353277,37.80757809296115],[-122.36166074925269,37.80758050554645],[-122.3616568320169,37.80758533071703],[-122.36167802154716,37.80758894959497],[-122.3617243178435,37.80759136218027],[-122.36179572090589,37.80759256847291]]],[[[-122.51363314419433,37.77770830919193],[-122.51358613215422,37.7776620128956],[-122.51351632983783,37.77762729067335],[-122.51342373724518,37.77760414252519],[-122.51330835437625,37.777592568451105],[-122.51317018123103,37.777592568451105],[-122.51302025507579,37.77754627215478],[-122.51285857591051,37.777453679562115],[-122.51268514373521,37.777314790673124],[-122.51249995854988,37.77712960548781],[-122.51232634743864,37.77699071659882],[-122.51216431040149,37.77689812400615],[-122.51201384743841,37.77685182770983],[-122.51187495854943,37.77685182770983],[-122.51173606966044,37.77681710548758],[-122.51159718077145,37.77674766104308],[-122.51145829188245,37.776643494376344],[-122.51131940299346,37.77650460548735],[-122.51119208817855,37.77640043882061],[-122.51107634743772,37.77633099437611],[-122.51097218077099,37.776296272153864],[-122.51087958817833,37.776296272153864],[-122.51079856965976,37.77626154993162],[-122.51072912521526,37.77619210548712],[-122.51067125484485,37.77608793882038],[-122.51062495854852,37.7759490499314],[-122.51057866225219,37.7758796054869],[-122.51053236595588,37.7758796054869],[-122.51048606965955,37.7759490499314],[-122.51043977336317,37.77608793882038],[-122.51043977336317,37.776215253635286],[-122.51048606965952,37.77633099437611],[-122.51057866225219,37.776435161042855],[-122.51071755114117,37.77652775363552],[-122.51082171780791,37.77663192030226],[-122.51089116225242,37.77674766104308],[-122.51092588447466,37.77687497585799],[-122.51092588447466,37.777013864746976],[-122.51098375484507,37.77711803141372],[-122.5110994955859,37.77718747585822],[-122.51127310669713,37.777222198080466],[-122.5115045881788,37.777222198080466],[-122.5117013474382,37.77725692030271],[-122.51186338447535,37.77732636474721],[-122.51199069929025,37.777430531413955],[-122.51208329188292,37.77756942030294],[-122.51219903262373,37.77770830919192],[-122.51233792151272,37.77784719808092],[-122.51249995854988,37.777986086969904],[-122.51268514373521,37.7781249758589],[-122.5129050511428,37.77822914252564],[-122.51315968077259,37.77829858697014],[-122.51344903262466,37.778333309192384],[-122.51377310669896,37.778333309192384],[-122.51400458818061,37.77831016104422],[-122.51414347706961,37.77826386474789],[-122.51418977336593,37.77819442030339],[-122.51414347706961,37.778101827710735],[-122.51409718077328,37.77802080919216],[-122.51405088447693,37.77795136474766],[-122.5140045881806,37.777893494377246],[-122.51395829188428,37.77784719808091],[-122.51391199558795,37.77781247585867],[-122.51386569929161,37.7777893277105],[-122.5138194029953,37.77777775363642],[-122.51377310669896,37.77777775363642],[-122.5137266314667,37.777766179562335],[-122.5136799772985,37.777743031414175],[-122.51363314419433,37.77770830919193]]],[[[-122.40407403254477,37.758171272140686],[-122.40407403254477,37.758310161029684],[-122.40410875476701,37.75844904991867],[-122.4041781992115,37.758587938807665],[-122.40428236587825,37.75872682769665],[-122.40442125476724,37.75886571658563],[-122.40454856958215,37.75896988325238],[-122.40466431032297,37.759039327696875],[-122.40476847698972,37.75907404991912],[-122.40486106958238,37.75907404991912],[-122.40496523624913,37.75910877214137],[-122.40508097698992,37.759178216585866],[-122.40520829180484,37.75928238325261],[-122.40534718069384,37.759421272141594],[-122.40546292143466,37.75949071658609],[-122.40555551402731,37.75949071658609],[-122.4056249584718,37.759421272141594],[-122.40567125476818,37.75928238325261],[-122.40564810662002,37.75913192028953],[-122.40555551402733,37.758969883252384],[-122.40539347699018,37.75879627214114],[-122.40516199550854,37.758611086955824],[-122.40498838439729,37.75846062399275],[-122.40487264365646,37.75834488325192],[-122.40481477328605,37.758263864733344],[-122.40481477328605,37.75821756843701],[-122.40480319921197,37.75817127214068],[-122.4047800510638,37.75812497584435],[-122.40474532884156,37.75807867954803],[-122.40469903254521,37.758032383251695],[-122.40462958810072,37.75799766102945],[-122.40453699550807,37.75797451288129],[-122.40442125476724,37.757962938807204],[-122.40428236587825,37.757962938807204],[-122.4041781992115,37.75799766102945],[-122.40410875476701,37.75806710547395],[-122.40407403254477,37.758171272140686]]],[[[-122.4562499585088,37.756851827695286],[-122.45597218073081,37.756851827695286],[-122.45582171776775,37.75688654991753],[-122.45579856961957,37.75695599436203],[-122.45590273628632,37.75706016102877],[-122.45613421776798,37.75719904991776],[-122.45628468073105,37.75732636473266],[-122.45635412517555,37.75744210547349],[-122.45634255110147,37.75754627214023],[-122.4562499585088,37.75763886473289],[-122.45627310665697,37.75770830917739],[-122.45641199554596,37.757754605473714],[-122.45666662517577,37.75777775362188],[-122.45703699554642,37.75777775362188],[-122.45733792147257,37.757754605473714],[-122.45756940295422,37.75770830917739],[-122.45773143999138,37.75763886473289],[-122.45782403258403,37.75754627214023],[-122.4578934770285,37.75744210547349],[-122.45793977332484,37.75732636473266],[-122.45796292147301,37.75719904991776],[-122.45796292147301,37.75706016102877],[-122.45792819925076,37.756944420287944],[-122.45785875480627,37.756851827695286],[-122.45775458813952,37.75678238325079],[-122.45761569925052,37.756736086954454],[-122.4574999585097,37.75671293880629],[-122.45740736591705,37.75671293880629],[-122.45733792147254,37.756736086954454],[-122.45729162517624,37.75678238325079],[-122.45722218073175,37.75681710547303],[-122.45712958813908,37.756840253621206],[-122.45701384739824,37.756851827695286],[-122.45687495850926,37.756851827695286],[-122.45670134739802,37.756851827695286],[-122.45649301406453,37.756851827695286],[-122.4562499585088,37.756851827695286]]],[[[-122.45092588443084,37.7543286795453],[-122.45092588443084,37.754374975841635],[-122.45098375480126,37.75443284621205],[-122.45109949554208,37.75450229065654],[-122.45127310665332,37.75458330917512],[-122.45150458813497,37.754675901767776],[-122.45173606961663,37.754745346212275],[-122.45196755109826,37.7547916425086],[-122.45219903257993,37.754814790656766],[-122.45243051406158,37.754814790656766],[-122.4526735696173,37.7547916425086],[-122.45292819924711,37.754745346212275],[-122.45319440295101,37.754675901767776],[-122.453472180729,37.75458330917512],[-122.45365736591431,37.75447914250837],[-122.45374995850698,37.75436340176755],[-122.45374995850698,37.754236086952645],[-122.45365736591431,37.75409719806365],[-122.45351847702531,37.75399303139691],[-122.45333329184001,37.75392358695241],[-122.45310181035836,37.753888864730165],[-122.45282403258037,37.753888864730165],[-122.45256940295056,37.753888864730165],[-122.45233792146891,37.753888864730165],[-122.45212958813542,37.753888864730165],[-122.4519444029501,37.753888864730165],[-122.45178236591295,37.75391201287833],[-122.45164347702395,37.75395830917466],[-122.45152773628313,37.754027753619155],[-122.45143514369046,37.75412034621181],[-122.4513425510978,37.75418979065631],[-122.45124995850514,37.75423608695264],[-122.4511573659125,37.754259235100804],[-122.45106477331983,37.754259235100804],[-122.45099532887534,37.75427080917488],[-122.45094903257902,37.75429395732306],[-122.45092588443084,37.7543286795453]]],[[[-122.45960643999273,37.75247682769211],[-122.45946755110374,37.75252312398843],[-122.45928236591843,37.75255784621068],[-122.45905088443678,37.75258099435885],[-122.4587731066588,37.75259256843293],[-122.45844903258447,37.75259256843293],[-122.45818282888057,37.75260414250701],[-122.45797449554709,37.752627290655184],[-122.45782403258403,37.75266201287742],[-122.45773143999138,37.752708309173755],[-122.45766199554689,37.75276617954416],[-122.45761569925054,37.75283562398866],[-122.45759255110238,37.75291664250724],[-122.45759255110238,37.753009235099896],[-122.4577082918432,37.753078679544394],[-122.45793977332485,37.75312497584072],[-122.45828699554733,37.753148123988886],[-122.45874995851064,37.753148123988886],[-122.45912032888128,37.75317127213705],[-122.45939810665925,37.75321756843338],[-122.45958329184457,37.75328701287788],[-122.45967588443723,37.75337960547054],[-122.45978005110396,37.753449049915034],[-122.45989579184479,37.75349534621136],[-122.4600231066597,37.753518494359525],[-122.46016199554869,37.753518494359525],[-122.46031245851177,37.75354164250769],[-122.46047449554892,37.75358793880402],[-122.46064810666016,37.75365738324851],[-122.46083329184547,37.753749975841174],[-122.46099532888263,37.75385414250792],[-122.46113421777162,37.75396988324874],[-122.46124995851244,37.75409719806365],[-122.46134255110512,37.754236086952645],[-122.46145829184594,37.754317105471216],[-122.46159718073493,37.75434025361939],[-122.46175921777208,37.75430553139714],[-122.4619444029574,37.75421293880447],[-122.46215273629089,37.75414349435998],[-122.46238421777255,37.754097198063654],[-122.46263884740236,37.75407404991549],[-122.46291662518033,37.75407404991549],[-122.46312495851382,37.75405090176732],[-122.4632638474028,37.754004605470996],[-122.4633332918473,37.753935161026504],[-122.4633332918473,37.75384256843384],[-122.4633332918473,37.75376154991526],[-122.4633332918473,37.75369210547076],[-122.4633332918473,37.75363423510035],[-122.4633332918473,37.753587938804024],[-122.46329856962505,37.75355321658178],[-122.46322912518056,37.753530068433605],[-122.46312495851382,37.753518494359525],[-122.46298606962482,37.753518494359525],[-122.46283560666174,37.75347219806319],[-122.4626735696246,37.75337960547054],[-122.46249995851338,37.753240716581544],[-122.46231477332805,37.75305553139623],[-122.46211801406864,37.75290506843315],[-122.46190968073515,37.75278932769233],[-122.46168977332758,37.752708309173755],[-122.46145829184593,37.75266201287742],[-122.46120366221612,37.752627290655184],[-122.46092588443813,37.75260414250701],[-122.46062495851199,37.75259256843293],[-122.46030088443767,37.75259256843293],[-122.46005782888194,37.75258099435885],[-122.45989579184479,37.75255784621068],[-122.45981477332622,37.75252312398843],[-122.45981477332622,37.75247682769211],[-122.45978005110396,37.75245367954394],[-122.45971060665947,37.75245367954394],[-122.45960643999273,37.75247682769211]]],[[[-122.45344903258083,37.75277775361825],[-122.45303236591386,37.75277775361825],[-122.45273143998772,37.75280090176641],[-122.4525462548024,37.75284719806274],[-122.4524768103579,37.75291664250724],[-122.45252310665423,37.753009235099896],[-122.4526735696173,37.753078679544394],[-122.4529281992471,37.75312497584072],[-122.45328699554366,37.753148123988886],[-122.45374995850696,37.753148123988886],[-122.45414347702575,37.7531365499148],[-122.4544675511001,37.75311340176664],[-122.4547221807299,37.753078679544394],[-122.45490736591523,37.75303238324806],[-122.45497681035974,37.752986086951736],[-122.45493051406339,37.75293979065541],[-122.45476847702625,37.75289349435908],[-122.45449069924825,37.752847198062746],[-122.45417819924802,37.7528124758405],[-122.45383097702558,37.75278932769233],[-122.45344903258083,37.75277775361825]]],[[[-122.39344903253699,37.75180553139532],[-122.39340273624069,37.751898123987985],[-122.39339116216661,37.75199071658064],[-122.39341431031475,37.752083309173294],[-122.39347218068517,37.75217590176595],[-122.39356477327783,37.75226849435862],[-122.39371523624091,37.752337938803116],[-122.39392356957438,37.75238423509944],[-122.39418977327828,37.75240738324761],[-122.39451384735261,37.75240738324761],[-122.39475690290834,37.75237266102536],[-122.3949189399455,37.75230321658086],[-122.39499995846407,37.752199049914125],[-122.39499995846407,37.752060161025135],[-122.39494208809367,37.75196756843248],[-122.39482634735282,37.75192127213615],[-122.3946527362416,37.751921272136144],[-122.39442125475995,37.75196756843248],[-122.39421292142646,37.751979142506556],[-122.39402773624113,37.7519559943584],[-122.39386569920397,37.751898123987985],[-122.39372681031499,37.75180553139532],[-122.39361106957415,37.75175923509899],[-122.39351847698148,37.75175923509899],[-122.39344903253699,37.75180553139532]]],[[[-122.39770829179938,37.75087960546872],[-122.39766199550306,37.750972198061376],[-122.39771986587346,37.751041642505875],[-122.3978819029106,37.7510879388022],[-122.3981481066145,37.75111108695037],[-122.39851847698515,37.75111108695037],[-122.39886569920763,37.7510879388022],[-122.39918977328195,37.751041642505875],[-122.39949069920809,37.750972198061376],[-122.39976847698605,37.75087960546872],[-122.39997681031954,37.75078701287606],[-122.40011569920853,37.750694420283395],[-122.40018514365303,37.75060182769074],[-122.40018514365303,37.75050923509808],[-122.40011569920853,37.750462938801746],[-122.39997681031954,37.750462938801746],[-122.39976847698605,37.75050923509808],[-122.39949069920809,37.75060182769074],[-122.39920134735603,37.750671272135236],[-122.39890042142989,37.75071756843156],[-122.39858792142965,37.75074071657973],[-122.39826384735532,37.75074071657973],[-122.3980092177255,37.750763864727894],[-122.3978240325402,37.75081016102422],[-122.39770829179938,37.75087960546872]]],[[[-122.46768514370234,37.74599534620591],[-122.46749995851701,37.74604164250224],[-122.46732634740579,37.74612266102081],[-122.46716431036864,37.74623840176164],[-122.46701384740557,37.746388864724715],[-122.46687495851657,37.74657404991003],[-122.46686338444249,37.74671293879902],[-122.46697912518331,37.746805531391686],[-122.46722218073904,37.74685182768801],[-122.46759255110968,37.74685182768801],[-122.46787032888766,37.74684025361393],[-122.46805551407297,37.746817105465766],[-122.46814810666564,37.74678238324352],[-122.46814810666564,37.74673608694719],[-122.46826384740646,37.74670136472494],[-122.46849532888811,37.746678216576775],[-122.46884255111058,37.746666642502696],[-122.4693055140739,37.746666642502696],[-122.46964116222229,37.74663192028045],[-122.46984949555576,37.74656247583595],[-122.46993051407435,37.74645830916921],[-122.46988421777802,37.746319420280216],[-122.46979162518537,37.74621525361348],[-122.46965273629637,37.74614580916898],[-122.46946755111105,37.74611108694673],[-122.4692360696294,37.74611108694673],[-122.46905088444407,37.74609951287265],[-122.46891199555509,37.74607636472449],[-122.46881940296242,37.74604164250224],[-122.46877310666608,37.74599534620591],[-122.46869208814749,37.74596062398366],[-122.4685763474067,37.745937475835504],[-122.46842588444362,37.74592590176142],[-122.4682406992583,37.74592590176142],[-122.46805551407297,37.745937475835504],[-122.46787032888766,37.74596062398366],[-122.46768514370234,37.74599534620591]]],[[[-122.44233792146159,37.74458330916785],[-122.44229162516527,37.7446759017605],[-122.4423263473875,37.744745346205],[-122.44244208812836,37.74479164250133],[-122.44263884738776,37.7448147906495],[-122.44291662516574,37.7448147906495],[-122.44310181035105,37.74479164250133],[-122.44319440294372,37.744745346205],[-122.44319440294372,37.7446759017605],[-122.44310181035105,37.74458330916785],[-122.44299764368431,37.74451386472335],[-122.44288190294348,37.74446756842702],[-122.44275458812857,37.74444442027885],[-122.44261569923958,37.74444442027885],[-122.44249995849876,37.74446756842702],[-122.44240736590609,37.74451386472335],[-122.44233792146159,37.74458330916785]]],[[[-122.45847218073264,37.74162034620272],[-122.4585647733253,37.74171293879539],[-122.45858792147347,37.74182867953621],[-122.45854162517713,37.74196756842521],[-122.45842588443631,37.74212960546236],[-122.458240699251,37.742314790647676],[-122.45812495851017,37.742476827684825],[-122.45807866221382,37.74261571657382],[-122.458101810362,37.74273145731465],[-122.45819440295467,37.74282404990731],[-122.45828699554734,37.74287034620364],[-122.45837958813999,37.74287034620364],[-122.45847218073264,37.74282404990731],[-122.4585647733253,37.74273145731465],[-122.45872681036246,37.74266201287015],[-122.45895829184411,37.74261571657382],[-122.45925921777027,37.74259256842566],[-122.4596295881409,37.74259256842566],[-122.45990736591887,37.74260414249974],[-122.4600925511042,37.7426272906479],[-122.46018514369686,37.74266201287015],[-122.46018514369686,37.74270830916648],[-122.46023143999318,37.742754605462814],[-122.46032403258585,37.742800901759146],[-122.46046292147484,37.74284719805547],[-122.46064810666016,37.742893494351804],[-122.46081014369732,37.74288192027772],[-122.4609490325863,37.742812475833226],[-122.46106477332712,37.742685161018315],[-122.4611573659198,37.742499975833],[-122.46118051406798,37.742326364721755],[-122.46113421777163,37.742164327684605],[-122.4610184770308,37.742013864721535],[-122.46083329184549,37.741874975832545],[-122.46065968073425,37.74177080916581],[-122.4604976436971,37.74170136472131],[-122.46034718073402,37.74166664249906],[-122.46020829184503,37.74166664249906],[-122.46006940295604,37.74163192027682],[-122.45993051406704,37.74156247583232],[-122.45979162517806,37.74145830916558],[-122.45965273628907,37.74131942027658],[-122.45951384740009,37.741215253609845],[-122.45937495851109,37.741145809165346],[-122.4592360696221,37.7411110869431],[-122.45909718073311,37.7411110869431],[-122.45895829184411,37.741134235091266],[-122.45881940295511,37.74118053138759],[-122.45868051406613,37.74124997583209],[-122.45854162517715,37.741342568424756],[-122.45846060665858,37.741435161017414],[-122.4584374585104,37.741527753610065],[-122.45847218073264,37.74162034620272]]],[[[-122.44386569924049,37.74210645731419],[-122.44372681035149,37.742152753610526],[-122.44362264368475,37.74221062398093],[-122.44355319924026,37.74228006842543],[-122.44351847701802,37.74236108694401],[-122.44351847701802,37.742453679536666],[-122.44358792146251,37.74251154990708],[-122.4437268103515,37.742534698055245],[-122.443935143685,37.742523123981165],[-122.44421292146296,37.74247682768483],[-122.44438653257421,37.74241895731443],[-122.4444559770187,37.74234951286993],[-122.44442125479645,37.74226849435135],[-122.44428236590747,37.742175901758685],[-122.44414347701847,37.74211803138827],[-122.44400458812947,37.742094883240114],[-122.44386569924049,37.74210645731419]]],[[[-122.40851847699246,37.73784719805184],[-122.40851847699246,37.73789349434817],[-122.40858792143695,37.737939790644496],[-122.40872681032594,37.73798608694083],[-122.40893514365942,37.73803238323716],[-122.40921292143742,37.73807867953349],[-122.40943282884498,37.73806710545941],[-122.40959486588213,37.73799766101491],[-122.40969903254887,37.737870346200005],[-122.40974532884522,37.73768516101468],[-122.4097569029193,37.737534698051604],[-122.40973375477114,37.73741895731078],[-122.40967588440071,37.73733793879221],[-122.40958329180805,37.737291642495876],[-122.40949069921538,37.73729164249588],[-122.40939810662275,37.73733793879221],[-122.40930551403008,37.73743053138487],[-122.40921292143742,37.737569420273864],[-122.40910875477067,37.7376735869406],[-122.40899301402985,37.7377430313851],[-122.40886569921493,37.73777775360735],[-122.40872681032594,37.73777775360735],[-122.4086226436592,37.737789327681426],[-122.4085531992147,37.7378124758296],[-122.40851847699246,37.73784719805184]]],[[[-122.4849999585298,37.7365509017546],[-122.4849999585298,37.73659719805093],[-122.48515042149288,37.73663192027317],[-122.48545134741902,37.73665506842134],[-122.48590273630823,37.73666664249542],[-122.48650458816053,37.73666664249542],[-122.48695597704975,37.7366782165695],[-122.48725690297589,37.736701364717675],[-122.48740736593896,37.73673608693992],[-122.48740736593896,37.73678238323625],[-122.48751153260571,37.7368171054585],[-122.4877198659392,37.736840253606665],[-122.48803236593943,37.736851827680745],[-122.4884490326064,37.736851827680745],[-122.48880782890296,37.73687497582891],[-122.4891087548291,37.73692127212524],[-122.48935181038483,37.736990716569736],[-122.48953699557015,37.737083309162394],[-122.48962958816281,37.73710645731056],[-122.48962958816281,37.737060161014234],[-122.48953699557015,37.7369444202734],[-122.48935181038483,37.73675923508809],[-122.48907403260685,37.73662034619909],[-122.48870366223622,37.73652775360644],[-122.48824069927291,37.736481457310106],[-122.48768514371694,37.736481457310106],[-122.48726847704998,37.736469883236026],[-122.486990699272,37.73644673508785],[-122.486851810383,37.73641201286561],[-122.486851810383,37.73636571656928],[-122.48675921779035,37.73633099434703],[-122.48657403260503,37.73630784619887],[-122.48629625482704,37.73629627212478],[-122.48592588445639,37.73629627212478],[-122.48562495853025,37.73630784619887],[-122.4853934770486,37.73633099434703],[-122.48523144001145,37.73636571656928],[-122.4851388474188,37.73641201286561],[-122.48506940297429,37.73645830916194],[-122.48502310667797,37.73650460545827],[-122.4849999585298,37.7365509017546]]],[[[-122.4767823659312,37.73574071656883],[-122.47673606963488,37.73574071656883],[-122.47668977333855,37.73576386471699],[-122.4766434770422,37.73581016101332],[-122.47659718074587,37.73587960545782],[-122.47655088444957,37.735972198050476],[-122.47655088444957,37.73607636471722],[-122.4765971807459,37.736192105458045],[-122.47668977333855,37.73631942027295],[-122.47682866222753,37.73645830916194],[-122.47707171778326,37.73656247582868],[-122.47741894000575,37.736631920273176],[-122.47787032889497,37.73666664249542],[-122.47842588445093,37.73666664249542],[-122.47890042148832,37.7366782165695],[-122.47929394000711,37.736701364717675],[-122.47960644000734,37.73673608693992],[-122.479837921489,37.73678238323625],[-122.48008097704472,37.736840253606665],[-122.48033560667454,37.73690969805116],[-122.48060181037843,37.736990716569736],[-122.48087958815643,37.737083309162394],[-122.48111106963808,37.737129605458726],[-122.48129625482338,37.737129605458726],[-122.48143514371237,37.737083309162394],[-122.48152773630504,37.736990716569736],[-122.48155088445321,37.73692127212524],[-122.48150458815688,37.73687497582891],[-122.48138884741606,37.736851827680745],[-122.48120366223074,37.736851827680745],[-122.48101847704541,37.73682867953258],[-122.4808332918601,37.73678238323625],[-122.48064810667478,37.736712938791754],[-122.48046292148943,37.73662034619909],[-122.48026616223004,37.73653932768052],[-122.48005782889655,37.73646988323602],[-122.479837921489,37.73641201286561],[-122.47960644000734,37.73636571656928],[-122.47929394000711,37.73633099434703],[-122.47890042148832,37.73630784619887],[-122.47842588445093,37.73629627212478],[-122.47787032889497,37.73629627212478],[-122.47744208815391,37.73626154990254],[-122.47714116222777,37.73619210545804],[-122.47696755111653,37.7360879387913],[-122.47692125482021,37.73594904990231],[-122.47687495852388,37.73584488323557],[-122.47682866222753,37.73577543879107],[-122.4767823659312,37.73574071656883]]],[[[-122.4270369955245,37.73618053138396],[-122.4270369955245,37.73622682768029],[-122.42704856959858,37.73624997582846],[-122.42707171774674,37.73624997582846],[-122.42710643996898,37.73622682768029],[-122.42715273626533,37.73618053138396],[-122.42717588441349,37.73614580916171],[-122.42717588441349,37.736122661013546],[-122.42715273626533,37.73611108693947],[-122.42710643996898,37.73611108693947],[-122.42707171774674,37.736122661013546],[-122.42704856959858,37.73614580916171],[-122.4270369955245,37.73618053138396]]],[[[-122.41675921773923,37.73317127212252],[-122.41694440292453,37.7333101610115],[-122.41718745848027,37.73340275360416],[-122.41748838440641,37.733449049900486],[-122.41784718070296,37.73344904990049],[-122.41826384736996,37.73340275360416],[-122.41851847699976,37.733344883233755],[-122.41861106959242,37.733275438789256],[-122.41854162514792,37.73319442027068],[-122.41831014366628,37.73310182767801],[-122.41804393996237,37.73303238323352],[-122.41774301403623,37.732986086937196],[-122.41740736588784,37.73296293878903],[-122.4170369955172,37.73296293878903],[-122.41680551403554,37.732997661011275],[-122.4167129214429,37.733067105455774],[-122.41675921773923,37.73317127212252]]],[[[-122.489236069644,37.72826386471154],[-122.48909718075501,37.72821756841521],[-122.48902773631052,37.728205994341124],[-122.48902773631052,37.72822914248929],[-122.48909718075501,37.7282870128597],[-122.489236069644,37.72837960545236],[-122.48934023631074,37.72843747582277],[-122.48940968075524,37.72846062397094],[-122.48944440297748,37.72844904989686],[-122.48944440297748,37.72840275360053],[-122.48940968075524,37.7283564573042],[-122.48934023631074,37.728310161007876],[-122.489236069644,37.72826386471154]]],[[[-122.49092588446005,37.728472198045026],[-122.49092588446005,37.728564790637684],[-122.4909606066823,37.72863423508218],[-122.4910300511268,37.72868053137851],[-122.49113421779354,37.728703679526674],[-122.49127310668253,37.728703679526674],[-122.49140042149745,37.72868053137851],[-122.49151616223827,37.72863423508218],[-122.491620328905,37.728564790637684],[-122.49171292149767,37.728472198045026],[-122.49172449557175,37.72840275360053],[-122.49165505112724,37.7283564573042],[-122.49150458816418,37.728333309156035],[-122.49127310668253,37.728333309156035],[-122.49109949557129,37.7283564573042],[-122.49098375483047,37.72840275360053],[-122.49092588446005,37.728472198045026]]],[[[-122.4887731066807,37.72803238322989],[-122.48881940297703,37.72807867952622],[-122.48885412519928,37.72810182767438],[-122.48887727334744,37.72810182767438],[-122.48888884742153,37.72807867952622],[-122.48888884742153,37.72803238322989],[-122.48887727334744,37.72799766100765],[-122.48885412519928,37.727974512859475],[-122.48881940297703,37.727962938785396],[-122.4887731066807,37.727962938785396],[-122.48874995853254,37.727974512859475],[-122.48874995853254,37.72799766100765],[-122.4887731066807,37.72803238322989]]],[[[-122.48706014371649,37.728773123971166],[-122.48719903260549,37.7288194202675],[-122.48733792149449,37.72883099434158],[-122.48747681038344,37.72880784619342],[-122.48761569927244,37.72874997582301],[-122.48775458816144,37.72865738323034],[-122.48785875482818,37.72856479063768],[-122.48792819927267,37.728472198045026],[-122.48796292149493,37.72837960545236],[-122.48796292149493,37.7282870128597],[-122.48793977334675,37.72824071656337],[-122.48789347705042,37.72824071656337],[-122.48782403260593,37.7282870128597],[-122.48773144001326,37.72837960545236],[-122.48761569927244,37.72846062397094],[-122.48747681038346,37.72853006841543],[-122.4873147733463,37.72858793878584],[-122.48712958816098,37.728634235082176],[-122.48702542149424,37.72868053137851],[-122.48700227334609,37.72872682767484],[-122.48706014371649,37.728773123971166]]],[[[-122.37277773622561,37.726435161006506],[-122.37277773622561,37.726527753599164],[-122.37282403252195,37.72664349433999],[-122.3729166251146,37.72678238322898],[-122.3730555140036,37.726944420266136],[-122.37324069918891,37.72712960545145],[-122.37341431030015,37.72728006841453],[-122.37357634733732,37.727395809155354],[-122.37372681030038,37.72747682767393],[-122.37386569918938,37.72752312397026],[-122.37401616215246,37.727546272118424],[-122.3741781991896,37.727546272118424],[-122.37435181030082,37.72752312397026],[-122.37453699548615,37.72747682767393],[-122.37479162511596,37.727442105451686],[-122.3751156991903,37.72741895730351],[-122.3755092177091,37.72740738322943],[-122.37597218067239,37.72740738322943],[-122.37631940289486,37.727395809155354],[-122.37655088437651,37.72737266100718],[-122.37666662511734,37.727337938784935],[-122.37666662511734,37.72729164248861],[-122.3766319028951,37.72724534619228],[-122.37656245845059,37.72719904989595],[-122.37645829178385,37.72715275359962],[-122.37631940289486,37.727106457303286],[-122.37608792141322,37.72707173508104],[-122.3757638473389,37.727048586932874],[-122.37534718067192,37.727037012858794],[-122.37483792141231,37.727037012858794],[-122.37437495844901,37.72699071656246],[-122.37395829178202,37.726898123969804],[-122.37358792141139,37.72675923508081],[-122.37326384733709,37.7265740498955],[-122.37302079178134,37.72645830915467],[-122.3728587547442,37.72641201285834],[-122.37277773622561,37.726435161006506]]],[[[-122.37048606955727,37.72641201285834],[-122.37043977326094,37.72636571656201],[-122.37030088437196,37.72633099433976],[-122.37006940289031,37.7263078461916],[-122.369745328816,37.726296272117516],[-122.36932866214903,37.726296272117516],[-122.3689467177043,37.726296272117516],[-122.36859949548182,37.726296272117516],[-122.36828699548158,37.726296272117516],[-122.36800921770362,37.726296272117516],[-122.36778931029605,37.72627312396935],[-122.36762727325888,37.726226827673024],[-122.36752310659213,37.726157383228525],[-122.36747681029581,37.72606479063586],[-122.36738421770315,37.72599534619137],[-122.36724532881416,37.72594904989504],[-122.36706014362885,37.725925901746876],[-122.36682866214719,37.725925901746876],[-122.36670134733228,37.725937475820956],[-122.36667819918412,37.72596062396913],[-122.36675921770271,37.72599534619137],[-122.36694440288802,37.7260416424877],[-122.36708329177702,37.726099512858106],[-122.36717588436969,37.726168957302605],[-122.367222180666,37.72624997582118],[-122.367222180666,37.72634256841384],[-122.36725690288826,37.726435161006506],[-122.36732634733275,37.72652775359916],[-122.3674305139995,37.72662034619182],[-122.36756940288849,37.72671293878449],[-122.36774301399973,37.72678238322898],[-122.36795134733322,37.726828679525305],[-122.36819440288895,37.72685182767347],[-122.36847218066691,37.72685182767347],[-122.36871523622264,37.726828679525305],[-122.36892356955613,37.72678238322898],[-122.36909718066737,37.72671293878449],[-122.36923606955635,37.72662034619182],[-122.36938653251943,37.72655090174732],[-122.3695485695566,37.726504605451],[-122.36972218066784,37.72648145730283],[-122.36990736585314,37.72648145730283],[-122.37009255103845,37.726504605451],[-122.3702777362238,37.72655090174732],[-122.37046292140911,37.72662034619182],[-122.37064810659444,37.72671293878449],[-122.37078699548343,37.72675923508081],[-122.37087958807608,37.72675923508081],[-122.37092588437241,37.72671293878449],[-122.37092588437241,37.72662034619182],[-122.37090273622425,37.72655090174732],[-122.37085643992792,37.726504605451],[-122.37078699548343,37.72648145730283],[-122.37069440289076,37.72648145730283],[-122.37061338437218,37.726469883228745],[-122.37054393992769,37.726446735080586],[-122.37048606955727,37.72641201285834]]],[[[-122.49092588446005,37.720324049890955],[-122.49092588446005,37.720416642483606],[-122.4909606066823,37.72052080915035],[-122.4910300511268,37.72063654989118],[-122.49113421779354,37.720763864706086],[-122.49127310668253,37.72090275359508],[-122.49140042149745,37.721006920261814],[-122.49151616223827,37.72107636470631],[-122.491620328905,37.72111108692856],[-122.49171292149767,37.72111108692856],[-122.49172449557175,37.72105321655815],[-122.49165505112724,37.72093747581732],[-122.49150458816418,37.720763864706086],[-122.49127310668253,37.72053238322444],[-122.49109949557129,37.72038192026137],[-122.49098375483047,37.72031247581687],[-122.49092588446005,37.720324049890955]]],[[[-122.49006940297795,37.71898145729738],[-122.49011569927427,37.7191666424827],[-122.49019671779284,37.719351827668014],[-122.49031245853368,37.71953701285334],[-122.49046292149676,37.71972219803866],[-122.49064810668207,37.719907383223976],[-122.49078699557107,37.72001154989072],[-122.49087958816372,37.72003469803889],[-122.49092588446005,37.719976827668475],[-122.49092588446005,37.719837938779484],[-122.4908911622378,37.719687475816414],[-122.49082171779331,37.719525438779264],[-122.49071755112656,37.71935182766802],[-122.49057866223758,37.719166642482705],[-122.49045134742268,37.71901617951963],[-122.49033560668185,37.7189004387788],[-122.49023144001511,37.718819420260225],[-122.49013884742244,37.7187731239639],[-122.49008097705203,37.71878469803798],[-122.49005782890387,37.71885414248248],[-122.49006940297795,37.71898145729738]]],[[[-122.40819440291814,37.71863423507491],[-122.40810181032549,37.718587938778576],[-122.4080207918069,37.71855321655633],[-122.40795134736241,37.718530068408164],[-122.407893476992,37.718518494334084],[-122.40784718069565,37.718518494334084],[-122.40781245847342,37.718530068408164],[-122.40778931032526,37.71855321655633],[-122.40777773625118,37.718587938778576],[-122.40777773625118,37.71863423507491],[-122.40781245847342,37.718668957297155],[-122.40788190291792,37.71869210544532],[-122.40798606958467,37.7187036795194],[-122.40812495847365,37.7187036795194],[-122.40820597699224,37.71869210544532],[-122.4082291251404,37.718668957297155],[-122.40819440291814,37.71863423507491]]],[[[-122.39627310661315,37.71405090173825],[-122.39613421772415,37.714282383219896],[-122.39601847698333,37.71439812396072],[-122.39592588439068,37.71439812396072],[-122.39585643994619,37.714282383219896],[-122.39581014364984,37.71405090173825],[-122.39571755105717,37.71387729062701],[-122.39557866216819,37.713761549886186],[-122.39539347698286,37.71370367951577],[-122.39516199550121,37.71370367951577],[-122.39498838438999,37.7136805313676],[-122.39487264364914,37.713634235071275],[-122.39481477327874,37.713564790626776],[-122.39481477327874,37.71347219803411],[-122.39476847698239,37.71339117951554],[-122.39467588438976,37.71332173507104],[-122.39453699550076,37.71326386470063],[-122.39435181031544,37.7132175684043],[-122.39416662513011,37.71317127210797],[-122.3939814399448,37.713124975811645],[-122.39379625475948,37.71307867951531],[-122.39361106957415,37.71303238321898],[-122.39346060661109,37.71297451284857],[-122.39334486587026,37.712905068404076],[-122.39326384735168,37.7128240498855],[-122.39321755105537,37.71273145729284],[-122.39310181031455,37.712615716552015],[-122.3929166251292,37.712476827663025],[-122.3926619954994,37.71231479062587],[-122.39233792142508,37.71212960544055],[-122.39203699549893,37.71200229062564],[-122.39175921772096,37.71193284618115],[-122.39150458809114,37.71192127210706],[-122.39127310660949,37.711967568403395],[-122.39104162512784,37.712002290625634],[-122.39081014364619,37.71202543877381],[-122.39057866216454,37.71203701284789],[-122.39034718068288,37.71203701284789],[-122.39015042142347,37.71202543877381],[-122.38998838438631,37.712002290625634],[-122.38986106957141,37.711967568403395],[-122.38976847697876,37.71192127210706],[-122.38964116216385,37.7118981239589],[-122.3894791251267,37.7118981239589],[-122.3892823658673,37.71192127210706],[-122.38905088438565,37.711967568403395],[-122.38886569920032,37.71203701284789],[-122.38872681031134,37.712129605440545],[-122.38863421771867,37.71224534618137],[-122.38858792142233,37.71238423507037],[-122.38859949549641,37.71251154988527],[-122.38866893994091,37.712627290626095],[-122.38879625475583,37.71273145729284],[-122.38898143994115,37.7128240498855],[-122.38916662512648,37.712905068404076],[-122.38935181031178,37.71297451284857],[-122.3895369954971,37.71303238321898],[-122.38972218068244,37.71307867951531],[-122.38990736586776,37.713136549885725],[-122.39009255105307,37.71320599433022],[-122.3902777362384,37.713287012848795],[-122.39046292142372,37.71337960544145],[-122.39064810660904,37.71349534618228],[-122.39083329179437,37.713634235071275],[-122.39101847697968,37.713796272108425],[-122.391203662165,37.71398145729375],[-122.39141199549849,37.71413192025682],[-122.39164347698014,37.71424766099764],[-122.39189810660994,37.71432867951622],[-122.39217588438794,37.714374975812554],[-122.39241893994367,37.714444420257045],[-122.39262727327716,37.7145370128497],[-122.3928008843884,37.71465275359053],[-122.39293977327738,37.714791642479526],[-122.39307866216637,37.71490738322035],[-122.39321755105537,37.714999975813],[-122.39335643994436,37.7150694202575],[-122.39349532883334,37.71511571655383],[-122.39369208809273,37.71515043877608],[-122.39394671772256,37.715173586924244],[-122.39425921772279,37.715185160998324],[-122.39462958809342,37.715185160998324],[-122.39495366216774,37.71521988322057],[-122.39523143994572,37.71528932766507],[-122.39546292142737,37.715393494331806],[-122.39564810661268,37.715532383220804],[-122.39584486587209,37.71564812396163],[-122.39605319920558,37.715740716554286],[-122.39627310661314,37.71581016099878],[-122.39650458809479,37.71585645729511],[-122.39674764365051,37.71589117951736],[-122.39700227328035,37.715914327665516],[-122.39726847698424,37.7159259017396],[-122.39754625476223,37.7159259017396],[-122.39775458809572,37.715902753591436],[-122.3978934769847,37.71585645729511],[-122.3979629214292,37.71578701285061],[-122.3979629214292,37.715694420257954],[-122.39793977328102,37.71559025359121],[-122.3978934769847,37.715474512850385],[-122.3978240325402,37.71534719803548],[-122.39773143994755,37.71520830914649],[-122.39759255105857,37.715034698035254],[-122.39740736587322,37.71482636470177],[-122.39717588439157,37.714583309146036],[-122.3968981066136,37.71430553136806],[-122.39668977328012,37.71408562396049],[-122.39655088439112,37.713923586923336],[-122.39648143994663,37.71381942025659],[-122.39648143994663,37.713773123960266],[-122.39644671772439,37.713796272108425],[-122.3963772732799,37.71388886470109],[-122.39627310661315,37.71405090173825]],[[-122.39212958809159,37.713634235071275],[-122.39194440290628,37.71358793877494],[-122.39177079179504,37.713518494330444],[-122.39160875475787,37.713425901737786],[-122.3914582917948,37.71331016099696],[-122.39131940290581,37.71317127210797],[-122.39121523623906,37.71304395729307],[-122.39114579179457,37.71292821655224],[-122.39111106957233,37.7128240498855],[-122.39111106957233,37.71273145729284],[-122.39114579179457,37.71263886470018],[-122.39121523623906,37.71254627210752],[-122.39131940290581,37.71245367951486],[-122.3914582917948,37.7123610869222],[-122.39157403253563,37.712337938774034],[-122.39166662512828,37.71238423507037],[-122.39173606957277,37.71249997581119],[-122.39178236586912,37.71268516099651],[-122.39186338438769,37.71284719803366],[-122.39197912512853,37.712986086922655],[-122.3921295880916,37.71310182766348],[-122.39231477327691,37.713194420256144],[-122.39244208809183,37.7132870128488],[-122.39251153253632,37.71337960544145],[-122.3925231066104,37.71347219803411],[-122.39247681031407,37.713564790626776],[-122.3923957917955,37.71362266099719],[-122.39228005105467,37.71364580914536],[-122.39212958809159,37.713634235071275]]],[[[-122.42567125478276,37.711319420254775],[-122.42562495848642,37.711458309143765],[-122.42565968070868,37.7115624758105],[-122.4257754214495,37.711631920255],[-122.4259721807089,37.71166664247725],[-122.42624995848689,37.71166664247725],[-122.4264467177463,37.71164349432908],[-122.4265624584871,37.711597198032756],[-122.42659718070935,37.71152775358826],[-122.42655088441305,37.71143516099559],[-122.42646986589446,37.71135414247702],[-122.42635412515364,37.71128469803252],[-122.42620366219057,37.71122682766212],[-122.42601847700524,37.711180531365784],[-122.42586801404218,37.71118053136579],[-122.42575227330133,37.71122682766212],[-122.42567125478276,37.711319420254775]]],[[[-122.50231477335726,37.711967568403395],[-122.50212958817194,37.71192127210706],[-122.50197912520886,37.71186340173666],[-122.50186338446804,37.71179395729216],[-122.50178236594947,37.71171293877359],[-122.50173606965313,37.71162034618092],[-122.50166662520864,37.71157404988459],[-122.50157403261598,37.71157404988459],[-122.50145829187515,37.71162034618092],[-122.50131940298617,37.71171293877359],[-122.50127310668984,37.711817105440325],[-122.50131940298617,37.71193284618115],[-122.50145829187515,37.71206016099606],[-122.5016897733568,37.712199049885044],[-122.50189810669029,37.71236108692219],[-122.5020832918756,37.71254627210752],[-122.50224532891276,37.712754605441],[-122.50238421780175,37.712986086922655],[-122.50252310669073,37.71318284618206],[-122.50266199557973,37.71334488321921],[-122.50280088446873,37.71347219803411],[-122.50293977335771,37.713564790626776],[-122.50304394002445,37.71358793877494],[-122.50311338446896,37.71354164247862],[-122.5031481066912,37.713425901737786],[-122.5031481066912,37.71324071655247],[-122.50313653261712,37.71307867951531],[-122.50311338446895,37.71293979062632],[-122.50307866224671,37.7128240498855],[-122.50303236595038,37.71273145729284],[-122.50297449557996,37.712627290626095],[-122.50290505113549,37.71251154988527],[-122.5028240326169,37.71238423507037],[-122.50273144002422,37.71224534618137],[-122.5026156992834,37.712129605440545],[-122.50247681039441,37.71203701284789],[-122.50231477335726,37.711967568403395]]],[[[-122.36196755103254,37.8091203462518],[-122.3619212547362,37.80902775365914],[-122.36187495843987,37.808969883288725],[-122.36182866214357,37.808946735140566],[-122.36178236584723,37.808958309214646],[-122.36173606955086,37.80900460551098],[-122.36172449547678,37.8090509018073],[-122.36174764362494,37.809097198103636],[-122.36180551399536,37.80914349439997],[-122.36189810658804,37.8091897906963],[-122.36195597695846,37.80920136477039],[-122.36197912510661,37.809178216622215],[-122.36196755103254,37.8091203462518]]],[[[-122.47881940296972,37.79560182772346],[-122.47877310667342,37.795509235130794],[-122.47869208815484,37.79545136476038],[-122.47857634741399,37.79542821661221],[-122.47842588445093,37.795439790686295],[-122.4782406992656,37.79548608698263],[-122.4781018103766,37.79554395735304],[-122.47800921778395,37.79561340179754],[-122.47796292148762,37.79569442031612],[-122.47796292148762,37.795787012908775],[-122.47802079185803,37.79584488327919],[-122.47813653259885,37.795868031427354],[-122.47831014371009,37.79585645735327],[-122.47854162519175,37.79581016105694],[-122.47870366222891,37.79575229068653],[-122.47879625482156,37.79568284624203],[-122.47881940296972,37.79560182772346]]],[[[-122.47604162518994,37.78775460549553],[-122.47599532889359,37.78761571660654],[-122.47594903259727,37.787499975865714],[-122.47590273630092,37.787407383273056],[-122.47585644000459,37.78733793882856],[-122.47581014370829,37.78729164253223],[-122.47579856963421,37.78730321660631],[-122.47582171778235,37.7873726610508],[-122.47587958815276,37.787499975865714],[-122.47597218074543,37.78768516105103],[-122.47603005111586,37.787789327717775],[-122.47605319926402,37.78781247586594],[-122.47604162518994,37.78775460549553]]],[[[-122.47655088444957,37.76837960548144],[-122.47659718074587,37.76828701288878],[-122.47658560667179,37.76819442029612],[-122.47651616222731,37.76810182770347],[-122.47638884741241,37.76800923511081],[-122.47620366222708,37.767916642518145],[-122.47597218074543,37.767847198073646],[-122.47569440296743,37.76780090177732],[-122.47537032889313,37.767777753629154],[-122.4749999585225,37.767777753629154],[-122.47472218074452,37.7678124758514],[-122.4745369955592,37.7678819202959],[-122.47444440296654,37.76798608696264],[-122.47444440296654,37.76812497585163],[-122.47452542148513,37.768229142518365],[-122.47468745852227,37.768298586962864],[-122.47493051407801,37.76833330918511],[-122.47525458815231,37.76833330918511],[-122.47554394000437,37.76834488325919],[-122.47579856963418,37.76836803140736],[-122.47601847704175,37.76840275362961],[-122.47620366222708,37.76844904992594],[-122.47635412519014,37.76846062400003],[-122.476469865931,37.768437475851854],[-122.47655088444957,37.76837960548144]]],[[[-122.44113421775702,37.76752312399934],[-122.44127310664601,37.76747682770301],[-122.44137727331275,37.767407383258515],[-122.44144671775726,37.76731479066586],[-122.4414814399795,37.76719904992503],[-122.4414814399795,37.767060161036035],[-122.44142356960909,37.76697914251746],[-122.44130782886826,37.7669559943693],[-122.44113421775702,37.76699071659154],[-122.44090273627536,37.7670833091842],[-122.44072912516413,37.767187475850946],[-122.4406133844233,37.76730321659177],[-122.44055551405289,37.767430531406674],[-122.44055551405289,37.76756942029567],[-122.44057866220105,37.76766201288833],[-122.44062495849738,37.767708309184655],[-122.44069440294187,37.767708309184655],[-122.44078699553454,37.76766201288833],[-122.44089116220128,37.767615716592],[-122.4410069029421,37.767569420295665],[-122.44113421775702,37.76752312399934]]],[[[-122.43925921775565,37.76481479066403],[-122.4396295881263,37.76481479066403],[-122.43993051405245,37.764803216589954],[-122.44016199553408,37.76478006844178],[-122.44032403257124,37.76474534621954],[-122.4404166251639,37.76469904992321],[-122.44046292146022,37.76461803140464],[-122.44046292146022,37.76450229066381],[-122.4404166251639,37.764351827700736],[-122.44032403257124,37.76416664251542],[-122.44019671775634,37.76402775362642],[-122.4400346807192,37.76393516103377],[-122.43983792145978,37.76388886473744],[-122.43960643997812,37.76388886473744],[-122.43939810664463,37.76394673510785],[-122.43921292145932,37.764062475848675],[-122.43905088442216,37.76423608695991],[-122.43891199553318,37.76446756844156],[-122.43890042145908,37.7646411795528],[-122.4390161621999,37.76475692029362],[-122.43925921775565,37.76481479066403]]],[[[-122.44446755109279,37.763263864736984],[-122.44460643998177,37.76321756844065],[-122.44476847701893,37.763124975848],[-122.44495366220424,37.762986086959],[-122.44516199553773,37.76280090177369],[-122.4453934770194,37.76256942029203],[-122.44553236590838,37.76238423510671],[-122.44557866220472,37.762245346217725],[-122.44553236590839,37.76215275362507],[-122.4453934770194,37.762106457328734],[-122.44525458813041,37.76211803140282],[-122.44511569924141,37.76218747584732],[-122.44497681035241,37.762314790662224],[-122.44483792146343,37.76249997584754],[-122.44469903257445,37.76265043881061],[-122.44456014368544,37.762766179551434],[-122.44442125479645,37.76284719807001],[-122.44428236590747,37.762893494366345],[-122.4441897733148,37.76295136473676],[-122.44414347701846,37.76302080918125],[-122.44414347701846,37.76310182769983],[-122.4441897733148,37.763194420292486],[-122.4442592177593,37.7632522906629],[-122.44435181035196,37.763275438811064],[-122.44446755109279,37.763263864736984]]],[[[-122.46124995851244,37.75782404991821],[-122.46134255110512,37.75773145732555],[-122.4613541251792,37.75762729065881],[-122.4612846807347,37.757511549917986],[-122.46113421777163,37.757384235103075],[-122.46090273628998,37.75724534621409],[-122.46064810666017,37.75714117954735],[-122.46037032888218,37.75707173510285],[-122.46006940295604,37.7570370128806],[-122.45974532888172,37.7570370128806],[-122.4594906992519,37.75707173510285],[-122.45930551406659,37.75714117954735],[-122.45918977332576,37.75724534621409],[-122.45914347702943,37.757384235103075],[-122.45917819925168,37.75748840176982],[-122.45929393999252,37.75755784621432],[-122.45949069925192,37.757592568436564],[-122.45976847702988,37.757592568436564],[-122.45997681036337,37.75761571658473],[-122.46011569925236,37.757662012881056],[-122.46018514369686,37.75773145732555],[-122.46018514369686,37.75782404991821],[-122.46024301406726,37.75789349436271],[-122.46035875480811,37.75793979065904],[-122.46053236591933,37.757962938807204],[-122.46076384740098,37.757962938807204],[-122.4609606066604,37.75793979065904],[-122.46112264369754,37.75789349436271],[-122.46124995851244,37.75782404991821]]],[[[-122.472407365928,37.75585645732419],[-122.472407365928,37.75581016102786],[-122.47237264370577,37.75575229065745],[-122.47230319926126,37.755682846212956],[-122.47219903259452,37.75560182769438],[-122.47206014370553,37.75550923510172],[-122.47195597703879,37.75546293880539],[-122.47188653259428,37.75546293880539],[-122.47185181037204,37.75550923510172],[-122.47185181037204,37.75560182769438],[-122.47188653259428,37.755682846212956],[-122.47195597703879,37.75575229065745],[-122.47206014370553,37.75581016102786],[-122.47219903259452,37.75585645732419],[-122.47230319926126,37.75587960547236],[-122.47237264370577,37.75587960547236],[-122.472407365928,37.75585645732419]]],[[[-122.44622681035334,37.75412034621181],[-122.446180514057,37.754027753619155],[-122.44611106961251,37.75394673510058],[-122.44601847701985,37.753877290656085],[-122.44590273627902,37.75381942028567],[-122.44576384739004,37.75377312398934],[-122.44562495850106,37.75377312398934],[-122.44548606961206,37.75381942028567],[-122.44534718072306,37.75391201287833],[-122.44520829183408,37.75405090176732],[-122.4451851436859,37.75415506843406],[-122.44527773627856,37.75422451287856],[-122.44548606961204,37.754259235100804],[-122.44581014368636,37.754259235100804],[-122.44604162516801,37.75423608695264],[-122.446180514057,37.75418979065631],[-122.44622681035334,37.75412034621181]]],[[[-122.44865736591066,37.75319442028522],[-122.44874995850333,37.75310182769256],[-122.44880782887374,37.75302080917398],[-122.44883097702188,37.75295136472949],[-122.4488194029478,37.75289349435908],[-122.4487731066515,37.752847198062746],[-122.44868051405884,37.7528124758405],[-122.44854162516984,37.75278932769233],[-122.44835643998452,37.75277775361825],[-122.44812495850286,37.75277775361825],[-122.44787032887305,37.75276617954417],[-122.44759255109507,37.752743031395994],[-122.44729162516893,37.752708309173755],[-122.44696755109462,37.75266201287742],[-122.44672449553887,37.75267358695151],[-122.44656245850173,37.752743031396],[-122.44648143998315,37.75287034621091],[-122.44648143998315,37.75305553139623],[-122.44660875479806,37.753194420285226],[-122.44686338442787,37.75328701287788],[-122.4472453288726,37.75333330917421],[-122.44775458813223,37.75333330917421],[-122.44815968072511,37.75331016102604],[-122.44846060665125,37.75326386472972],[-122.44865736591066,37.75319442028522]]],[[[-122.47074069926012,37.752939790655404],[-122.47074069926012,37.75280090176642],[-122.4706944029638,37.752708309173755],[-122.47060181037114,37.75266201287743],[-122.47046292148214,37.75266201287742],[-122.47027773629682,37.752708309173755],[-122.47018514370416,37.75276617954416],[-122.47018514370416,37.75283562398866],[-122.47027773629682,37.75291664250724],[-122.47046292148214,37.753009235099896],[-122.47060181037114,37.75304395732215],[-122.4706944029638,37.753020809173975],[-122.47074069926012,37.752939790655404]]],[[[-122.44729161714876,37.7512831067787],[-122.44741199072729,37.75115087308382],[-122.44744440054076,37.75105003401414],[-122.4473888465892,37.75098058956964],[-122.4472453288726,37.75094253975034],[-122.44701384739093,37.75093588455623],[-122.44686801325548,37.75096561538289],[-122.44680782646623,37.751031732230324],[-122.44683328702317,37.75113423509853],[-122.44694439492629,37.75127312398753],[-122.44705781924827,37.75134423223055],[-122.4471735599891,37.75134755982761],[-122.44729161714876,37.7512831067787]]],[[[-122.47013884740784,37.749374975838],[-122.46986106962984,37.74932867954167],[-122.46966431037045,37.74931710546758],[-122.46954856962962,37.74934025361575],[-122.46951384740737,37.74939812398616],[-122.4695601437037,37.74949071657882],[-122.46965273629637,37.74954858694923],[-122.46979162518537,37.7495717350974],[-122.46997681037068,37.74956016102332],[-122.47020829185233,37.749513864726985],[-122.47031245851906,37.74946756843066],[-122.47028931037092,37.749421272134335],[-122.47013884740784,37.749374975838]]],[[[-122.46738421777619,37.74777775361461],[-122.46761569925785,37.74777775361461],[-122.467777736295,37.74775460546645],[-122.46787032888766,37.74770830917012],[-122.46789347703583,37.74763886472562],[-122.46784718073948,37.747546272132965],[-122.46774301407274,37.747476827688466],[-122.4675809770356,37.74743053139214],[-122.46736106962803,37.747407383243974],[-122.46708329185006,37.747407383243974],[-122.46689810666474,37.74743053139214],[-122.46680551407208,37.747476827688466],[-122.46680551407206,37.747546272132965],[-122.46689810666471,37.74763886472562],[-122.46702542147962,37.74770830917012],[-122.46718745851678,37.74775460546645],[-122.46738421777619,37.74777775361461]]],[[[-122.45222218072809,37.74763886472562],[-122.45222218072809,37.747546272132965],[-122.45218745850585,37.74744210546622],[-122.45211801406134,37.747326364725396],[-122.4520138473946,37.74719904991049],[-122.45187495850561,37.747060161021494],[-122.4517476436907,37.74697914250292],[-122.45163190294987,37.74695599435475],[-122.45152773628313,37.746990716577],[-122.45143514369046,37.74708330916966],[-122.45141199554229,37.747199049910485],[-122.45145829183863,37.74733793879948],[-122.45157403257946,37.74749997583663],[-122.45175921776479,37.747685161021955],[-122.45190968072785,37.74781247583687],[-122.45202542146868,37.74788192028136],[-122.45210643998726,37.747893494355445],[-122.45215273628358,37.74784719805911],[-122.45218745850583,37.7477893276887],[-122.452210606654,37.7477198832442],[-122.45222218072809,37.74763886472562]]],[[[-122.44229162516527,37.743680531389415],[-122.44233792146159,37.74354164250042],[-122.4423263473875,37.74343747583368],[-122.44225690294303,37.74336803138918],[-122.44212958812813,37.743333309166935],[-122.44194440294278,37.743333309166935],[-122.4418055140538,37.7433564573151],[-122.44171292146115,37.74340275361143],[-122.44166662516481,37.743472198055926],[-122.44166662516481,37.743564790648584],[-122.44170134738705,37.74364580916716],[-122.44177079183156,37.74371525361166],[-122.4418749584983,37.74377312398207],[-122.44201384738729,37.743819420278406],[-122.44212958812813,37.743819420278406],[-122.44222218072078,37.74377312398207],[-122.44229162516527,37.743680531389415]]],[[[-122.44238421775795,37.74212960546236],[-122.44224532886895,37.74194442027704],[-122.4421411622022,37.7417708091658],[-122.44207171775771,37.74160877212865],[-122.44203699553546,37.74145830916558],[-122.44203699553546,37.74131942027658],[-122.4420138473873,37.74119210546168],[-122.44196755109098,37.741076364720854],[-122.44189810664648,37.74097219805411],[-122.4418055140538,37.74087960546145],[-122.4416781992389,37.74079858694287],[-122.44151616220174,37.740729142498374],[-122.44131940294234,37.74067127212796],[-122.44108792146069,37.74062497583163],[-122.4408795881272,37.74060182768346],[-122.44069440294189,37.74060182768346],[-122.44053236590473,37.74062497583163],[-122.44039347701575,37.74067127212796],[-122.44032403257125,37.74074071657246],[-122.44032403257125,37.74083330916512],[-122.44039347701575,37.74094904990594],[-122.44053236590473,37.74108793879494],[-122.4406133844233,37.741215253609845],[-122.44063653257147,37.74133099435067],[-122.44060181034922,37.741435161017414],[-122.44050921775656,37.74152775361007],[-122.44039347701573,37.741574049906404],[-122.44025458812675,37.741574049906404],[-122.4400925510896,37.74152775361007],[-122.43990736590428,37.741435161017414],[-122.43975690294121,37.741342568424756],[-122.43964116220036,37.74124997583209],[-122.43956014368179,37.741157383239425],[-122.43951384738546,37.741064790646774],[-122.43945597701504,37.74100692027636],[-122.43938653257055,37.74098377212819],[-122.43930551405198,37.740995346202276],[-122.43921292145932,37.7410416424986],[-122.43914347701482,37.7411110869431],[-122.4390971807185,37.74120367953576],[-122.43907403257033,37.74131942027658],[-122.43907403257033,37.74145830916558],[-122.43918977331117,37.74160877212865],[-122.4394212547928,37.7417708091658],[-122.43976847701528,37.74194442027704],[-122.44023143997859,37.74212960546236],[-122.44068282886779,37.74226849435135],[-122.44112264368293,37.742361086944015],[-122.44155088442399,37.74240738324034],[-122.44196755109095,37.74240738324034],[-122.44224532886895,37.742361086944015],[-122.44238421775795,37.74226849435135],[-122.44238421775795,37.74212960546236]]],[[[-122.41270829181033,37.74240738324034],[-122.41229162514335,37.74240738324034],[-122.41197912514313,37.74241895731443],[-122.41177079180963,37.74244210546259],[-122.4116666251429,37.74247682768483],[-122.4116666251429,37.742523123981165],[-122.41177079180963,37.742546272129324],[-122.41197912514313,37.742546272129324],[-122.41229162514335,37.742523123981165],[-122.41270829181033,37.74247682768483],[-122.41291662514382,37.74244210546259],[-122.41291662514382,37.74241895731443],[-122.41270829181033,37.74240738324034]]],[[[-122.43687495849466,37.739305531386236],[-122.43701384738365,37.73921293879357],[-122.43715273627265,37.73915506842316],[-122.4372916251616,37.739131920274986],[-122.4374305140506,37.73914349434907],[-122.4375694029396,37.739189790645405],[-122.43768514368043,37.73920136471949],[-122.43777773627308,37.739178216571325],[-122.43784718071757,37.73912034620091],[-122.43789347701392,37.739027753608255],[-122.43787032886574,37.738958309163756],[-122.43777773627309,37.73891201286743],[-122.43761569923593,37.738888864719264],[-122.43738421775427,37.738888864719264],[-122.43718745849486,37.73892358694151],[-122.4370254214577,37.73899303138601],[-122.4368981066428,37.73909719805275],[-122.43680551405015,37.73923608694173],[-122.43677079182791,37.73931710546031],[-122.43679393997608,37.73934025360848],[-122.43687495849466,37.739305531386236]]],[[[-122.43937495849647,37.73893516101559],[-122.43932866220015,37.73884256842293],[-122.43924764368157,37.73877312397843],[-122.43913190294074,37.73872682768211],[-122.43898143997768,37.73870367953394],[-122.43879625479234,37.73870367953394],[-122.43871523627377,37.73872682768211],[-122.43873838442192,37.73877312397843],[-122.43886569923684,37.73884256842293],[-122.43909718071849,37.73893516101559],[-122.43925921775565,37.73898145731192],[-122.43935181034831,37.73898145731192],[-122.43937495849647,37.73893516101559]]],[[[-122.45520829184137,37.73807867953349],[-122.45534718073036,37.73803238323716],[-122.4554513473971,37.73797451286675],[-122.4555207918416,37.73790506842225],[-122.45555551406385,37.73782404990368],[-122.45555551406385,37.737731457311014],[-122.45549764369343,37.7376735869406],[-122.45538190295261,37.73765043879243],[-122.45520829184137,37.737662012866515],[-122.45497681035972,37.73770830916285],[-122.45473375480398,37.737743031385094],[-122.45447912517417,37.73776617953327],[-122.45421292147027,37.73777775360735],[-122.45393514369229,37.73777775360735],[-122.45371523628472,37.73775460545918],[-122.45355319924757,37.73770830916285],[-122.45344903258082,37.73763886471835],[-122.45340273628452,37.7375462721257],[-122.45333329184001,37.7374768276812],[-122.45324069924736,37.73743053138487],[-122.45312495850654,37.7374073832367],[-122.45298606961754,37.7374073832367],[-122.45287032887671,37.73743053138487],[-122.45277773628406,37.7374768276812],[-122.45270829183957,37.7375462721257],[-122.4526619955432,37.73763886471835],[-122.4525925510987,37.73770830916285],[-122.45249995850605,37.73775460545918],[-122.45238421776523,37.73777775360735],[-122.45224532887623,37.73777775360735],[-122.45211801406131,37.73781247582959],[-122.45200227332052,37.73788192027409],[-122.45189810665377,37.73798608694083],[-122.4518055140611,37.73812497582982],[-122.45184023628335,37.73822914249656],[-122.45200227332052,37.738298586941056],[-122.45229162517258,37.7383333091633],[-122.45270829183954,37.7383333091633],[-122.45302079183978,37.73832173508922],[-122.45322912517327,37.738298586941056],[-122.45333329184001,37.73826386471881],[-122.45333329184001,37.73821756842248],[-122.45343745850676,37.73818284620023],[-122.45364579184023,37.738159698052065],[-122.45395829184045,37.738148123977986],[-122.45437495850744,37.738148123977986],[-122.45472218072992,37.7381365499039],[-122.4549999585079,37.73811340175574],[-122.45520829184137,37.73807867953349]]],[[[-122.43437495849284,37.7379397906445],[-122.43432866219649,37.737800901755506],[-122.434259217752,37.73768516101468],[-122.43416662515934,37.73759256842202],[-122.43405088441851,37.737523123977525],[-122.43391199552953,37.7374768276812],[-122.4337962547887,37.7374073832367],[-122.43370366219604,37.737314790644035],[-122.43363421775155,37.73719904990321],[-122.43358792145521,37.73706016101423],[-122.43350690293664,37.73693284619932],[-122.43339116219582,37.7368171054585],[-122.43324069923274,37.736712938791754],[-122.43305551404742,37.73662034619909],[-122.43291662515843,37.736574049902764],[-122.43282403256576,37.736574049902764],[-122.43277773626943,37.73662034619909],[-122.43277773626943,37.736712938791754],[-122.43285875478801,37.73686340175483],[-122.43302079182517,37.73707173508832],[-122.43326384738091,37.737337938792216],[-122.4335879214552,37.737662012866515],[-122.43385412515912,37.73790506842225],[-122.4340624584926,37.73806710545941],[-122.43421292145567,37.738148123977986],[-122.43430551404833,37.738148123977986],[-122.43436338441876,37.73811340175574],[-122.43438653256692,37.73804395731124],[-122.43437495849284,37.7379397906445]]],[[[-122.48296292149128,37.73777775360735],[-122.48333329186191,37.73777775360735],[-122.48362264371397,37.73775460545918],[-122.48383097704746,37.73770830916285],[-122.48395829186236,37.73763886471835],[-122.48400458815871,37.7375462721257],[-122.4839351437142,37.737499975829365],[-122.4837499585289,37.737499975829365],[-122.48344903260275,37.7375462721257],[-122.48303236593577,37.73763886471835],[-122.4828124585282,37.73770830916285],[-122.48278931038004,37.73775460545918],[-122.48296292149128,37.73777775360735]]],[[[-122.44537032887122,37.73745367953303],[-122.44537032887122,37.737361086940375],[-122.44532403257489,37.737291642495876],[-122.44523143998224,37.73724534619955],[-122.44509255109325,37.737222198051384],[-122.44490736590791,37.737222198051384],[-122.44473375479669,37.73718747582914],[-122.44457171775953,37.73711803138464],[-122.44442125479645,37.7370138647179],[-122.44428236590747,37.736874975828904],[-122.4441203288703,37.73677080916217],[-122.443935143685,37.73670136471767],[-122.4437268103515,37.73666664249542],[-122.44349532886986,37.73666664249542],[-122.44332171775864,37.73668979064359],[-122.44320597701778,37.73673608693991],[-122.44314810664739,37.73680553138441],[-122.44314810664739,37.73689812397707],[-122.44311338442513,37.73697914249565],[-122.44304393998064,37.73704858694014],[-122.4429397733139,37.73710645731055],[-122.4428008844249,37.737152753606885],[-122.44270829183223,37.737222198051384],[-122.44266199553593,37.73731479064404],[-122.44266199553593,37.73743053138487],[-122.44270829183223,37.737569420273864],[-122.44277773627672,37.7376735869406],[-122.44287032886939,37.7377430313851],[-122.44298606961023,37.73777775360735],[-122.44312495849921,37.73777775360735],[-122.44327542146229,37.73775460545918],[-122.44343745849945,37.73770830916285],[-122.44361106961068,37.73763886471835],[-122.443796254796,37.7375462721257],[-122.44394671775908,37.737499975829365],[-122.44406245849987,37.737499975829365],[-122.44414347701846,37.7375462721257],[-122.4441897733148,37.73763886471835],[-122.44429393998155,37.73769673508876],[-122.44445597701869,37.737719883236934],[-122.44467588442626,37.73770830916285],[-122.44495366220426,37.737662012866515],[-122.44516199553773,37.7376041424961],[-122.44530088442673,37.73753469805161],[-122.44537032887122,37.73745367953303]]],[[[-122.45759255110238,37.73652775360643],[-122.45759255110238,37.73643516101377],[-122.45749995850971,37.736365716569274],[-122.4573147733244,37.73631942027295],[-122.45703699554642,37.73629627212478],[-122.45666662517577,37.73629627212478],[-122.45640042147187,37.73631942027295],[-122.45623838443471,37.736365716569274],[-122.4561805140643,37.73643516101377],[-122.45622681036062,37.73652775360643],[-122.45634255110144,37.73659719805093],[-122.45652773628677,37.736643494347256],[-122.45678236591658,37.73666664249542],[-122.45710643999092,37.73666664249542],[-122.45734949554665,37.736643494347256],[-122.4575115325838,37.73659719805093],[-122.45759255110238,37.73652775360643]]],[[[-122.4496990325781,37.73629627212478],[-122.44974532887443,37.73629627212478],[-122.44973375480035,37.7362846980507],[-122.44966431035586,37.73626154990254],[-122.44953699554094,37.73622682768029],[-122.44935181035561,37.73618053138396],[-122.44920134739255,37.73616895730987],[-122.44908560665169,37.736192105458045],[-122.44900458813312,37.73624997582846],[-122.44895829183682,37.73634256842112],[-122.4489698659109,37.736400438791534],[-122.44903931035537,37.736423586939694],[-122.44916662517028,37.73641201286561],[-122.44935181035561,37.73636571656928],[-122.44950227331867,37.73633099434703],[-122.44961801405952,37.73630784619887],[-122.4496990325781,37.73629627212478]]],[[[-122.45474532887806,37.73592590175414],[-122.45581014369367,37.73592590175414],[-122.4565856066572,37.73587960545781],[-122.45707171776866,37.73578701286516],[-122.45726847702807,37.73564812397616],[-122.4571758844354,37.735462938790846],[-122.45695597702783,37.73532404990185],[-122.45660875480536,37.7352314573092],[-122.45613421776798,37.735185161012865],[-122.45553236591569,37.735185161012865],[-122.4550578288783,37.735173586938785],[-122.45471060665582,37.73515043879061],[-122.45449069924825,37.73511571656837],[-122.45439810665559,37.73506942027204],[-122.45428236591476,37.73504627212388],[-122.45414347702578,37.73504627212388],[-122.45398143998864,37.73506942027204],[-122.45379625480331,37.73511571656837],[-122.45363421776615,37.735196735086944],[-122.45349532887715,37.73531247582777],[-122.45337958813633,37.735462938790846],[-122.45328699554368,37.73564812397616],[-122.45348375480309,37.73578701286516],[-122.45396986591453,37.73587960545781],[-122.45474532887806,37.73592590175414]]],[[[-122.45236106961707,37.734745346197734],[-122.4520832918391,37.7346990499014],[-122.45188653257969,37.734687475827315],[-122.45177079183884,37.73471062397549],[-122.4517360696166,37.7347684943459],[-122.45178236591295,37.734861086938565],[-122.45187495850561,37.73491895730898],[-122.4520138473946,37.73494210545714],[-122.45219903257993,37.73493053138305],[-122.45243051406158,37.734884235086724],[-122.45253468072832,37.73483793879039],[-122.45251153258016,37.734791642494066],[-122.45236106961707,37.734745346197734]]],[[[-122.45090273628267,37.73425923508627],[-122.45113421776432,37.73425923508627],[-122.45129625480146,37.734236086938104],[-122.45138884739416,37.73418979064177],[-122.45141199554232,37.73412034619727],[-122.45136569924597,37.73402775360462],[-122.45127310665332,37.73395830916012],[-122.45113421776432,37.73391201286379],[-122.450949032579,37.733888864715624],[-122.45071755109736,37.733888864715624],[-122.4505555140602,37.73391201286379],[-122.45046292146755,37.73395830916012],[-122.45043977331937,37.73402775360462],[-122.45048606961572,37.73412034619727],[-122.45057866220839,37.73418979064177],[-122.45071755109734,37.734236086938104],[-122.45090273628267,37.73425923508627]]],[[[-122.44976847702259,37.733865716567465],[-122.44986106961524,37.73372682767847],[-122.4498842177634,37.73363423508581],[-122.4498379214671,37.733587938789476],[-122.44972218072627,37.733587938789476],[-122.44953699554092,37.73363423508581],[-122.4494212548001,37.73369210545622],[-122.44937495850377,37.73376154990072],[-122.44939810665194,37.7338425684193],[-122.4494906992446,37.733935161011956],[-122.44958329183727,37.73396988323421],[-122.44967588442992,37.733946735086036],[-122.44976847702259,37.733865716567465]]],[[[-122.44592588442718,37.73259256841839],[-122.44555551405655,37.73259256841839],[-122.44527773627857,37.73260414249247],[-122.44509255109324,37.732627290640636],[-122.44499995850059,37.73266201286288],[-122.44499995850059,37.732708309159214],[-122.44509255109324,37.73273145730738],[-122.44527773627857,37.73273145730738],[-122.44555551405655,37.732708309159214],[-122.44592588442718,37.73266201286288],[-122.44611106961251,37.732627290640636],[-122.44611106961251,37.73260414249247],[-122.44592588442718,37.73259256841839]]],[[[-122.4904397733486,37.72930553137897],[-122.4904860696449,37.729212938786304],[-122.4904860696449,37.72916664248997],[-122.4904397733486,37.72916664248997],[-122.49034718075593,37.729212938786304],[-122.49020829186694,37.72930553137897],[-122.49012727334836,37.72937497582346],[-122.49010412520019,37.72942127211979],[-122.49013884742244,37.72944442026795],[-122.49023144001511,37.72944442026795],[-122.49031245853368,37.72942127211979],[-122.49038190297819,37.72937497582346],[-122.4904397733486,37.72930553137897]]],[[[-122.48060181037845,37.72583330915421],[-122.48050921778577,37.725648123968895],[-122.4804166251931,37.72548608693174],[-122.48032403260045,37.725347198042755],[-122.4802314400078,37.72523145730193],[-122.48013884741515,37.725138864709265],[-122.48005782889658,37.72509256841293],[-122.47998838445207,37.72509256841293],[-122.47993051408164,37.725138864709265],[-122.47988421778533,37.72523145730193],[-122.47990736593349,37.725358772116834],[-122.47999995852614,37.725520809153984],[-122.4801619955633,37.72571756841339],[-122.48039347704496,37.72594904989504],[-122.48056708815619,37.7261110869322],[-122.48068282889702,37.72620367952486],[-122.48074069926743,37.726226827673024],[-122.48074069926743,37.72618053137669],[-122.48071755111927,37.72609951285811],[-122.48067125482294,37.72598377211729],[-122.48060181037845,37.72583330915421]]],[[[-122.41958329181534,37.71819442025978],[-122.41967588440802,37.71810182766711],[-122.41979162514885,37.71805553137078],[-122.41993051403783,37.71805553137078],[-122.42009255107499,37.71810182766711],[-122.4202777362603,37.71819442025978],[-122.42047449551971,37.71826386470427],[-122.4206828288532,37.718310161000595],[-122.42090273626076,37.71833330914876],[-122.4211342177424,37.71833330914876],[-122.4213309770018,37.718298586926515],[-122.42149301403896,37.718229142482016],[-122.42162032885388,37.71812497581527],[-122.42171292144654,37.71798608692629],[-122.42172449552062,37.71788192025955],[-122.42165505107613,37.71781247581505],[-122.42150458811305,37.717777753592806],[-122.4212731066314,37.717777753592806],[-122.42106477329793,37.71773145729648],[-122.4208795881126,37.717638864703815],[-122.42071755107544,37.717499975814825],[-122.42057866218646,37.7173147906295],[-122.42043977329746,37.71717590174052],[-122.42030088440846,37.71708330914785],[-122.42016199551948,37.71703701285152],[-122.4200231066305,37.71703701285152],[-122.41988421774151,37.717013864703354],[-122.41974532885251,37.71696756840703],[-122.41960643996352,37.71689812396253],[-122.41946755107453,37.71680553136987],[-122.41934023625961,37.71675923507354],[-122.41922449551879,37.71675923507354],[-122.41912032885205,37.71680553136987],[-122.41902773625938,37.71689812396253],[-122.41890042144448,37.71697914248111],[-122.41873838440733,37.71704858692561],[-122.41854162514792,37.71710645729602],[-122.41831014366628,37.71715275359235],[-122.41813653255504,37.717210623962764],[-122.41802079181421,37.717280068407256],[-122.4179629214438,37.717361086925834],[-122.4179629214438,37.71745367951849],[-122.41805551403647,37.71752312396299],[-122.41824069922178,37.717569420259316],[-122.41851847699976,37.71759256840748],[-122.4188888473704,37.71759256840748],[-122.41916662514836,37.717638864703815],[-122.4193518103337,37.717731457296466],[-122.41944440292636,37.717870346185464],[-122.41944440292636,37.71805553137078],[-122.41946755107452,37.71817127211161],[-122.41951384737084,37.71821756840794],[-122.41958329181534,37.71819442025978]]],[[[-122.4887036622362,37.71789349433363],[-122.4887036622362,37.7178471980373],[-122.48862264371762,37.71776617951872],[-122.48846060668048,37.717650438777895],[-122.48821755112473,37.717499975814825],[-122.48789347705043,37.7173147906295],[-122.48760412519837,37.71717590174052],[-122.48734949556857,37.71708330914785],[-122.487129588161,37.71703701285152],[-122.48694440297567,37.71703701285152],[-122.48678236593851,37.71706016099969],[-122.48664347704951,37.71710645729602],[-122.48652773630869,37.71717590174052],[-122.48643514371604,37.71726849433317],[-122.48640042149378,37.71732636470358],[-122.48642356964194,37.717349512851754],[-122.48650458816053,37.71733793877767],[-122.48664347704951,37.71729164248134],[-122.48682866223484,37.71730321655542],[-122.48706014371649,37.71737266099992],[-122.48733792149447,37.717499975814825],[-122.48766199556879,37.71768516100014],[-122.48793977334677,37.71782404988913],[-122.48817125482842,37.71791664248179],[-122.48835644001373,37.71796293877812],[-122.48849532890272,37.71796293877812],[-122.48859949556946,37.717951364704035],[-122.48866894001395,37.717928216555876],[-122.4887036622362,37.71789349433363]]],[[[-122.41729162514702,37.71756942025932],[-122.41733792144336,37.717430531370326],[-122.41732634736928,37.7173147906295],[-122.41725690292478,37.71722219803685],[-122.41712958810986,37.71715275359235],[-122.41694440292454,37.71710645729602],[-122.4167707918133,37.71708330914785],[-122.41660875477615,37.71708330914785],[-122.41645829181307,37.71710645729602],[-122.41631940292409,37.71715275359235],[-122.41618051403509,37.71715275359235],[-122.4160416251461,37.71710645729602],[-122.41590273625711,37.71701386470336],[-122.41576384736813,37.71687497581436],[-122.41553236588648,37.716770809147626],[-122.41520829181216,37.71670136470313],[-122.41479162514518,37.71666664248088],[-122.41428236588555,37.71666664248088],[-122.41394671773716,37.71671293877721],[-122.4137846807,37.71680553136987],[-122.4137962547741,37.71694442025886],[-122.41398143995941,37.717129605444185],[-122.4141897732929,37.71728006840726],[-122.41442125477457,37.71739580914809],[-122.41467588440437,37.71747682766666],[-122.41495366218234,37.71752312396299],[-122.4152430140344,37.71755784618523],[-122.41554393996054,37.7175809943334],[-122.41585643996078,37.71759256840748],[-122.4161805140351,37.71759256840748],[-122.41645829181309,37.71760414248156],[-122.41668977329473,37.717627290629736],[-122.41687495848005,37.71766201285198],[-122.41701384736903,37.717708309148314],[-122.41712958810986,37.717708309148314],[-122.41722218070252,37.71766201285198],[-122.41729162514702,37.71756942025932]]],[[[-122.41069440291999,37.717638864703815],[-122.41078699551264,37.71754627211115],[-122.41084486588304,37.71745367951849],[-122.41086801403121,37.717361086925834],[-122.41085643995713,37.71726849433317],[-122.4108101436608,37.71717590174052],[-122.41072912514223,37.71709488322193],[-122.4106133844014,37.71702543877744],[-122.41046292143832,37.71696756840703],[-122.41027773625301,37.716921272110696],[-122.41012727328993,37.71686340174029],[-122.41001153254909,37.71679395729579],[-122.40993051403052,37.71671293877722],[-122.4098842177342,37.716620346184556],[-122.40974532884522,37.71655090174006],[-122.40951384736356,37.71650460544373],[-122.40918977328924,37.716481457295565],[-122.40877310662228,37.716481457295565],[-122.40844903254796,37.71650460544373],[-122.40821755106631,37.71655090174006],[-122.40807866217733,37.716620346184556],[-122.408032365881,37.71671293877722],[-122.40805551402917,37.71678238322171],[-122.40814810662181,37.71682867951804],[-122.40831014365898,37.716851827666204],[-122.40854162514063,37.716851827666204],[-122.40873838440002,37.71687497581437],[-122.40890042143718,37.716921272110696],[-122.40902773625209,37.71699071655519],[-122.40912032884474,37.71708330914785],[-122.40927079180781,37.7171874758146],[-122.4094791251413,37.71730321655542],[-122.40974532884519,37.717430531370326],[-122.41006940291953,37.71756942025932],[-122.41033560662342,37.717650438777895],[-122.41054393995691,37.71767358692607],[-122.41069440291999,37.717638864703815]]],[[[-122.42305551404012,37.71703701285152],[-122.42324069922543,37.71703701285152],[-122.42339116218851,37.717013864703354],[-122.42350690292933,37.71696756840703],[-122.4235879214479,37.71689812396253],[-122.42363421774425,37.71680553136987],[-122.42359949552201,37.71673608692537],[-122.42348375478116,37.71668979062905],[-122.42328699552176,37.71666664248088],[-122.42300921774378,37.71666664248088],[-122.42281245848439,37.71668979062905],[-122.42269671774356,37.71673608692537],[-122.42266199552131,37.71680553136987],[-122.42270829181766,37.71689812396253],[-122.42278931033624,37.71696756840703],[-122.42290505107704,37.717013864703354],[-122.42305551404012,37.71703701285152]]],[[[-122.44928236591112,37.71534719803548],[-122.4494212548001,37.71520830914649],[-122.44947912517051,37.71512729062792],[-122.44945597702235,37.715104142479746],[-122.44935181035561,37.715138864702],[-122.44916662517028,37.715231457294664],[-122.44903931035537,37.715312475813235],[-122.4489698659109,37.715381920257734],[-122.44895829183682,37.71543979062814],[-122.44900458813312,37.71548608692447],[-122.44907403257761,37.715486086924464],[-122.44916662517028,37.71543979062814],[-122.44928236591112,37.71534719803548]]],[[[-122.48020829185964,37.714814790627685],[-122.47923606963671,37.714814790627685],[-122.47850690296951,37.714826364701764],[-122.47802079185803,37.71484951284994],[-122.4777777363023,37.714884235072184],[-122.4777777363023,37.71493053136851],[-122.47803236593211,37.71496525359076],[-122.47854162519175,37.71498840173892],[-122.4793055140812,37.71499997581301],[-122.48032403260046,37.71499997581301],[-122.48107634741582,37.71498840173892],[-122.48156245852729,37.71496525359076],[-122.48178236593486,37.71493053136851],[-122.48173606963852,37.714884235072184],[-122.48145829186053,37.71484951284994],[-122.4809490326009,37.714826364701764],[-122.48020829185964,37.714814790627685]]],[[[-122.45013884739323,37.7146759017387],[-122.45023143998588,37.714583309146036],[-122.45027773628222,37.71451386470154],[-122.45027773628222,37.71446756840521],[-122.45023143998588,37.714444420257045],[-122.45013884739323,37.714444420257045],[-122.45004625480058,37.71447914247929],[-122.44995366220789,37.71454858692379],[-122.44986106961524,37.71465275359053],[-122.44976847702259,37.714791642479526],[-122.44972218072625,37.714884235072184],[-122.44972218072625,37.71493053136851],[-122.44976847702259,37.71493053136851],[-122.44986106961524,37.714884235072184],[-122.44995366220789,37.71482636470177],[-122.45004625480058,37.71475692025727],[-122.45013884739323,37.7146759017387]]],[[[-122.42499995848598,37.71127312395845],[-122.42499995848598,37.71113423506945],[-122.42496523626374,37.71100692025455],[-122.42489579181924,37.71089117951372],[-122.4247916251525,37.71078701284698],[-122.42465273626351,37.71069442025432],[-122.42451384737453,37.71063654988391],[-122.42437495848552,37.71061340173574],[-122.42423606959653,37.71062497580983],[-122.42409718070755,37.71067127210616],[-122.42403931033712,37.71075229062474],[-122.4240624584853,37.710868031365564],[-122.42416662515204,37.711018494328634],[-122.42435181033736,37.71120367951395],[-122.42451384737451,37.71134256840294],[-122.4246527362635,37.7114351609956],[-122.42476847700432,37.71148145729193],[-122.424861069597,37.71148145729193],[-122.4249305140415,37.711446735069686],[-122.42497681033782,37.71137729062519],[-122.42499995848598,37.71127312395845]]],[[[-122.5008332918747,37.71034719803185],[-122.50064810668937,37.71020830914285],[-122.50050921780038,37.710080994327946],[-122.50041662520773,37.70996525358712],[-122.5003703289114,37.70986108692038],[-122.5003703289114,37.70976849432772],[-122.50034718076324,37.709733772105466],[-122.50030088446691,37.70975692025364],[-122.50023144002242,37.70983793877221],[-122.50013884742975,37.70997682766121],[-122.50013884742975,37.71010414247611],[-122.50023144002242,37.710219883216936],[-122.50041662520773,37.71032404988368],[-122.50069440298572,37.71041664247634],[-122.50085644002286,37.710451364698585],[-122.50090273631919,37.710428216550426],[-122.5008332918747,37.71034719803185]]],[[[-122.42710643996898,37.70886571654929],[-122.42715273626533,37.70872682766029],[-122.4271643103394,37.70866895728988],[-122.42714116219125,37.70869210543805],[-122.42708329182084,37.70879627210479],[-122.42699069922817,37.70898145729011],[-122.42693282885776,37.70910877210502],[-122.4269096807096,37.70917821654951],[-122.42692125478368,37.7091897906236],[-122.42696755108001,37.709143494327265],[-122.42701384737634,37.70907404988277],[-122.42706014367265,37.708981457290115],[-122.42710643996898,37.70886571654929]]]]},"properties":{"zone":"sun"}},{"type":"Feature","geometry":{"type":"MultiPolygon","coordinates":[[[[-122.37833674097466,37.82879392681041],[-122.37865186418477,37.82798989408628],[-122.37873260840485,37.82713526141818],[-122.3785789736349,37.82623002880611],[-122.37819095987493,37.82527419625007],[-122.37756856712491,37.824267763750065],[-122.37677873806241,37.82304458031256],[-122.37582147268742,37.82160464593756],[-122.37469677099992,37.819947960625065],[-122.37340463299992,37.81807452437507],[-122.37242178031242,37.816617646687575],[-122.37174821293743,37.81557732756258],[-122.37138393087494,37.81495356700008],[-122.37132893412493,37.81474636500008],[-122.37134515406244,37.81439837156258],[-122.37143259068745,37.81390958668758],[-122.37159124399994,37.813280010375074],[-122.37182111399994,37.812509642625066],[-122.37203582274994,37.81190188093756],[-122.37223537024994,37.81145672531256],[-122.37241975649994,37.81117417575006],[-122.37258898149992,37.811054232250065],[-122.37264360012492,37.81087747962506],[-122.37258361237492,37.81064391787507],[-122.37240901824993,37.81035354700006],[-122.37211981774993,37.81000636700006],[-122.37162588562494,37.80961487518755],[-122.37092722187494,37.80917907156255],[-122.37002382649993,37.80869895612505],[-122.36891569949992,37.80817452887505],[-122.36784359031242,37.80778703762505],[-122.3668074989374,37.807536482375056],[-122.3658074253749,37.807422863125055],[-122.36484336962491,37.80744617987506],[-122.3640266349999,37.807437850062556],[-122.3633572214999,37.80739787368756],[-122.3628351291249,37.80732625075006],[-122.36246035787491,37.80722298125006],[-122.36212125962491,37.80720910793755],[-122.36181783437492,37.80728463081256],[-122.36155008212492,37.80744954987506],[-122.36131800287492,37.80770386512506],[-122.36117203706243,37.808078715500066],[-122.36111218468743,37.80857410100007],[-122.36113844574993,37.80919002162507],[-122.3612508202499,37.80992647737507],[-122.36131260149989,37.81056964656257],[-122.36132378949992,37.81111952918758],[-122.36128438424993,37.81157612525008],[-122.36119438574991,37.81193943475008],[-122.36100758081243,37.81228255575008],[-122.36072396943743,37.81260548825008],[-122.36034355162494,37.812908232250074],[-122.35986632737493,37.81319078775007],[-122.35952273874993,37.813490978937566],[-122.35931278574992,37.813808805812556],[-122.35923646837492,37.81414426837506],[-122.35929378662493,37.81449736662506],[-122.35961921768742,37.814703138562564],[-122.36021276156242,37.814761584187565],[-122.36107441824993,37.814672703500065],[-122.36220418774991,37.814436496500065],[-122.36322775431242,37.81415522056257],[-122.36414511793741,37.81382887568756],[-122.3649562786249,37.81345746187507],[-122.36566123637493,37.81304097912507],[-122.36635766193743,37.812767206812566],[-122.36704555531242,37.81263614493757],[-122.36772491649992,37.81264779350006],[-122.36839574549992,37.812802152500055],[-122.36900214024993,37.813100195562555],[-122.36954410074992,37.81354192268755],[-122.37002162699991,37.81412733387506],[-122.37043471899995,37.814856429125065],[-122.37032595506244,37.81557370306257],[-122.36969533518743,37.81627915568757],[-122.36854285937491,37.81697278700006],[-122.36686852762492,37.81765459700005],[-122.3655177476874,37.81841076756254],[-122.3644905195624,37.819241298687544],[-122.3637868432499,37.82014619037504],[-122.3634067187499,37.821125442625046],[-122.36343468423567,37.82232273524359],[-122.3638707397072,37.823738068230654],[-122.36471488516449,37.82537144158626],[-122.36596712060758,37.8272228553104],[-122.36753245858908,37.828611415603504],[-122.36941089910903,37.82953712246558],[-122.37160244216743,37.82999997589661],[-122.37410708776424,37.82999997589661],[-122.3760643527644,37.829798967715575],[-122.37747423716787,37.829396951353516],[-122.37833674097466,37.82879392681041]],[[-122.36754625474032,37.811712938846284],[-122.36689810659169,37.81162034625362],[-122.36624995844306,37.811435161068296],[-122.36560181029444,37.811157383290315],[-122.36495366214582,37.810787012919675],[-122.36430551399721,37.81032404995638],[-122.36384255103391,37.80990738328941],[-122.36356477325592,37.80953701291877],[-122.36347218066325,37.80921293884446],[-122.36356477325592,37.80893516106648],[-122.36379625473757,37.808726827733],[-122.3641666251082,37.808587938844006],[-122.36467588436784,37.808518494399515],[-122.36532403251647,37.808518494399515],[-122.36594903251692,37.80854164254768],[-122.36655088436922,37.808587938844006],[-122.36712958807334,37.808657383288505],[-122.3676851436293,37.80874997588117],[-122.36824069918526,37.808888864770154],[-122.36879625474123,37.80907404995548],[-122.36935181029719,37.809305531437126],[-122.36990736585314,37.8095833092151],[-122.37030088437194,37.80988423514125],[-122.37053236585359,37.810208309215554],[-122.37060181029808,37.81055553143803],[-122.37050921770543,37.81092590180867],[-122.37032403252013,37.811226827734814],[-122.37004625474215,37.81145830921646],[-122.3696758843715,37.81162034625362],[-122.3692129214082,37.811712938846284],[-122.36870366214859,37.81175923514261],[-122.3681481065926,37.81175923514261],[-122.36754625474032,37.811712938846284]]],[[[-122.41247113747458,37.7083637242045],[-122.40473587408471,37.70837920652272],[-122.39883037697982,37.70847161988638],[-122.39475464615988,37.70864096429549],[-122.39250868162492,37.708887239750055],[-122.39209248337494,37.70921044625007],[-122.39166955887494,37.70944765462508],[-122.39123990812493,37.709598864875076],[-122.39080353112493,37.70966407700008],[-122.39036042787492,37.70964329100007],[-122.38992828199991,37.709568934250065],[-122.38950709349992,37.70944100675006],[-122.38909686237491,37.70925950850006],[-122.3886975886249,37.70902443950006],[-122.38827230331239,37.708930909187565],[-122.3878210064374,37.70897891756257],[-122.38734369799991,37.70916846462507],[-122.3868403779999,37.70949955037508],[-122.38636041856242,37.70970377281258],[-122.38590381968741,37.70978113193758],[-122.3854705813749,37.70973162775008],[-122.38506070362493,37.70955526025008],[-122.38443992118742,37.70936961112507],[-122.38360823406242,37.70917468037507],[-122.38256564224992,37.70897046800006],[-122.38131214574992,37.70875697400005],[-122.38006982449991,37.70860248012505],[-122.37883867849992,37.70850698637504],[-122.37761870774992,37.708470492750045],[-122.3764099122499,37.70849299925005],[-122.3755633395624,37.70857605443755],[-122.37507898968741,37.70871965831255],[-122.37495686262491,37.708923810875056],[-122.37519695837489,37.70918851212506],[-122.3755475554374,37.70933698962506],[-122.37600865381242,37.709369243375065],[-122.37658025349992,37.70928527337506],[-122.37726235449992,37.709085079625055],[-122.37788277943743,37.70904775287505],[-122.37844152831244,37.70917329312505],[-122.37893860112493,37.709461700375044],[-122.37937399787492,37.70991297462504],[-122.37970167693742,37.71030899031254],[-122.37992163831241,37.71064974743754],[-122.3800338819999,37.71093524600005],[-122.3800384079999,37.711165486000056],[-122.3799723419374,37.71143290575006],[-122.3798356838124,37.71173750525007],[-122.3796284336249,37.71207928450007],[-122.3793505913749,37.71245824350007],[-122.3790414154374,37.71282637881258],[-122.37870090581241,37.713183690437575],[-122.37832906249992,37.71353017837508],[-122.3779258854999,37.71386584262508],[-122.37754849268741,37.71421985256258],[-122.37719688406243,37.71459220818758],[-122.37687105962493,37.71498290950007],[-122.37657101937492,37.71539195650006],[-122.37660917231243,37.71586562956256],[-122.37698551843744,37.716403928687555],[-122.37770005774993,37.717006853875056],[-122.37875279024993,37.71767440512506],[-122.37972347262493,37.718265377125064],[-122.38061210487493,37.718779769875056],[-122.38141868699992,37.719217583375055],[-122.38214321899991,37.71957881762505],[-122.38265512593742,37.719950359000045],[-122.3829544078124,37.72033220750004],[-122.3830410646249,37.72072436312504],[-122.38291509637494,37.72112682587505],[-122.38264805087495,37.721463447687555],[-122.38223992812493,37.72173422856255],[-122.38169072812494,37.721939168500064],[-122.38100045087495,37.72207826750007],[-122.38041335299994,37.722280527625074],[-122.37992943449993,37.72254594887508],[-122.37954869537492,37.72287453125007],[-122.37927113562495,37.72326627475006],[-122.37895204774993,37.72358427650005],[-122.37859143174992,37.72382853650005],[-122.37818928762493,37.723999054750045],[-122.37774561537492,37.72409583125005],[-122.37734072262492,37.72406775525005],[-122.37697460937493,37.72391482675005],[-122.37664727562492,37.723637045750046],[-122.37635872137491,37.723234412250044],[-122.37611875662492,37.72279578825004],[-122.37592738137492,37.722321173750046],[-122.37578459562494,37.721810568750044],[-122.37569039937492,37.721263973250046],[-122.37548395068742,37.72075259887505],[-122.37516524956246,37.720276445625046],[-122.37473429599996,37.71983551350005],[-122.37419108999993,37.71942980250005],[-122.37359782824993,37.71911739918755],[-122.37295451074993,37.718898303562554],[-122.37226113749992,37.718772515625055],[-122.37151770849991,37.718740035375056],[-122.3708893319374,37.71865887787506],[-122.3703760078124,37.71852904312506],[-122.3699777361249,37.71835053112506],[-122.36969451687492,37.718123341875064],[-122.36939370337493,37.71794847206257],[-122.36907529562491,37.71782592168757],[-122.36873929362491,37.717755690750074],[-122.36838569737495,37.71773777925008],[-122.36798294281245,37.71762122018758],[-122.36753102993742,37.71740601356258],[-122.36702995874992,37.71709215937508],[-122.36647972924993,37.71667965762507],[-122.36596208218742,37.716402781562564],[-122.36547701756241,37.71626153118757],[-122.36502453537491,37.716255906500066],[-122.36460463562491,37.71638590750007],[-122.36419806656241,37.716582222937575],[-122.36380482818741,37.71684485281257],[-122.36342492049991,37.71717379712508],[-122.36305834349994,37.71756905587508],[-122.36285515824994,37.71792129912508],[-122.36281536474993,37.71823052687509],[-122.36293896299992,37.71849673912509],[-122.36322595299993,37.718719935875086],[-122.36338227149992,37.71895084343758],[-122.36340791849992,37.719189461812576],[-122.36330289399993,37.719435791000066],[-122.36306719799992,37.71968983100005],[-122.36272251181244,37.71978178643755],[-122.36226883543745,37.719711657312544],[-122.36170616887495,37.719479443625055],[-122.36103451212495,37.71908514537507],[-122.36047627374994,37.71884429731257],[-122.36003145374994,37.71875689943758],[-122.35970005212494,37.71882295175007],[-122.35948206887491,37.71904245425006],[-122.3596095539999,37.71937772725005],[-122.36008250749991,37.719828770750055],[-122.3609009293749,37.72039558475006],[-122.36206481962489,37.72107816925007],[-122.3628474844374,37.72168866387508],[-122.3632489238124,37.72222706862508],[-122.36326913774991,37.72269338350008],[-122.36290812624992,37.72308760850007],[-122.36259201106242,37.72347951350007],[-122.36232079218742,37.72386909850006],[-122.3620944696249,37.724256363500054],[-122.36191304337493,37.72464130850005],[-122.36155022299991,37.72498130293754],[-122.36100600849991,37.72527634681254],[-122.36028039987491,37.725526440125044],[-122.3593733971249,37.72573158287505],[-122.35862871349991,37.72605098831255],[-122.3580463489999,37.72648465643756],[-122.3576263036249,37.727032587250065],[-122.35736857737493,37.72769478075007],[-122.35735860893742,37.728294185000074],[-122.35759639831241,37.728830800000075],[-122.35808194549992,37.729304625750075],[-122.3588152504999,37.72971566225007],[-122.3594878347499,37.730008397312574],[-122.36009969824991,37.730182830937565],[-122.36065084099991,37.73023896312507],[-122.3611412629999,37.73017679387507],[-122.3617110551249,37.73025405950007],[-122.3623602173749,37.73047076000006],[-122.36308874974989,37.73082689537506],[-122.3638966522499,37.731322465625055],[-122.3645835271249,37.73171146981255],[-122.3651493743749,37.73199390793755],[-122.3655941939999,37.73216978000005],[-122.36591798599991,37.73223908600005],[-122.36633516956242,37.73226930693755],[-122.36684574468741,37.732260442812546],[-122.36744971137492,37.73221249362505],[-122.36814706962494,37.73212545937505],[-122.36885694343744,37.732199270750044],[-122.36957933281244,37.73243392775005],[-122.37031423774994,37.73282943037505],[-122.37106165824991,37.73338577862505],[-122.37175519156241,37.73369850881255],[-122.37239483768741,37.733767620937556],[-122.3729805966249,37.73359311500006],[-122.37351246837491,37.73317499100007],[-122.37399632206241,37.73288261575007],[-122.3744321576874,37.73271598925008],[-122.37481997524989,37.73267511150008],[-122.3751597747499,37.73275998250008],[-122.3753647662499,37.732950965312575],[-122.37543494974989,37.73324805993757],[-122.37537032524989,37.73365126637507],[-122.3751708927499,37.734160584625066],[-122.37507538287491,37.734599076000066],[-122.3750837956249,37.734966740500056],[-122.37519613099991,37.73526357812506],[-122.37541238899993,37.735489588875055],[-122.37549030337493,37.73578321043755],[-122.37542987412493,37.73614444281255],[-122.37523110124994,37.73657328600005],[-122.37489398474992,37.73706974000005],[-122.37458796849992,37.737402160250056],[-122.37431305249993,37.73757054675005],[-122.37406923674993,37.73757489950005],[-122.3738565212499,37.737415218500054],[-122.3735543137499,37.73728890362506],[-122.37316261424994,37.73719595487505],[-122.37268142274993,37.73713637225005],[-122.3721107392499,37.737110155750045],[-122.3716681136874,37.73715927737504],[-122.37135354606244,37.73728373712504],[-122.37116703637494,37.73748353500004],[-122.37110858462492,37.73775867100004],[-122.37122481237493,37.73800330112503],[-122.37151571962494,37.73821742537504],[-122.37198130637492,37.73840104375004],[-122.37262157262492,37.73855415625004],[-122.3730908626249,37.73872378568754],[-122.3733891763749,37.73890993206254],[-122.3735165138749,37.73911259537504],[-122.37347287512489,37.73933177562504],[-122.37311932237489,37.73950663550004],[-122.3724558556249,37.73963717500005],[-122.37148247487491,37.73972339412506],[-122.3701991801249,37.73976529287507],[-122.3691965081874,37.73981580312508],[-122.36847445906241,37.73987492487508],[-122.3680330327499,37.73994265812509],[-122.36787222924994,37.74001900287509],[-122.36807229843744,37.740411999312585],[-122.36863324031242,37.74112164743758],[-122.36955505487492,37.742147947250075],[-122.37083774212493,37.74349089875007],[-122.37188330681244,37.74446430312506],[-122.37269174893743,37.74506816037506],[-122.37326306849994,37.745302470500064],[-122.37359726549991,37.74516723350007],[-122.37389086231242,37.74515927087507],[-122.37414385893743,37.74527858262507],[-122.37435625537492,37.74552516875006],[-122.37452805162494,37.745899029250054],[-122.37474413418744,37.74622267306255],[-122.37500450306243,37.74649610018754],[-122.37530915824993,37.74671931062504],[-122.3756580997499,37.74689230437504],[-122.3761308839999,37.74701193775004],[-122.3767275109999,37.74707821075004],[-122.3774479807499,37.74709112337504],[-122.37829229324993,37.74705067562505],[-122.37911825131243,37.747030960437556],[-122.37992585493741,37.747031977812554],[-122.3807151041249,37.747053727750064],[-122.38148599887492,37.74709621025007],[-122.38233687437491,37.74711257668757],[-122.38326773062491,37.74710282706258],[-122.3842785676249,37.74706696137507],[-122.38536938537493,37.74700497962506],[-122.38613141456243,37.74703173000006],[-122.38656465518743,37.74714721250005],[-122.38666910724993,37.74735142712506],[-122.3864447707499,37.74764437387507],[-122.3856304160624,37.74790300550008],[-122.38422604318741,37.74812732200007],[-122.38223165212491,37.748317323375076],[-122.37964724287491,37.74847300962507],[-122.37772868487492,37.74881117181257],[-122.37647597812493,37.749331809937566],[-122.37588912262493,37.75003492400006],[-122.37596811837494,37.75092051400006],[-122.37626944612494,37.751571018187555],[-122.37679310587494,37.751986436562554],[-122.37753909762495,37.752166769125054],[-122.37850742137493,37.752112015875056],[-122.37941286287494,37.75216531756256],[-122.38025542212493,37.75232667418756],[-122.38103509912492,37.752596085750056],[-122.38175189387493,37.752973552250054],[-122.38229988312492,37.75332081693755],[-122.38267906687491,37.75363787981255],[-122.38288944512493,37.75392474087505],[-122.38293101787491,37.75418140012505],[-122.38286136649992,37.75440531593755],[-122.38268049099992,37.75459648831256],[-122.38238839137492,37.75475491725006],[-122.38198506762492,37.75488060275007],[-122.38167483643741,37.755262268687574],[-122.38145769781241,37.755899915062585],[-122.38133365174991,37.75679354187508],[-122.3813026982499,37.75794314912508],[-122.3812259937499,37.758838615312584],[-122.38110353824992,37.75947994043757],[-122.38093533174992,37.75986712450007],[-122.3807213742499,37.76000016750006],[-122.38059734918741,37.76038739981256],[-122.38056325656243,37.76102882143755],[-122.38061909637491,37.761924432375054],[-122.38076486862491,37.76307423262506],[-122.3809186604374,37.76393278043756],[-122.38108047181241,37.76450007581256],[-122.38125030274992,37.764776118750056],[-122.38142815324991,37.76476090925005],[-122.38156486037492,37.764603713375045],[-122.38166042412493,37.76430453112504],[-122.38171484449992,37.76386336250004],[-122.38172812149992,37.76328020750004],[-122.3819478066874,37.76283747706254],[-122.3823739000624,37.762535171187544],[-122.3830064016249,37.76237328987505],[-122.38384531137493,37.76235183312506],[-122.38447938337492,37.76240158918756],[-122.38490861762492,37.76252255806257],[-122.3851330141249,37.762714739750066],[-122.38515257287492,37.76297813425006],[-122.38527490431241,37.763186710187554],[-122.3855000084374,37.76334046756256],[-122.38582788524991,37.76343940637505],[-122.38625853474991,37.763483526625045],[-122.38651627887492,37.76370722737504],[-122.3866011176249,37.764110508625045],[-122.3865130509999,37.76469337037505],[-122.38625207899992,37.765455812625056],[-122.38593265831241,37.766122784937565],[-122.38555478893738,37.76669428731256],[-122.38511847087489,37.767170319750065],[-122.38462370412492,37.76755088225006],[-122.38435812456243,37.76796492900006],[-122.3843217321874,37.768412460000064],[-122.38451452699991,37.76889347525006],[-122.38493650899994,37.76940797475006],[-122.38523530218744,37.76988476668756],[-122.38541090656244,37.770323851062564],[-122.38546332212493,37.77072522787507],[-122.38539254887493,37.771088897125075],[-122.38543156206242,37.77146403368758],[-122.38558036168742,37.77185063756258],[-122.3858389477499,37.77224870875008],[-122.38620732024992,37.77265824725007],[-122.38636034062492,37.772971662125066],[-122.38629800887489,37.77318895337506],[-122.38602032499989,37.77331012100006],[-122.38552728899992,37.773335165000056],[-122.38494926768742,37.773262995562554],[-122.38428626106241,37.77309361268755],[-122.38353826912493,37.772827016375054],[-122.38270529187491,37.772463206625055],[-122.38210296818741,37.77235895756256],[-122.38173129806242,37.77251426918755],[-122.38159028149991,37.77292914150006],[-122.38167991849994,37.77360357450006],[-122.38206640656243,37.77409145000006],[-122.38274974568742,37.774392768000055],[-122.38372993587492,37.77450752850005],[-122.3850069771249,37.77443573150005],[-122.3859693646249,37.774429002812546],[-122.38661709837491,37.774487342437546],[-122.38695017837492,37.77461075037505],[-122.38696860462491,37.77479922662505],[-122.38684688706242,37.77496010643755],[-122.38658502568744,37.775093389812554],[-122.38618302049994,37.77519907675005],[-122.38564087149993,37.775277167250046],[-122.38524528437493,37.775394224750045],[-122.38499625912495,37.775550249250045],[-122.38489379574995,37.77574524075005],[-122.38493789424993,37.77597919925005],[-122.38510082399993,37.77614050556255],[-122.38538258499993,37.77622915968756],[-122.38578317724992,37.776245161625056],[-122.38630260074993,37.776188511375054],[-122.38671927137491,37.776185587250055],[-122.3870331891249,37.776236389250045],[-122.3872443539999,37.776340917375045],[-122.38735276599994,37.77649917162504],[-122.38726225362493,37.77675801237504],[-122.38697281687493,37.777117439625044],[-122.38648445574992,37.77757745337505],[-122.3857971702499,37.778138053625064],[-122.3852768580624,37.778780675312575],[-122.38492351918741,37.77950531843757],[-122.38473715362491,37.780311983000075],[-122.3847177613749,37.78120066900007],[-122.38479996381241,37.78192169156257],[-122.38498376093742,37.782475050687566],[-122.38526915274991,37.78286074637507],[-122.38565613924993,37.783078778625075],[-122.38589775399993,37.783341533000076],[-122.38599399699993,37.783649009500074],[-122.38594486824994,37.78400120812507],[-122.38575036774992,37.78439812887506],[-122.38553524849992,37.78474117137506],[-122.38529951049993,37.78503033562505],[-122.38504315374993,37.78526562162506],[-122.38476617824992,37.785447029375064],[-122.38456903112493,37.78568751987507],[-122.38445171237493,37.78598709312507],[-122.38441422199992,37.786345749125076],[-122.38445655999993,37.78676348787508],[-122.38466874706242,37.787067480187574],[-122.38505078318742,37.78725772606258],[-122.38560266837493,37.78733422550007],[-122.3863244026249,37.78729697850006],[-122.3868782258749,37.78742819031255],[-122.38726413812489,37.78772786093755],[-122.3874821393749,37.78819599037505],[-122.3875322296249,37.788832578625055],[-122.3878270698124,37.78953760818756],[-122.3883666599374,37.79031107906256],[-122.38915099999991,37.791152991250065],[-122.39018008999989,37.79206334475007],[-122.3909654604999,37.792835163125076],[-122.39150711149992,37.79346844637507],[-122.39180504299992,37.79396319450008],[-122.39185925499993,37.79431940750008],[-122.39203656343743,37.794712170937586],[-122.39233696831243,37.795141484812575],[-122.39276046962493,37.79560734912507],[-122.3933070673749,37.79610976387506],[-122.3938253951249,37.79654955712505],[-122.3943154528749,37.79692672887505],[-122.3947772406249,37.797241279125046],[-122.39521075837493,37.79749320787505],[-122.39569354712494,37.79785726193755],[-122.39622560687492,37.79833344131255],[-122.39680693762492,37.79892174600005],[-122.39743753937492,37.79962217600004],[-122.3977704508124,37.800227075625045],[-122.3978056719374,37.80073644487504],[-122.39754320274992,37.801150283750054],[-122.39698304324989,37.80146859225007],[-122.39662256987489,37.80177474068758],[-122.39646178262493,37.80206872906258],[-122.39650068149993,37.802350557375085],[-122.3967392664999,37.802620225625084],[-122.39706270262492,37.802747463250086],[-122.39747098987493,37.802732270250075],[-122.39796412824992,37.802574646625075],[-122.39854211774994,37.80227459237507],[-122.39901081124994,37.802137082625066],[-122.39937020874993,37.80216211737506],[-122.39962031024993,37.80234969662506],[-122.39976111574993,37.802699820375054],[-122.39992867912493,37.80298357287505],[-122.40012300037492,37.80320095412506],[-122.40034407949992,37.80335196412506],[-122.40059191649993,37.803436602875074],[-122.40074250649994,37.80373121825008],[-122.40079584949993,37.80423581025008],[-122.40075194549993,37.80495037887507],[-122.4006107944999,37.80587492412506],[-122.40053842531239,37.80659200675005],[-122.40053483793741,37.80710162675004],[-122.40060003237491,37.80740378412504],[-122.40073400862488,37.80749847887505],[-122.40095131968738,37.807468390687546],[-122.40125196556241,37.807313519562555],[-122.40163594624991,37.80703386550005],[-122.40210326174989,37.80662942850005],[-122.4026474765624,37.80639715875005],[-122.40326859068742,37.80633705625005],[-122.40396660412492,37.80644912100005],[-122.4047415168749,37.80673335300005],[-122.40533673037491,37.80712644725005],[-122.40575224462492,37.80762840375005],[-122.40598805962492,37.808239222500056],[-122.40604417537492,37.80895890350006],[-122.40623527099991,37.80957651300007],[-122.40656134649991,37.81009205100007],[-122.40702240187491,37.81050551750007],[-122.40761843712491,37.810816912500066],[-122.40816774012491,37.81106433687506],[-122.40867031087491,37.81124779062506],[-122.40912614937491,37.81136727375006],[-122.40953525562492,37.811422786250056],[-122.41001165168743,37.81140293300005],[-122.41055533756241,37.81130771400005],[-122.41116631324991,37.81113712925005],[-122.41184457874994,37.81089117875005],[-122.41233794862492,37.810616485937544],[-122.41264642287493,37.81031305081255],[-122.41277000149992,37.80998087337505],[-122.4127086844999,37.80961995362506],[-122.41283367168741,37.80935440600007],[-122.41314496306241,37.809184230500065],[-122.4136425586249,37.80910942712507],[-122.41432645837492,37.809129995875075],[-122.41505774762491,37.80928995450007],[-122.41583642637491,37.80958930300008],[-122.41666249462492,37.81002804137508],[-122.41753595237492,37.810606169625075],[-122.41821411343741,37.81100353950008],[-122.41869697781243,37.81122015100007],[-122.41898454549994,37.81125600412508],[-122.41907681649991,37.81111109887508],[-122.41903339012492,37.81089444843758],[-122.41885426637492,37.81060605281259],[-122.4185394452499,37.810245912000084],[-122.41808892674993,37.80981402600008],[-122.41778057237492,37.80945566406258],[-122.41761438212492,37.80917082618758],[-122.41759035599992,37.80895951237508],[-122.41770849399992,37.80882172262508],[-122.41799559168743,37.80871467262509],[-122.41845164906243,37.80863836237508],[-122.41907666612494,37.80859279187508],[-122.41987064287494,37.808577961125074],[-122.42063142781244,37.80844916006257],[-122.42135902093744,37.80820638868757],[-122.42205342224995,37.807849647000076],[-122.42271463174993,37.80737893500008],[-122.42334546656242,37.80705554581259],[-122.42394592668744,37.80687947943758],[-122.42451601212494,37.80685073587509],[-122.42505572287493,37.80696931512509],[-122.42550151593744,37.80712097318759],[-122.42585339131244,37.807305710062586],[-122.42611134899994,37.807523525750085],[-122.4262753889999,37.807774420250084],[-122.4265045973124,37.80797842412508],[-122.4267989739374,37.80813553737508],[-122.4271585188749,37.80824576000008],[-122.42758323212493,37.80830909200007],[-122.42803194787493,37.80829736356257],[-122.42850466612494,37.808210574687564],[-122.42900138687494,37.808048725375066],[-122.4295221101249,37.807811815625065],[-122.4300236048749,37.807619569125066],[-122.43050587112492,37.80747198587507],[-122.43096890887492,37.80736906587507],[-122.4314127181249,37.80731080912508],[-122.43175099537491,37.80719685293758],[-122.43198374062491,37.80702719731258],[-122.43211095387491,37.806801842250074],[-122.43213263512493,37.80652078775007],[-122.43225324368743,37.806289906375056],[-122.43247277956243,37.80610919812506],[-122.43279124274994,37.80597866300005],[-122.43320863324993,37.80589830100004],[-122.43354192318743,37.80591237693754],[-122.43379111256245,37.80602089081253],[-122.43395620137494,37.80622384262504],[-122.43403718962492,37.80652123237504],[-122.43419757274991,37.80678132300004],[-122.43443735074992,37.807004114500046],[-122.43475652362491,37.80718960687504],[-122.4351550913749,37.80733780012504],[-122.43573492918739,37.807415123937545],[-122.43649603706241,37.80742157831254],[-122.43743841499992,37.80735716325005],[-122.43856206299989,37.80722187875006],[-122.4394223266249,37.80720427425007],[-122.4400192058749,37.80730434975007],[-122.44035270074991,37.807522105250065],[-122.44042281124993,37.80785754075006],[-122.44067270768743,37.80806918081255],[-122.44110239006243,37.80815702543755],[-122.44171185837493,37.808121074625056],[-122.44250111262491,37.807961328375065],[-122.44331153943742,37.80782623443757],[-122.44414313881242,37.80771579281257],[-122.44499591074992,37.80763000350007],[-122.4458698552499,37.80756886650007],[-122.44659443618741,37.80748203012507],[-122.44716965356241,37.80736949437507],[-122.4475955073749,37.807231259250074],[-122.44787199762493,37.80706732475008],[-122.44845855299992,37.80692293481258],[-122.44935517349992,37.806798089437585],[-122.45056185912492,37.806692788625085],[-122.45207860987492,37.806607032375084],[-122.45379277124991,37.80644280375008],[-122.4557043432499,37.806200102750076],[-122.4578133258749,37.80587892937507],[-122.46011971912492,37.80547928362506],[-122.46207602831241,37.80525032518756],[-122.46368225343741,37.80519205406256],[-122.46493839449991,37.805304470250064],[-122.46584445149992,37.805587573750074],[-122.46673634093742,37.80596156981258],[-122.46761406281242,37.806426458437585],[-122.4684776171249,37.806982239625086],[-122.46932700387492,37.80762891337508],[-122.47029945456241,37.80817489737508],[-122.4713949691874,37.80862019162508],[-122.47261354774992,37.80896479612508],[-122.47395519024991,37.80920871087508],[-122.47499259731242,37.809470515250084],[-122.47572576893742,37.80975020925008],[-122.47615470512491,37.81004779287508],[-122.47627940587492,37.81036326612508],[-122.47646770249992,37.81058165331258],[-122.4767195949999,37.81070295443757],[-122.47703508337491,37.810727169500076],[-122.47741416762489,37.810654298500076],[-122.4776930688749,37.81046864837508],[-122.47787178712491,37.81017021912507],[-122.47795032237491,37.80975901075007],[-122.47792867462493,37.80923502325007],[-122.47794424674994,37.80881979918756],[-122.47799703874993,37.80851333856256],[-122.47808705062494,37.80831564137505],[-122.47821428237495,37.808226707625046],[-122.47840484293744,37.80782602143754],[-122.47865873231244,37.80711358281254],[-122.47897595049994,37.80608939175004],[-122.47935649749991,37.80475344825005],[-122.47976881293741,37.80348809750005],[-122.48021289681242,37.80229333950005],[-122.48068874912491,37.801169174250056],[-122.48119636987491,37.80011560175006],[-122.4816745893749,37.79908759581256],[-122.48212340762491,37.79808515643756],[-122.48254282462491,37.79710828362506],[-122.4829328403749,37.796156977375055],[-122.4833792562499,37.79519810318756],[-122.48388207224991,37.794231661062554],[-122.48444128837491,37.79325765100006],[-122.48505690462491,37.79227607300007],[-122.48560541181241,37.79145402293757],[-122.48608680993742,37.790791500812574],[-122.48650109899992,37.790288506625075],[-122.48684827899993,37.78994504037507],[-122.48726241493743,37.78969071212507],[-122.48774350681244,37.78952552187507],[-122.48829155462494,37.78944946962507],[-122.48890655837494,37.78946255537507],[-122.48955078718743,37.78936343175006],[-122.49022424106242,37.789152098750066],[-122.49092691999991,37.78882855637506],[-122.49165882399993,37.788392804625055],[-122.49232556987491,37.78809076606255],[-122.4929271576249,37.78792244068755],[-122.49346358724992,37.787887828500054],[-122.4939348587499,37.78798692950006],[-122.4943855566249,37.78801322287506],[-122.49481568087492,37.787966708625056],[-122.49522523149992,37.78784738675005],[-122.49561420849992,37.787655257250044],[-122.49611720687491,37.787594710625044],[-122.49673422662492,37.787665746875035],[-122.49746526774993,37.78786836600004],[-122.49831033024992,37.788202568000045],[-122.49933629312493,37.78842354143755],[-122.50054315637493,37.78853128631255],[-122.50193091999992,37.78852580262505],[-122.50349958399991,37.78840709037505],[-122.5049819758124,37.788095717000054],[-122.5063780954374,37.78759168250006],[-122.5076879428749,37.78689498687506],[-122.50891151812493,37.78600563012507],[-122.50995005137493,37.78530416387507],[-122.51080354262493,37.78479058812508],[-122.51147199187494,37.78446490287507],[-122.51195539912493,37.78432710812507],[-122.51244568512493,37.78403709956257],[-122.51294284987495,37.78359487718757],[-122.51344689337495,37.78300044100007],[-122.51395781562493,37.78225379100007],[-122.51433511431244,37.78152958287507],[-122.51457878943745,37.78082781662507],[-122.51468884099995,37.78014849225006],[-122.51466526899992,37.77949160975005],[-122.51456765737493,37.778926349562546],[-122.51439600612494,37.77845271168754],[-122.51415031524994,37.77807069612504],[-122.51383058474994,37.777780302875044],[-122.51357892892061,37.77741630891394],[-122.51339534776194,37.77697871424172],[-122.51327984127394,37.776467518858404],[-122.5132324094566,37.775882722763974],[-122.51319349279794,37.77495890571676],[-122.51316309129793,37.77369606771677],[-122.51314120495658,37.77209420876399],[-122.51312783377392,37.77015332885843],[-122.51304566326192,37.768241807429256],[-122.51289469342058,37.76635964447647],[-122.51267492424992,37.76450684000008],[-122.5123863557499,37.76268339400008],[-122.5121286519374,37.760951819250074],[-122.51190181281243,37.75931211575007],[-122.51170583837492,37.757764283500066],[-122.51154072862491,37.75630832250006],[-122.5113677354374,37.75499478237506],[-122.51118685881241,37.753823663125054],[-122.5109980987499,37.75279496475005],[-122.51080145524992,37.75190868725005],[-122.51060536862491,37.75115218625005],[-122.51040983887489,37.750525461750044],[-122.5102148659999,37.750028513750046],[-122.5100204499999,37.74966134225004],[-122.5098500788749,37.74918770118754],[-122.5097037526249,37.74860759056254],[-122.5095814712499,37.74792101037504],[-122.50948323474992,37.747127960625036],[-122.50943122243743,37.74643949106254],[-122.50942543431242,37.745855601687545],[-122.50946587037492,37.745376292500055],[-122.50955253062494,37.74500156350007],[-122.50957823281244,37.74459659350008],[-122.50954297693744,37.74416138250008],[-122.50944676299994,37.74369593050008],[-122.50928959099994,37.743200237500076],[-122.50918376943744,37.74275897900007],[-122.50912929831243,37.74237215500007],[-122.50912617762492,37.74203976550007],[-122.50917440737493,37.741761810500066],[-122.50915236024991,37.74115134381256],[-122.5090600362499,37.74020836543757],[-122.5088974353749,37.73893287537506],[-122.50866455762494,37.73732487362506],[-122.50849533331244,37.73598775762506],[-122.50838976243742,37.73492152737506],[-122.50834784499992,37.73412618287505],[-122.50836958099993,37.733601724125045],[-122.50836259062493,37.73301088925004],[-122.50832687387492,37.732353678250036],[-122.50826243074994,37.731630091125034],[-122.50816926124992,37.730840127875034],[-122.50797494168742,37.72958726806253],[-122.50767947206245,37.72787151168754],[-122.50728285237494,37.72569285875004],[-122.5067850826249,37.72305130925004],[-122.5062597778124,37.72061557481254],[-122.50570693793739,37.718385655437544],[-122.50512656299989,37.71636155112505],[-122.5045186529999,37.71454326187505],[-122.5040106998124,37.71294663125005],[-122.50360270343741,37.711571659250055],[-122.50329466387493,37.71041834587505],[-122.5030865811249,37.70948669112504],[-122.50273396476055,37.70878869117141],[-122.50223681478184,37.70832434601412],[-122.50159513118874,37.708093655653215],[-122.50080891398129,37.70809662008867],[-122.50024239922386,37.708240673380146],[-122.49989558691645,37.708525815527636],[-122.49976847705909,37.70895204653116],[-122.49986106965177,37.7095193663907],[-122.49979162520728,37.71013004147068],[-122.49956014372562,37.71078407177109],[-122.49916662520681,37.71148145729193],[-122.49861106965085,37.71222219803321],[-122.49805551409489,37.71263886470018],[-122.49749995853894,37.71273145729283],[-122.49694440298298,37.712499975811184],[-122.496388847427,37.711944420255236],[-122.49587958816737,37.71134093652997],[-122.49541662520407,37.710689524635406],[-122.49499995853711,37.70999018457154],[-122.49462958816648,37.70924291633837],[-122.49303236594308,37.7086874401346],[-122.49020829186694,37.70832375596024],[-122.48615736593804,37.70815186381526],[-122.48087958815643,37.708171763699696],[-122.4768518103757,37.70841482699653],[-122.4740740325959,37.70888105370578],[-122.47254625481699,37.70957044382743],[-122.47226847703902,37.71048299736148],[-122.47196755111287,37.71123685695652],[-122.47164347703855,37.71183202261254],[-122.47129625481608,37.71226849432954],[-122.47092588444545,37.71254627210752],[-122.47078699555647,37.712847198033664],[-122.4708795881491,37.71317127210797],[-122.47120366222342,37.713518494330444],[-122.47175921777941,37.71388886470109],[-122.4722221807427,37.71428238321989],[-122.47259255111334,37.71469904988686],[-122.4728703288913,37.71513886470199],[-122.47305551407663,37.715601827665296],[-122.47319440296562,37.71604164248043],[-122.47328699555828,37.7164583091474],[-122.47333329185462,37.716851827666204],[-122.47333329185462,37.71722219803684],[-122.47340273629911,37.71754627211116],[-122.47354162518809,37.71782404988914],[-122.47374995852158,37.71805553137079],[-122.47402773629958,37.7182407165561],[-122.4741434770404,37.718587938778576],[-122.47409718074405,37.719097198038206],[-122.47388884741056,37.71976849433499],[-122.47351847703993,37.72060182766893],[-122.47317125481746,37.72124997581755],[-122.47284718074314,37.72171293878085],[-122.47254625481699,37.72199071655882],[-122.47226847703902,37.722083309151486],[-122.47206014370553,37.72222219804048],[-122.47192125481652,37.7224073832258],[-122.47185181037204,37.72263886470745],[-122.47185181037204,37.72291664248542],[-122.47178236592754,37.72317127211524],[-122.47164347703855,37.723402753596886],[-122.47143514370507,37.723611086930376],[-122.4711573659271,37.7237962721157],[-122.47094903259361,37.72402775359735],[-122.47081014370463,37.72430553137533],[-122.47074069926012,37.724629605449636],[-122.47074069926012,37.72499997582028],[-122.47085644000096,37.72532404989459],[-122.47108792148259,37.72560182767256],[-122.47143514370508,37.72583330915422],[-122.47189810666839,37.726018494339534],[-122.47233792148353,37.72627312396935],[-122.4727545881505,37.72659719804366],[-122.4731481066693,37.72699071656247],[-122.47351847703993,37.727453679525766],[-122.4737268103734,37.72784719804457],[-122.47377310666974,37.72817127211887],[-122.47365736592891,37.72842590174869],[-122.47337958815095,37.72861108693401],[-122.47319440296563,37.7288194202675],[-122.47310181037297,37.72905090174915],[-122.47310181037297,37.72930553137896],[-122.47319440296563,37.729583309156936],[-122.47337958815095,37.729791642490426],[-122.47365736592894,37.72993053137941],[-122.47402773629958,37.72999997582391],[-122.47449069926287,37.72999997582391],[-122.47493051407801,37.730092568416566],[-122.47534718074499,37.73027775360189],[-122.47574069926378,37.73055553137987],[-122.47611106963441,37.73092590175051],[-122.47645829185689,37.731319420269315],[-122.4767823659312,37.73173608693629],[-122.47708329185735,37.73217590175142],[-122.47736106963532,37.73263886471472],[-122.47759255111697,37.733078679529854],[-122.47777773630231,37.733495346196825],[-122.4779166251913,37.733888864715624],[-122.47800921778395,37.73425923508627],[-122.47793977333946,37.73456016101241],[-122.47770829185781,37.73479164249406],[-122.477314773339,37.734953679531216],[-122.47675921778304,37.735046272123874],[-122.47641199556057,37.73520830916103],[-122.47627310667157,37.73543979064268],[-122.47634255111606,37.73574071656882],[-122.47662032889404,37.73611108693947],[-122.47696755111652,37.73638886471744],[-122.47738421778351,37.736574049902764],[-122.47787032889497,37.73666664249542],[-122.47842588445093,37.73666664249542],[-122.4789119955624,37.73673608693991],[-122.47932866222936,37.73687497582891],[-122.47967588445184,37.737083309162394],[-122.47995366222982,37.737361086940375],[-122.48027773630412,37.73756942027386],[-122.48064810667475,37.737708309162855],[-122.48106477334173,37.73777775360735],[-122.48152773630503,37.73777775360735],[-122.4818749585275,37.737870346200005],[-122.48210644000915,37.73805553138533],[-122.48222218074999,37.7383333091633],[-122.48222218074999,37.73870367953395],[-122.48238421778714,37.73905090175642],[-122.48270829186146,37.73937497583073],[-122.48319440297291,37.739675901756875],[-122.48384255112154,37.73995367953486],[-122.48444440297385,37.74016201286834],[-122.48499995852978,37.74030090175733],[-122.48550921778943,37.74037034620182],[-122.48597218075273,37.74037034620182],[-122.48641199556785,37.740416642498154],[-122.48682866223484,37.74050923509081],[-122.48722218075365,37.7406481239798],[-122.48759255112428,37.74083330916512],[-122.48787032890226,37.741087938794934],[-122.48805551408759,37.74141201286924],[-122.48814810668024,37.741805531388046],[-122.48814810668024,37.74226849435135],[-122.48819440297657,37.742662012870156],[-122.48828699556924,37.742986086944455],[-122.48842588445824,37.74324071657428],[-122.48861106964354,37.74342590175959],[-122.48888884742152,37.74356479064859],[-122.48925921779217,37.74365738324124],[-122.48972218075546,37.743703679537575],[-122.49027773631143,37.743703679537575],[-122.49071755112656,37.74374997583391],[-122.49104162520086,37.74384256842656],[-122.49124995853435,37.743981457315556],[-122.49134255112703,37.74416664250087],[-122.49141199557153,37.744490716575186],[-122.49145829186786,37.74495367953848],[-122.49148144001602,37.74555553139077],[-122.49148144001602,37.74629627213206],[-122.49150458816419,37.74688567489286],[-122.49155088446051,37.74732373967319],[-122.491620328905,37.74761046647305],[-122.49171292149767,37.74774585529243],[-122.49178236594216,37.74784740717993],[-122.49182866223848,37.74791512213555],[-122.49185181038665,37.74794900015929],[-122.49185181038665,37.747949041251154],[-122.49192125483114,37.74798465903673],[-122.49206014372014,37.74805585351603],[-122.49226847705361,37.748162624689044],[-122.49254625483161,37.748304972555786],[-122.49277773631326,37.74852747419666],[-122.49296292149856,37.748830129611676],[-122.49310181038756,37.74921293880084],[-122.49319440298022,37.74967590176414],[-122.49326384742471,37.75027775361643],[-122.49331014372105,37.75101849435771],[-122.49333329186922,37.75189812398798],[-122.49333329186922,37.75291664250724],[-122.4934027363137,37.75370367954485],[-122.49354162520271,37.754259235100804],[-122.4937499585362,37.75458330917512],[-122.49402773631417,37.754675901767776],[-122.49425921779583,37.7548610869531],[-122.49444440298115,37.75513886473107],[-122.49458329187013,37.75550923510171],[-122.49467588446278,37.75597219806501],[-122.49474532890727,37.75648145732464],[-122.49479162520362,37.7570370128806],[-122.49481477335178,37.7576388647329],[-122.49481477335178,37.75828701288151],[-122.49474532890729,37.758912012881964],[-122.49460644001829,37.75951386473426],[-122.4943981066848,37.76009256843838],[-122.49412032890685,37.76064812399434],[-122.49384255112886,37.76111108695764],[-122.49356477335087,37.76148145732829],[-122.4932869955729,37.76175923510626],[-122.4930092177949,37.76194442029158],[-122.49252310668344,37.76208330918057],[-122.4918286622385,37.762175901773226],[-122.49092588446005,37.76222219806956],[-122.48981477334813,37.76222219806956],[-122.4889119955697,37.76229164251405],[-122.48821755112473,37.76243053140304],[-122.48773144001328,37.76263886473652],[-122.4874536622353,37.762916642514504],[-122.48722218075365,37.763194420292486],[-122.48703699556833,37.76347219807047],[-122.48689810667933,37.76374997584845],[-122.48680551408667,37.76402775362643],[-122.48662032890135,37.76421293881175],[-122.48634255112336,37.7643055314044],[-122.48597218075273,37.7643055314044],[-122.48550921778943,37.76421293881174],[-122.48513884741878,37.76418979066358],[-122.4848610696408,37.764236086959905],[-122.48467588445548,37.764351827700736],[-122.48458329186282,37.76453701288605],[-122.4843981066775,37.76467590177505],[-122.48412032889951,37.7647684943677],[-122.48374995852888,37.76481479066403],[-122.48328699556558,37.76481479066403],[-122.48284718075044,37.764861086960366],[-122.48243051408346,37.76495367955303],[-122.48203699556467,37.765092568442014],[-122.48166662519404,37.76527775362734],[-122.48127310667523,37.76541664251633],[-122.48085644000827,37.76550923510899],[-122.48041662519313,37.76555553140532],[-122.47995366222982,37.76555553140532],[-122.47960644000734,37.76562497584982],[-122.4793749585257,37.7657638647388],[-122.47925921778487,37.76597219807229],[-122.47925921778487,37.766249975850265],[-122.47935181037752,37.76650460548008],[-122.47953699556285,37.76673608696173],[-122.47981477334083,37.76694442029522],[-122.48018514371147,37.767129605480534],[-122.48043977334129,37.76733793881402],[-122.48057866223029,37.76756942029567],[-122.48060181037845,37.76782404992549],[-122.48050921778577,37.76810182770347],[-122.48053236593393,37.76837960548145],[-122.48067125482292,37.76865738325942],[-122.48092588445274,37.768935161037405],[-122.48129625482339,37.76921293881538],[-122.4816203288977,37.769537012889685],[-122.48189810667569,37.76990738326033],[-122.48212958815733,37.7703240499273],[-122.48231477334265,37.7707870128906],[-122.48226847704632,37.7713194202984],[-122.48199069926832,37.771921272150685],[-122.48148144000871,37.77259256844747],[-122.48074069926741,37.77333330918875],[-122.47988421778531,37.773888864744706],[-122.47891199556238,37.77425923511535],[-122.47782403259863,37.77444442030067],[-122.47662032889404,37.77444442030067],[-122.47574069926377,37.77458330918966],[-122.4751851437078,37.77486108696764],[-122.47495366222616,37.77527775363461],[-122.47504625481884,37.77583330919056],[-122.47506940296701,37.77634256845019],[-122.47502310667066,37.776805531413494],[-122.47490736592984,37.777222198080466],[-122.47472218074452,37.7775925684511],[-122.47430551407754,37.77787034622908],[-122.47365736592893,37.7780555314144],[-122.47277773629865,37.77814812400706],[-122.47166662518673,37.77814812400706],[-122.47071755111196,37.77819442030339],[-122.46993051407435,37.77828701289605],[-122.4693055140739,37.77842590178504],[-122.46884255111058,37.778611086970365],[-122.46828699555462,37.778611086970365],[-122.46763884740601,37.77842590178504],[-122.46689810666473,37.7780555314144],[-122.46606477333079,37.77749997585845],[-122.46527773629319,37.777083309191475],[-122.4645369955519,37.776805531413494],[-122.46384255110695,37.7766666425245],[-122.46319440295832,37.7766666425245],[-122.46261569925419,37.77668979067267],[-122.46210643999456,37.776736086968995],[-122.46166662517942,37.77680553141349],[-122.46129625480877,37.77689812400615],[-122.46090714485163,37.777314790673124],[-122.46049929530798,37.7780555314144],[-122.46007270617784,37.77912034622999],[-122.4596273774612,37.780509235119894],[-122.45930653230381,37.781736086972636],[-122.4591101707057,37.78280090178823],[-122.45903829266686,37.78370367956666],[-122.45909089818728,37.78444442030794],[-122.45922853312666,37.785069420308396],[-122.459451197485,37.785578679568026],[-122.45975889126227,37.78597219808683],[-122.46015161445848,37.78624997586481],[-122.46060819389281,37.78648145734646],[-122.46112862956524,37.78666664253178],[-122.46171292147577,37.78680553142077],[-122.46236106962438,37.786898124013426],[-122.46284718073585,37.78701386475425],[-122.46317125481013,37.78715275364324],[-122.4633332918473,37.7873147906804],[-122.4633332918473,37.787499975865714],[-122.46347218073629,37.78763886475471],[-122.46374995851428,37.78773145734736],[-122.46416662518125,37.787777753643695],[-122.46472218073721,37.787777753643695],[-122.46511569925602,37.78787034623635],[-122.46534718073767,37.788055531421676],[-122.46541662518216,37.78833330919966],[-122.46532403258949,37.78870367957029],[-122.46541662518214,37.78905090179276],[-122.46569440296014,37.78937497586708],[-122.46615736592344,37.789675901793224],[-122.46680551407206,37.7899536795712],[-122.46733792147987,37.79013886475652],[-122.46775458814685,37.79023145734918],[-122.46805551407299,37.79023145734918],[-122.4682406992583,37.79013886475652],[-122.46840273629546,37.79013886475652],[-122.46854162518444,37.79023145734918],[-122.46865736592527,37.7904166425345],[-122.46874995851793,37.790694420312484],[-122.46895829185142,37.790902753645966],[-122.46928236592572,37.79104164253496],[-122.46972218074086,37.79111108697945],[-122.47027773629682,37.79111108697945],[-122.47074069926012,37.79101849438679],[-122.47111106963077,37.79083330920147],[-122.47138884740875,37.79055553142349],[-122.47157403259406,37.79018516105285],[-122.4720138474092,37.78986108697854],[-122.47270829185413,37.789583309200566],[-122.47365736592891,37.78935182771891],[-122.47486106963349,37.789166642533594],[-122.47585644000459,37.78912034623726],[-122.47664347704222,37.78921293882992],[-122.47722218074634,37.78944442031157],[-122.47759255111698,37.789814790682215],[-122.47789347704312,37.790347198090004],[-122.47812495852477,37.79104164253495],[-122.47828699556193,37.79189812401706],[-122.4783795881546,37.79291664253632],[-122.47849532889542,37.79377312401842],[-122.47863421778442,37.794467568463375],[-122.47879625482157,37.794999975871164],[-122.47898144000688,37.79537034624181],[-122.47912032889587,37.79576386476061],[-122.47921292148854,37.79618053142758],[-122.47925921778487,37.79662034624271],[-122.47925921778487,37.797083309206016],[-122.47921292148854,37.797592568465646],[-122.47912032889587,37.7981481240216],[-122.47898144000688,37.79874997587389],[-122.47879625482157,37.79939812402252],[-122.47865736593258,37.8000694203193],[-122.47856477333991,37.80076386476425],[-122.47851847704358,37.80148145735736],[-122.47851847704358,37.80222219809864],[-122.47844903259909,37.802847198099094],[-122.47831014371009,37.803356457358724],[-122.47810181037661,37.80374997587753],[-122.47782403259862,37.804027753655504],[-122.47761569926513,37.804305531433485],[-122.47747681037615,37.80458330921146],[-122.47740736593165,37.80486108698944],[-122.47740736593165,37.80513886476742],[-122.47717588445,37.805324049952745],[-122.47671292148671,37.8054166425454],[-122.47601847704176,37.8054166425454],[-122.47509255111514,37.805324049952745],[-122.4743286622257,37.80520830921192],[-122.47372681037342,37.80506942032293],[-122.47328699555828,37.80490738328577],[-122.47300921778032,37.80472219810046],[-122.4727545881505,37.804444420322476],[-122.47252310666883,37.80407404995183],[-122.47231477333534,37.80361108698853],[-122.47212958815003,37.803055531432584],[-122.47199069926103,37.80252312402479],[-122.47189810666836,37.80201386476516],[-122.47185181037204,37.801527753653694],[-122.47185181037204,37.80106479069039],[-122.47175921777938,37.800671272171584],[-122.47157403259405,37.800347198097285],[-122.47129625481608,37.80009256846746],[-122.47092588444545,37.79990738328215],[-122.47060181037114,37.799629605504165],[-122.47032403259317,37.79925923513352],[-122.47009255111152,37.79879627217022],[-122.46990736592619,37.79824071661426],[-122.46960644000005,37.797847198095454],[-122.46918977333306,37.797615716613805],[-122.46865736592527,37.79754627216931],[-122.46800921777665,37.79763886476198],[-122.46740736592436,37.797824049947295],[-122.4668518103684,37.79810182772527],[-122.46634255110877,37.79847219809591],[-122.46587958814546,37.79893516105922],[-122.46546292147849,37.79928238328169],[-122.46509255110786,37.79951386476334],[-122.46476847703354,37.799629605504165],[-122.46449069925555,37.799629605504165],[-122.46416662518124,37.79953701291151],[-122.4637962548106,37.799351827726184],[-122.46337958814364,37.7990740499482],[-122.46291662518033,37.798703679577564],[-122.46259255110603,37.798333309206924],[-122.46240736592071,37.79796293883628],[-122.46236106962438,37.797592568465646],[-122.46245366221704,37.797222198095],[-122.46240736592071,37.79692127216886],[-122.4622221807354,37.79668979068721],[-122.46189810666108,37.796527753650054],[-122.46143514369777,37.79643516105739],[-122.4610879214753,37.796226827723906],[-122.46085643999365,37.7959027536496],[-122.46074069925282,37.79546293883446],[-122.46074069925282,37.79490738327851],[-122.46048606962302,37.79439812401888],[-122.45997681036337,37.793935161055586],[-122.45921292147392,37.793518494388614],[-122.45819440295466,37.79314812401797],[-122.45743051406522,37.79282404994366],[-122.45692125480558,37.79254627216568],[-122.45666662517577,37.79231479068403],[-122.45666662517577,37.79212960549871],[-122.45655088443493,37.791921272165226],[-122.45631940295328,37.79168979068358],[-122.45597218073081,37.791435161053755],[-122.45550921776751,37.79115738327578],[-122.45495366221155,37.7909490499423],[-122.45430551406292,37.7908101610533],[-122.45356477332163,37.79074071660881],[-122.45273143998773,37.79074071660881],[-122.45201384739461,37.7908101610533],[-122.45141199554232,37.7909490499423],[-122.45092588443083,37.79115738327578],[-122.45055551406018,37.791435161053755],[-122.45025458813404,37.79182867957256],[-122.4500231066524,37.79233793883219],[-122.44986106961524,37.792962938832645],[-122.44976847702259,37.79370367957393],[-122.44958329183726,37.79428238327805],[-122.44930551405929,37.794699049945024],[-122.44893514368864,37.79495367957483],[-122.44847218072533,37.7950462721675],[-122.44806213612395,37.7950462721675],[-122.44770500988446,37.794953679574846],[-122.44740080200688,37.79476849438952],[-122.44714951249122,37.79449071661154],[-122.446946715071,37.794189790685394],[-122.44679240974621,37.79386571661109],[-122.44668659651688,37.793518494388614],[-122.446629275383,37.79314812401797],[-122.44658627951746,37.792870346239994],[-122.44655760892027,37.79268516105467],[-122.44654326359142,37.79259256846201],[-122.44654324353093,37.79259256846201],[-122.44655742099826,37.79268516105467],[-122.44658579599344,37.792870346239994],[-122.44662836851646,37.79314812401797],[-122.4466851385673,37.793518494388614],[-122.44665179238126,37.793819420314755],[-122.4465283299583,37.7940509017964],[-122.44631475129844,37.79421293883356],[-122.44601105640169,37.79430553142622],[-122.44562124819197,37.79437497587072],[-122.44514532666928,37.79442127216704],[-122.44458329183362,37.79444442031521],[-122.443935143685,37.79444442031521],[-122.44344903257351,37.794490716611534],[-122.44312495849923,37.7945833092042],[-122.44296292146205,37.79472219809319],[-122.44296292146205,37.794907383278506],[-122.44280088442491,37.7950668354536],[-122.4424768103506,37.79520055461848],[-122.44199069923913,37.79530854077313],[-122.44134255109051,37.79539079391754],[-122.44076384738639,37.79538562419342],[-122.44025458812675,37.79529303160077],[-122.43981477331161,37.79511301613957],[-122.43944440294098,37.794845577809824],[-122.43916662516301,37.79459870276619],[-122.43898143997768,37.79437239100865],[-122.43888884738502,37.79416664253723],[-122.43888884738502,37.79398145735191],[-122.43872681034787,37.79384256846292],[-122.43840273627356,37.79374997587026],[-122.43791662516207,37.79370367957393],[-122.43726847701345,37.79370367957393],[-122.43668977330931,37.79379627216659],[-122.43618051404968,37.79398145735191],[-122.43574069923456,37.794259235129886],[-122.43537032886393,37.79462960550053],[-122.43481477330796,37.794907383278506],[-122.43407403256668,37.79509256846383],[-122.43314810664008,37.79518516105649],[-122.43203699552815,37.79518516105649],[-122.4312036621942,37.79516201290832],[-122.43064810663824,37.795115716611996],[-122.43037032886026,37.7950462721675],[-122.43037032886026,37.79495367957483],[-122.43006940293412,37.79488423513034],[-122.42946755108183,37.794837938834014],[-122.42856477330339,37.79481479068585],[-122.4273610695988,37.79481479068585],[-122.42634255107953,37.79479164253768],[-122.4255092177456,37.794745346241356],[-122.42486106959699,37.794675901796865],[-122.42439810663367,37.7945833092042],[-122.42400458811488,37.79435182772255],[-122.42368051404057,37.793981457351904],[-122.42342588441075,37.793472198092275],[-122.42324069922543,37.79282404994366],[-122.42310181033643,37.792152753646874],[-122.42300921774378,37.79145830920193],[-122.42296292144745,37.79074071660881],[-122.42296292144745,37.78999997586753],[-122.42298606959562,37.789328679570744],[-122.42303236589194,37.788726827718456],[-122.42310181033645,37.78819442031066],[-122.42319440292911,37.78773145734736],[-122.42331014366994,37.78736108697672],[-122.42344903255892,37.78708330919875],[-122.42361106959606,37.786898124013426],[-122.4237962547814,37.78680553142077],[-122.42393514367038,37.78657404993912],[-122.42402773626304,37.78620367956847],[-122.42407403255937,37.78569442030884],[-122.42407403255937,37.78504627216023],[-122.42423606959653,37.78456016104876],[-122.42456014367085,37.78423608697445],[-122.42504625478232,37.784074049937296],[-122.42569440293092,37.784074049937296],[-122.42620366219055,37.784212938826286],[-122.42657403256119,37.78449071660427],[-122.42680551404284,37.78490738327124],[-122.4268981066355,37.785462938827195],[-122.42708329182082,37.785972198086824],[-122.4273610695988,37.78643516105013],[-122.42773143996945,37.7868518277171],[-122.42819440293275,37.78722219808773],[-122.42877310663687,37.787499975865714],[-122.42946755108181,37.78768516105104],[-122.4302777362676,37.787777753643695],[-122.43120366219422,37.787777753643695],[-122.43196755108366,37.787916642532686],[-122.43256940293594,37.78819442031067],[-122.43300921775108,37.78861108697764],[-122.43328699552907,37.78916664253359],[-122.43368051404786,37.78958330920056],[-122.43418977330751,37.78986108697854],[-122.43481477330796,37.78999997586753],[-122.43555551404924,37.78999997586753],[-122.43620366219787,37.7899536795712],[-122.43675921775383,37.78986108697855],[-122.43722218071713,37.78972219808955],[-122.43759255108776,37.78953701290423],[-122.43810181034739,37.789398124015236],[-122.438749958496,37.789305531422585],[-122.43953699553362,37.78925923512625],[-122.44046292146022,37.78925923512625],[-122.44131940294233,37.78912034623726],[-122.44210643997994,37.78884256845928],[-122.44282403257307,37.78842590179231],[-122.4434721807217,37.78787034623636],[-122.44393514368501,37.787245346235906],[-122.44421292146299,37.786550901790946],[-122.44430551405564,37.78578701290151],[-122.44421292146296,37.784953679567565],[-122.4440508844258,37.78430553141895],[-122.44381940294416,37.783842568455654],[-122.44351847701802,37.78356479067767],[-122.44314810664739,37.78347219808501],[-122.4427314399804,37.78331016104785],[-122.44226847701711,37.7830786795662],[-122.4417592177575,37.78277775364006],[-122.4412036622015,37.782407383269415],[-122.44064810664554,37.78192127215795],[-122.4400925510896,37.781319420305664],[-122.43953699553364,37.78060182771255],[-122.43898143997765,37.77976849437861],[-122.4383564399772,37.779050901785496],[-122.43766199553227,37.77844904993321],[-122.43689810664281,37.777962938821744],[-122.43606477330887,37.7775925684511],[-122.43534718071575,37.777314790673124],[-122.43474532886347,37.7771296054878],[-122.434259217752,37.77703701289514],[-122.43388884738135,37.77703701289514],[-122.43340273626988,37.77689812400615],[-122.43280088441759,37.77662034622818],[-122.43208329182448,37.776203679561206],[-122.43124995849055,37.775648124005244],[-122.43057866219377,37.775138864745614],[-122.43006940293412,37.77467590178232],[-122.42972218071165,37.77425923511535],[-122.42953699552633,37.773888864744706],[-122.42965273626716,37.77361108696673],[-122.43006940293412,37.77342590178141],[-122.43078699552724,37.77333330918875],[-122.4318055140465,37.77333330918875],[-122.43268514367676,37.773379605485076],[-122.43342588441804,37.77347219807774],[-122.43402773627034,37.77361108696673],[-122.43449069923363,37.77379627215205],[-122.43486106960427,37.77398145733737],[-122.43513884738226,37.774166642522694],[-122.43532403256758,37.77435182770801],[-122.43541662516024,37.774537012893326],[-122.43567125479007,37.77474534622681],[-122.43608792145703,37.77497682770846],[-122.43666662516117,37.77523145733827],[-122.43740736590244,37.77550923511625],[-122.43798606960657,37.77557867956075],[-122.43840273627353,37.775439790671754],[-122.43865736590335,37.77509256844928],[-122.43874995849603,37.77453701289333],[-122.43856477331072,37.773865716596546],[-122.4381018103474,37.773078679558935],[-122.43736106960613,37.7721759017805],[-122.43634255108687,37.77115738326124],[-122.43555551404926,37.77023145733464],[-122.4349999584933,37.7693981240007],[-122.43467588441898,37.76865738325942],[-122.43458329182631,37.7680092351108],[-122.43453699552998,37.76736108696218],[-122.43453699552998,37.76671293881357],[-122.43458329182631,37.76606479066494],[-122.43467588441898,37.76541664251633],[-122.4348610696043,37.76481479066403],[-122.43513884738229,37.76425923510808],[-122.43550921775292,37.76374997584845],[-122.43597218071622,37.763287012885144],[-122.43645829182769,37.76293979066267],[-122.43696755108732,37.76270830918102],[-122.43749995849511,37.7625925684402],[-122.43805551405107,37.7625925684402],[-122.43854162516254,37.76247682769937],[-122.43895829182951,37.762245346217725],[-122.43930551405198,37.76189812399525],[-122.43958329182996,37.76143516103195],[-122.43979162516344,37.761018494364976],[-122.43993051405243,37.76064812399434],[-122.43999995849693,37.76032404992003],[-122.43999995849693,37.760046272142056],[-122.4398842177561,37.75981479066041],[-122.43965273627445,37.759629605475084],[-122.43930551405198,37.7594907165861],[-122.43884255108867,37.759398123993435],[-122.43844903256986,37.759259235104444],[-122.43812495849556,37.75907404991912],[-122.43787032886576,37.75884256843747],[-122.43768514368043,37.75856479065949],[-122.4373147733098,37.75833330917784],[-122.4367592177538,37.75814812399252],[-122.43601847701254,37.75800923510353],[-122.43509255108594,37.75791664251087],[-122.43430551404833,37.75793979065904],[-122.4336573658997,37.75807867954802],[-122.43314810664006,37.75833330917784],[-122.43277773626943,37.75870367954848],[-122.43231477330613,37.75898145732646],[-122.43175921775017,37.75916664251179],[-122.43111106960154,37.759259235104444],[-122.43037032886028,37.759259235104444],[-122.42981477330432,37.75916664251179],[-122.42944440293365,37.75898145732646],[-122.42925921774835,37.75870367954848],[-122.42925921774835,37.75833330917784],[-122.42914347700751,37.758032383251695],[-122.42891199552588,37.75780090177005],[-122.42856477330339,37.75763886473289],[-122.42810181034008,37.75754627214023],[-122.42773143996945,37.75743053139941],[-122.42745366219147,37.75729164251042],[-122.42726847700615,37.75712960547326],[-122.42717588441349,37.756944420287944],[-122.42715273626531,37.75666664250996],[-122.42719903256166,37.756296272139316],[-122.42731477330248,37.75583330917602],[-122.4274999584878,37.75527775362007],[-122.4276388473768,37.75476849436044],[-122.42773143996945,37.75430553139714],[-122.42777773626578,37.75388886473017],[-122.42777773626578,37.753518494359525],[-122.42791662515477,37.75319442028522],[-122.42819440293276,37.752916642507245],[-122.42861106959973,37.75268516102559],[-122.42916662515569,37.75249997584027],[-122.42972218071165,37.75236108695128],[-122.4302777362676,37.75226849435862],[-122.43083329182356,37.75222219806229],[-122.43138884737954,37.75222219806229],[-122.43189810663917,37.75215275361779],[-122.43236106960246,37.75201386472881],[-122.43277773626943,37.75180553139532],[-122.43314810664006,37.75152775361734],[-122.4331944029364,37.751111086950374],[-122.43291662515844,37.75055553139441],[-122.43231477330615,37.74986108694946],[-122.43138884737952,37.74902775361552],[-122.43069440293458,37.748217568429745],[-122.43023143997128,37.74743053139214],[-122.42999995848963,37.746666642502696],[-122.42999995848963,37.74592590176142],[-122.43006940293412,37.7452777536128],[-122.43020829182312,37.74472219805684],[-122.4304166251566,37.74425923509354],[-122.43069440293459,37.7438888647229],[-122.43090273626808,37.74354164250042],[-122.43104162515706,37.74321756842612],[-122.43111106960156,37.74291664249997],[-122.43111106960156,37.74263886472199],[-122.43092588441624,37.74236108694401],[-122.43055551404561,37.74208330916603],[-122.42999995848965,37.741805531388046],[-122.42925921774835,37.741527753610065],[-122.42863421774791,37.74124997583208],[-122.42812495848827,37.74097219805411],[-122.42773143996945,37.74069442027613],[-122.42745366219148,37.740416642498154],[-122.427106439969,37.740185161016505],[-122.42668977330203,37.73999997583118],[-122.42620366219056,37.7398610869422],[-122.4256481066346,37.73976849434953],[-122.42523143996763,37.73961494308406],[-122.42495366218964,37.73940043314576],[-122.42481477330065,37.73912496453465],[-122.42481477330065,37.73878853725073],[-122.42472218070799,37.73855087916427],[-122.42453699552266,37.738411990275274],[-122.42425921774469,37.738371870583755],[-122.42388884737406,37.73843052008971],[-122.42361106959608,37.73854395166366],[-122.42342588441076,37.73871216530563],[-122.4233332918181,37.7389351610156],[-122.4233332918181,37.73921293879357],[-122.42317125478094,37.73944442027522],[-122.42284718070663,37.73962960546054],[-122.42236106959515,37.73976849434953],[-122.42171292144654,37.7398610869422],[-122.42122681033507,37.74002312397935],[-122.42090273626076,37.740254605461],[-122.4207406992236,37.740555531387145],[-122.4207406992236,37.74092590175778],[-122.42064810663095,37.74120367953576],[-122.42046292144562,37.74138886472108],[-122.42018514366764,37.74148145731374],[-122.419814773297,37.74148145731374],[-122.41951384737085,37.741666642499055],[-122.4192823658892,37.7420370128697],[-122.41912032885205,37.74259256842566],[-122.41902773625938,37.743333309166935],[-122.41870366218507,37.743912012871064],[-122.41814810662913,37.74432867953803],[-122.41736106959152,37.74458330916785],[-122.41634255107223,37.7446759017605],[-122.41546292144197,37.74469904990867],[-122.41472218070069,37.74465275361234],[-122.41412032884841,37.74453701287152],[-122.4136573658851,37.744351827686195],[-122.41317125477363,37.744212938797205],[-122.41266199551401,37.74412034620454],[-122.41212958810621,37.744074049908214],[-122.41157403255025,37.744074049908214],[-122.41097218069797,37.74418979064904],[-122.41032403254933,37.74442127213069],[-122.40962958810438,37.74476849435316],[-122.4088888473631,37.74523145731647],[-122.40831014365897,37.74546293879812],[-122.407893476992,37.74546293879812],[-122.40763884736218,37.74523145731647],[-122.40754625476951,37.74476849435316],[-122.40759255106585,37.74425923509353],[-122.40777773625116,37.743703679537575],[-122.40810181032548,37.74310182768529],[-122.40856477328879,37.742453679536666],[-122.40905088440024,37.7419675684252],[-122.40956014365989,37.741643494350896],[-122.41009255106769,37.74148145731374],[-122.41064810662363,37.74148145731374],[-122.41115736588327,37.74143516101741],[-122.41162032884657,37.741342568424756],[-122.41203699551355,37.74120367953576],[-122.41240736588419,37.74101849435044],[-122.41268514366217,37.74074071657246],[-122.41287032884749,37.740370346201814],[-122.41296292144015,37.73990738323852],[-122.41296292144015,37.73935182768257],[-122.41324069921814,37.7389351610156],[-122.41379625477408,37.738657383237616],[-122.41462958810803,37.738518494348625],[-122.41574069921995,37.738518494348625],[-122.41655088440574,37.7384027536078],[-122.41706014366538,37.73817127212615],[-122.41726847699886,37.73782404990368],[-122.41717588440618,37.73736108694037],[-122.41719903255435,37.73692127212524],[-122.41733792144335,37.736504605458265],[-122.41759255107317,37.73611108693947],[-122.4179629214438,37.73574071656882],[-122.41831014366628,37.73543979064268],[-122.41863421774059,37.73520830916103],[-122.41893514366674,37.735046272123874],[-122.41921292144471,37.734953679531216],[-122.42004625477867,37.73488423508672],[-122.42143514366856,37.73483793879039],[-122.42337958811443,37.734814790642226],[-122.42587958811626,37.734814790642226],[-122.42780088441395,37.7347684943459],[-122.42914347700751,37.734675901753235],[-122.42990736589695,37.734537012864244],[-122.43009255108228,37.73435182767893],[-122.43034718071209,37.73421293878994],[-122.43067125478643,37.73412034619727],[-122.43106477330522,37.73407404990095],[-122.43152773626852,37.73407404990095],[-122.4319444029355,37.73414349434544],[-122.43231477330613,37.73428238323443],[-122.43263884738045,37.73449071656791],[-122.43291662515841,37.73476849434589],[-122.43326384738089,37.734907383234884],[-122.43368051404786,37.734907383234884],[-122.43416662515934,37.73476849434589],[-122.4347221807153,37.73449071656791],[-122.43513884738226,37.734166642493605],[-122.43541662516024,37.73379627212296],[-122.43555551404924,37.733379605455994],[-122.43555551404924,37.7329166424927],[-122.43562495849372,37.73249997582573],[-122.43576384738273,37.732129605455086],[-122.43597218071622,37.73180553138078],[-122.43624995849419,37.7315277536028],[-122.43659718071667,37.731319420269315],[-122.43701384738364,37.731180531380325],[-122.43749995849511,37.73111108693583],[-122.43805551405107,37.73111108693583],[-122.43872681034786,37.7310647906395],[-122.43951384738547,37.73097219804684],[-122.4404166251639,37.73083330915785],[-122.44143514368317,37.73064812397253],[-122.44224532886895,37.73046293878721],[-122.44284718072123,37.73027775360189],[-122.44324069924004,37.730092568416566],[-122.44342588442535,37.72990738323125],[-122.44356477331435,37.72962960545327],[-122.44365736590701,37.72925923508262],[-122.44370366220335,37.728796272119325],[-122.44370366220335,37.72824071656338],[-122.44379625479601,37.727754605451906],[-122.44398143998131,37.72733793878494],[-122.4442592177593,37.72699071656246],[-122.44462958812994,37.72671293878449],[-122.44488421775976,37.726435161006506],[-122.44502310664876,37.72615738322853],[-122.44504625479692,37.72587960545055],[-122.44495366220424,37.72560182767257],[-122.44488421775975,37.72516201285743],[-122.44483792146342,37.724560161005144],[-122.44481477331526,37.7237962721157],[-122.44481477331526,37.7228703461891],[-122.44486106961159,37.72212960544782],[-122.44495366220424,37.721574049891856],[-122.44509255109324,37.72120367952122],[-122.44527773627857,37.7210184943359],[-122.44541662516755,37.72071756840975],[-122.44550921776022,37.72030090174279],[-122.44555551405655,37.71976849433499],[-122.44555551405655,37.71912034618637],[-122.44564810664922,37.71858793877858],[-122.44583329183453,37.71817127211161],[-122.44611106961251,37.717870346185464],[-122.44648143998315,37.71768516100015],[-122.44682866220562,37.717430531370326],[-122.44715273627993,37.717106457296026],[-122.44745366220607,37.71671293877722],[-122.44773143998407,37.71624997581391],[-122.44782403257673,37.715902753591436],[-122.44773143998404,37.71567127210979],[-122.44745366220607,37.71555553136896],[-122.44699069924278,37.71555553136896],[-122.44655088442764,37.715601827665296],[-122.44613421776066,37.71569442025795],[-122.44574069924187,37.715833309146944],[-122.44537032887123,37.71601849433226],[-122.44506940294508,37.716249975813916],[-122.44483792146343,37.71652775359189],[-122.44467588442627,37.716851827666204],[-122.44458329183361,37.71722219803684],[-122.44430551405563,37.717499975814825],[-122.44384255109233,37.71768516100015],[-122.4431944029437,37.717777753592806],[-122.44236106960977,37.717777753592806],[-122.44164347701665,37.71775460544464],[-122.44104162516436,37.717708309148314],[-122.44055551405289,37.717638864703815],[-122.44018514368226,37.71754627211115],[-122.43974532886712,37.717638864703815],[-122.43923606960747,37.717916642481796],[-122.43865736590335,37.718379605445094],[-122.43800921775474,37.719027753593714],[-122.43743051405062,37.71958330914967],[-122.43692125479099,37.72004627211297],[-122.43648143997585,37.720416642483606],[-122.4361110696052,37.72069442026159],[-122.43583329182721,37.72097219803957],[-122.43564810664189,37.72124997581755],[-122.43555551404924,37.72152775359553],[-122.43555551404924,37.72180553137351],[-122.43548606960474,37.72206016100333],[-122.43534718071575,37.722291642484976],[-122.43513884738226,37.72249997581846],[-122.4348610696043,37.722685161003774],[-122.43462958812265,37.72291664248542],[-122.43444440293733,37.723194420263404],[-122.43430551404833,37.72351849433772],[-122.43421292145567,37.72388886470836],[-122.43398143997402,37.724328679523495],[-122.43361106960339,37.724837938783125],[-122.43310181034374,37.72541664248725],[-122.43245366219513,37.72606479063587],[-122.43180551404652,37.726597198043656],[-122.43115736589789,37.72701386471063],[-122.43050921774926,37.727314790636775],[-122.42986106960063,37.72749997582209],[-122.42930551404467,37.72770830915558],[-122.42884255108137,37.72793979063723],[-122.42847218071074,37.728194420267045],[-122.42819440293275,37.72847219804502],[-122.42761569922862,37.7286805313785],[-122.42673606959835,37.7288194202675],[-122.42555551404193,37.72888886471199],[-122.42407403255937,37.72888886471199],[-122.42284718070663,37.72895830915648],[-122.4218749584837,37.72909719804548],[-122.42115736589058,37.72930553137896],[-122.42069440292727,37.729583309156936],[-122.42016199551948,37.729791642490426],[-122.41956014366718,37.72993053137941],[-122.4188888473704,37.72999997582391],[-122.41814810662912,37.72999997582391],[-122.41747681033232,37.72993053137941],[-122.41687495848004,37.729791642490426],[-122.41634255107225,37.729583309156936],[-122.41587958810894,37.72930553137896],[-122.41555551403464,37.72893516100832],[-122.41537032884932,37.728472198045026],[-122.41532403255299,37.72791664248906],[-122.41541662514565,37.72726849434044],[-122.41541662514565,37.726736086932654],[-122.41532403255299,37.72631942026568],[-122.41513884736767,37.726018494339534],[-122.41486106958969,37.72583330915422],[-122.41472218070069,37.72560182767256],[-122.41472218070069,37.72532404989459],[-122.41486106958969,37.72499997582028],[-122.41513884736767,37.724629605449636],[-122.41534718070115,37.72428238322716],[-122.41548606959014,37.723958309152856],[-122.41555551403464,37.72365738322671],[-122.41555551403464,37.72337960544873],[-122.41543977329381,37.723101827670746],[-122.41520829181216,37.722824049892765],[-122.41486106958969,37.72254627211478],[-122.41439810662638,37.72226849433681],[-122.41374995847775,37.72206016100333],[-122.41291662514382,37.72192127211433],[-122.41189810662456,37.72185182766984],[-122.41069440291997,37.72185182766984],[-122.40967588440071,37.721944420262496],[-122.40884255106678,37.72212960544782],[-122.40819440291816,37.7224073832258],[-122.40773143995486,37.72277775359643],[-122.40726847699156,37.72305553137441],[-122.40680551402826,37.72324071655974],[-122.40634255106495,37.723333309152395],[-122.40587958810164,37.723333309152395],[-122.40550921773101,37.72324071655974],[-122.40523143995301,37.72305553137441],[-122.4050462547677,37.72277775359643],[-122.40495366217505,37.7224073832258],[-122.40476847698972,37.72206016100333],[-122.40449069921175,37.72173608692901],[-122.4041203288411,37.721435161002866],[-122.40365736587779,37.72115738322489],[-122.40324069921083,37.7209490498914],[-122.40287032884018,37.72081016100242],[-122.40254625476587,37.72074071655792],[-122.4022684769879,37.72074071655792],[-122.40201384735808,37.72067127211343],[-122.40178236587643,37.72053238322444],[-122.40157403254295,37.720324049890955],[-122.40138884735762,37.720046272112974],[-122.40124995846864,37.719629605446],[-122.40115736587597,37.71907404989004],[-122.40111106957964,37.718379605445094],[-122.40111106957964,37.71754627211115],[-122.40122681032047,37.716851827666204],[-122.40145829180211,37.71629627211024],[-122.40180551402459,37.71587960544327],[-122.4022684769879,37.715601827665296],[-122.4027314399512,37.715393494331806],[-122.4031944029145,37.71525460544282],[-122.40365736587779,37.715185160998324],[-122.4041203288411,37.715185160998324],[-122.40451384735991,37.715300901739155],[-122.40483792143421,37.715532383220804],[-122.40509255106403,37.71587960544328],[-122.40527773624935,37.716342568406574],[-122.40548606958282,37.71666664248088],[-122.40571755106447,37.716851827666204],[-122.4059721806943,37.71689812396253],[-122.40624995847227,37.71680553136987],[-122.40666662513925,37.71673608692537],[-122.40722218069524,37.71668979062905],[-122.40791662514019,37.71666664248088],[-122.40874995847409,37.71666664248088],[-122.40942125477088,37.71655090174006],[-122.40993051403052,37.71631942025841],[-122.41027773625301,37.715972198035935],[-122.41046292143832,37.71550923507263],[-122.41071755106815,37.71516201285016],[-122.41104162514245,37.71493053136851],[-122.41143514366125,37.714814790627685],[-122.41189810662456,37.714814790627685],[-122.4122684769952,37.71486108692402],[-122.41254625477318,37.71495367951667],[-122.41273143995849,37.715092568405666],[-122.41282403255116,37.71527775359098],[-122.41328699551447,37.71541664247998],[-122.4141203288484,37.71550923507263],[-122.41532403255299,37.71555553136896],[-122.41689810662821,37.71555553136896],[-122.41821755107361,37.7155323832208],[-122.41928236588922,37.71548608692447],[-122.42009255107499,37.71541664247997],[-122.42064810663095,37.715324049887315],[-122.42113421774242,37.71520830914649],[-122.42155088440938,37.7150694202575],[-122.42189810663186,37.71490738322034],[-122.42217588440985,37.71472219803503],[-122.42238421774334,37.71449071655337],[-122.42252310663233,37.7142129387754],[-122.42259255107682,37.71388886470109],[-122.42259255107682,37.713518494330444],[-122.42252310663233,37.71319442025614],[-122.42238421774334,37.712916642478156],[-122.42217588440985,37.71268516099651],[-122.42189810663186,37.71249997581119],[-122.42168977329838,37.71226849432954],[-122.42155088440938,37.71199071655156],[-122.4214814399649,37.711666642477255],[-122.4214814399649,37.71129627210661],[-122.42164347700205,37.71099534618047],[-122.42196755107635,37.71076386469882],[-122.42245366218782,37.71060182766166],[-122.42310181033645,37.710509235069],[-122.42363421774424,37.71048608692084],[-122.4240508844112,37.71053238321716],[-122.42435181033736,37.710648123957995],[-122.42453699552267,37.71083330914331],[-122.4247916251525,37.71097219803231],[-122.42511569922678,37.71106479062496],[-122.4255092177456,37.71111108692129],[-122.4259721807089,37.71111108692129],[-122.42631940293137,37.7110416424768],[-122.42655088441302,37.7109027535878],[-122.42666662515386,37.71069442025432],[-122.42666662515386,37.71041664247634],[-122.42655088441302,37.71020830914286],[-122.42631940293137,37.71006942025386],[-122.4259721807089,37.70999997580937],[-122.4255092177456,37.70999997580937],[-122.42511569922678,37.70989625861673],[-122.4247916251525,37.709688824231456],[-122.42453699552267,37.709377672653545],[-122.42435181033736,37.70896280388301],[-122.4222791056009,37.708655522884655],[-122.41831888131331,37.70845582965848],[-122.41247113747458,37.7083637242045]],[[-122.48905251465894,37.7836993166088],[-122.49032038109829,37.7836419096813],[-122.49129442907596,37.78346920811397],[-122.49197465859196,37.78318121190682],[-122.4923610696463,37.78277792105984],[-122.49245366223896,37.78225933557303],[-122.49233792149813,37.781731507568935],[-122.49201384742382,37.78119443704755],[-122.49148144001602,37.78064812400888],[-122.49074069927474,37.78009256845293],[-122.49009255112611,37.77967590178596],[-122.48953699557015,37.779398124007976],[-122.48907403260685,37.779259235118985],[-122.4887036622362,37.779259235118985],[-122.48835644001373,37.77921293882265],[-122.48803236593942,37.779120346229995],[-122.48773144001328,37.778981457341004],[-122.4874536622353,37.77879627215568],[-122.4872453289018,37.77849534622953],[-122.48710644001281,37.77807867956257],[-122.48703699556832,37.77754627215477],[-122.48703699556832,37.77689812400615],[-122.48717588445732,37.7763425684502],[-122.48745366223528,37.77587960548689],[-122.48787032890226,37.77550923511625],[-122.48842588445822,37.77523145733827],[-122.48905088445868,37.77502312400479],[-122.48974532890364,37.7748842351158],[-122.49050921779309,37.77481479067131],[-122.49134255112703,37.77481479067131],[-122.49212958816464,37.77483793881947],[-122.49287032890592,37.7748842351158],[-122.49356477335088,37.7749536795603],[-122.49421292149948,37.77504627215296],[-122.49474532890727,37.77518516104195],[-122.49516199557426,37.77537034622727],[-122.4954629215004,37.77560182770892],[-122.49564810668574,37.77587960548689],[-122.49611106964903,37.77608793882038],[-122.4968518103903,37.776226827709365],[-122.49787032890956,37.776296272153864],[-122.49916662520683,37.776296272153864],[-122.5003703289114,37.77638886474652],[-122.50148144002333,37.776574049931845],[-122.50249995854259,37.77685182770982],[-122.50342588446918,37.777222198080466],[-122.50416662521047,37.777453679562115],[-122.50472218076641,37.777546272154765],[-122.50509255113705,37.77749997585844],[-122.5052777363224,37.777314790673124],[-122.5055323659522,37.77717590178413],[-122.5058564400265,37.777083309191475],[-122.50624995854531,37.77703701289514],[-122.50671292150862,37.77703701289514],[-122.5071990326201,37.777083309191475],[-122.50770829187971,37.77717590178413],[-122.50824069928751,37.777314790673124],[-122.50879625484347,37.77749997585844],[-122.50918977336228,37.777754605488255],[-122.50942125484394,37.77807867956256],[-122.50949069928843,37.77847219808137],[-122.50939810669577,37.77893516104468],[-122.5094444029921,37.77939812400798],[-122.50962958817742,37.77986108697128],[-122.50995366225172,37.78032404993458],[-122.51041662521503,37.780787012897875],[-122.51078699558566,37.78124997586117],[-122.51106477336364,37.78171293882447],[-122.51124995854896,37.78217590178777],[-122.51134255114164,37.782638864751064],[-122.51131940299348,37.78298608697354],[-122.51118051410448,37.783217568455186],[-122.51092588447466,37.78333330919602],[-122.51055551410401,37.78333330919602],[-122.51020829188154,37.78340275364051],[-122.50988421780724,37.7835416425295],[-122.50958329188109,37.78374997586298],[-122.50930551410312,37.78402775364096],[-122.50886569928798,37.784236086974445],[-122.50826384743569,37.78437497586344],[-122.50749995854625,37.784444420307935],[-122.50657403261964,37.784444420307935],[-122.50587958817468,37.784583309196925],[-122.5054166252114,37.78486108697491],[-122.50518514372973,37.78527775364188],[-122.50518514372973,37.78583330919784],[-122.50509255113708,37.78624997586481],[-122.50490736595177,37.78652775364279],[-122.50462958817377,37.78666664253178],[-122.50425921780312,37.78666664253178],[-122.50393514372881,37.786736086976276],[-122.50365736595083,37.78687497586526],[-122.50342588446918,37.78708330919875],[-122.50324069928386,37.78736108697672],[-122.50284718076506,37.787569420310206],[-122.50224532891278,37.7877083091992],[-122.501435143727,37.787777753643695],[-122.50041662520773,37.787777753643695],[-122.49958329187379,37.7877083091992],[-122.49893514372516,37.787569420310206],[-122.49847218076187,37.78736108697672],[-122.49819440298388,37.78708330919875],[-122.49768514372425,37.78687497586526],[-122.49694440298296,37.786736086976276],[-122.49597218076003,37.78666664253178],[-122.49476847705544,37.78666664253178],[-122.49374995853617,37.78650460549463],[-122.49291662520223,37.786180531420314],[-122.49226847705361,37.78569442030884],[-122.49180551409032,37.78504627216023],[-122.49121076970249,37.784542122115184],[-122.49048424389017,37.78418197017372],[-122.48962593665333,37.78396581633583],[-122.48863584799196,37.78389366060152],[-122.48821024810579,37.78382519206891],[-122.48834913699477,37.783760410738005],[-122.48905251465894,37.7836993166088]],[[-122.41833329181445,37.79649677869337],[-122.41870366218508,37.796564724231644],[-122.41900458811122,37.79668512782984],[-122.41923606959287,37.79685798948796],[-122.41939810663003,37.797083309206016],[-122.4194906992227,37.79736108698399],[-122.41967588440804,37.797615716613805],[-122.419953662186,37.797847198095454],[-122.42032403255664,37.79805553142894],[-122.42078699551995,37.79824071661426],[-122.42113421774242,37.79849534624408],[-122.42136569922405,37.79881942031838],[-122.4214814399649,37.79921293883719],[-122.4214814399649,37.7996759018005],[-122.42152773626123,37.80004627217114],[-122.42162032885388,37.80032404994911],[-122.42175921774286,37.80050923513443],[-122.4219444029282,37.80060182772709],[-122.42206014366903,37.80083330920874],[-122.42210643996533,37.80120367957939],[-122.42208329181717,37.80171293883901],[-122.42199069922452,37.80236108698763],[-122.42178236589103,37.802847198099094],[-122.42145829181673,37.8031712721734],[-122.4210184770016,37.80333330921056],[-122.42046292144563,37.80333330921056],[-122.41997681033416,37.803217568469734],[-122.4195601436672,37.802986086988085],[-122.41921292144471,37.80263886476561],[-122.41893514366674,37.80217590180231],[-122.41863421774059,37.80173608698718],[-122.41831014366628,37.801319420320205],[-122.4179629214438,37.800925901801406],[-122.41759255107317,37.80055553143076],[-122.41719903255435,37.800277753652786],[-122.41678236588737,37.80009256846746],[-122.41634255107225,37.799999975874805],[-122.41587958810894,37.799999975874805],[-122.41537032884932,37.799930531430306],[-122.41481477329336,37.79979164254132],[-122.41421292144106,37.79958330920783],[-122.41356477329245,37.79930553142985],[-122.41310181032915,37.79895830920738],[-122.41282403255116,37.7985416425404],[-122.41273143995849,37.798055531428936],[-122.41282403255116,37.79749997587299],[-122.41282403255116,37.797013864761524],[-122.41273143995849,37.79659719809455],[-122.41254625477318,37.79624997587208],[-122.4122684769952,37.7959721980941],[-122.41206014366172,37.79569442031612],[-122.41192125477272,37.795416642538136],[-122.41185181032823,37.795138864760155],[-122.41185181032823,37.79486108698217],[-122.41166662514291,37.79458330920419],[-122.41129625477228,37.79430553142622],[-122.41074069921632,37.79402775364824],[-122.40999995847503,37.79374997587026],[-122.40944440291906,37.793425901795956],[-122.40907403254843,37.79305553142531],[-122.4088888473631,37.792638864758345],[-122.4088888473631,37.792175901795034],[-122.40895829180761,37.79175923512807],[-122.40909718069659,37.79138886475742],[-122.40930551403008,37.791064790683116],[-122.40958329180805,37.790787012905135],[-122.40993051403052,37.79057867957165],[-122.41034718069749,37.79043979068266],[-122.41083329180896,37.79037034623817],[-122.41138884736493,37.79037034623817],[-122.4119444029209,37.79027775364551],[-122.41249995847684,37.79009256846019],[-122.4130555140328,37.789814790682215],[-122.41361106958877,37.78944442031157],[-122.41421292144105,37.789166642533594],[-122.41486106958969,37.78898145734827],[-122.41555551403464,37.78888886475561],[-122.41629625477592,37.78888886475561],[-122.41687495848005,37.78898145734827],[-122.41729162514702,37.789166642533594],[-122.41754625477684,37.78944442031157],[-122.4176388473695,37.789814790682215],[-122.41782403255482,37.79013886475652],[-122.41810181033281,37.790416642534495],[-122.41847218070345,37.79064812401615],[-122.41893514366674,37.79083330920147],[-122.41935181033372,37.79106479068312],[-122.41972218070435,37.7913425684611],[-122.42004625477865,37.79166664253541],[-122.42032403255664,37.79203701290605],[-122.42053236589011,37.7924073832767],[-122.42067125477911,37.79277775364733],[-122.4207406992236,37.79314812401797],[-122.4207406992236,37.793518494388614],[-122.42060181033462,37.793935161055586],[-122.42032403255664,37.79439812401888],[-122.41990736588967,37.79490738327851],[-122.4193518103337,37.79546293883446],[-122.4188888473704,37.795885767265034],[-122.41851847699976,37.7961758685702],[-122.41824069922178,37.79633324274999],[-122.41805551403647,37.79635788980438],[-122.41800921774013,37.796393361479744],[-122.4181018103328,37.79643965777607],[-122.41833329181445,37.79649677869337]],[[-122.40648143995394,37.80333330921056],[-122.40611106958329,37.80333330921056],[-122.40571755106447,37.80314812402524],[-122.4053008843975,37.802777753654595],[-122.40486106958238,37.80222219809864],[-122.40439810661907,37.80148145735736],[-122.40423606958191,37.8009953462459],[-122.40437495847092,37.80076386476425],[-122.40481477328605,37.800787012912416],[-122.40555551402733,37.80106479069039],[-122.40613421773146,37.801388864764704],[-122.40655088439843,37.801759235135336],[-122.40680551402825,37.80217590180231],[-122.40689810662091,37.80263886476561],[-122.40687495847274,37.802986086988085],[-122.40673606958376,37.803217568469734],[-122.40648143995394,37.80333330921056]],[[-122.40212958809889,37.760925901772325],[-122.40157403254295,37.76055553140168],[-122.40094903254248,37.76025460547554],[-122.40025458809754,37.76002312399389],[-122.39949069920809,37.75986108695673],[-122.39865736587414,37.75976849436407],[-122.39800921772553,37.75958330917875],[-122.39754625476223,37.75930553140078],[-122.39726847698425,37.75893516103014],[-122.39717588439157,37.758472198066826],[-122.39701384735442,37.758032383251695],[-122.39678236587277,37.75761571658472],[-122.39648143994663,37.757222198065925],[-122.396111069576,37.75685182769528],[-122.39583329179801,37.75643516102831],[-122.3956481066127,37.75597219806501],[-122.39555551402003,37.75546293880538],[-122.39555551402003,37.75490738324943],[-122.39569440290902,37.75449071658246],[-122.395972180687,37.75421293880448],[-122.39638884735396,37.75407404991549],[-122.39694440290992,37.75407404991549],[-122.39738421772506,37.75398145732283],[-122.39770829179936,37.75379627213751],[-122.39791662513285,37.753518494359525],[-122.39800921772553,37.75314812398889],[-122.39821755105902,37.752847198062746],[-122.39854162513332,37.7526157165811],[-122.39898143994846,37.75245367954395],[-122.39953699550442,37.75236108695128],[-122.39995366217138,37.75238423509944],[-122.40023143994938,37.75252312398844],[-122.40037032883836,37.75277775361825],[-122.40037032883836,37.75314812398889],[-122.40032403254204,37.753495346211366],[-122.40023143994938,37.753819420285666],[-122.40009255106038,37.75412034621181],[-122.39990736587507,37.754398123989795],[-122.40002310661589,37.75483793880493],[-122.40043977328284,37.75543979065722],[-122.40115736587596,37.756203679546665],[-122.40217588439523,37.75712960547327],[-122.40305551402551,37.757870346214546],[-122.40379625476679,37.75842590177051],[-122.40439810661907,37.75879627214115],[-122.40486106958238,37.75898145732646],[-122.40520829180485,37.759189790659946],[-122.40543977328649,37.759421272141594],[-122.40555551402733,37.75967590177141],[-122.40555551402733,37.75995367954939],[-122.40539347699016,37.76023145732737],[-122.40506940291587,37.76050923510535],[-122.4045832918044,37.760787012883334],[-122.40393514365579,37.761064790661315],[-122.40331014365532,37.76118053140214],[-122.40270829180302,37.76113423510581],[-122.40212958809889,37.760925901772325]],[[-122.38078699549072,37.730883550007306],[-122.38106477326869,37.73112271292697],[-122.381388847343,37.731302085116724],[-122.38175921771365,37.73142166657655],[-122.38217588438062,37.73148145730647],[-122.38263884734393,37.73148145730647],[-122.38310181030724,37.73157404989913],[-122.38356477327054,37.73175923508445],[-122.38402773623383,37.732037012862435],[-122.38449069919713,37.73240738323307],[-122.38488421771595,37.73275460545554],[-122.38520829179024,37.733078679529854],[-122.38546292142006,37.733379605456],[-122.38564810660537,37.733657383233975],[-122.38578699549437,37.73400460545645],[-122.38587958808704,37.73442127212342],[-122.38592588438337,37.734907383234884],[-122.38592588438337,37.735462938790846],[-122.38585643993888,37.73587960545782],[-122.38571755104988,37.73615738323579],[-122.38550921771639,37.73629627212478],[-122.38523143993842,37.73629627212478],[-122.38483792141962,37.736203679532125],[-122.38432866215997,37.7360184943468],[-122.38370366215952,37.73574071656883],[-122.38296292141824,37.73537034619818],[-122.38240736586228,37.73502312397571],[-122.38203699549163,37.73469904990141],[-122.38185181030632,37.73439812397526],[-122.38185181030632,37.73412034619728],[-122.38175921771365,37.73381942027113],[-122.38157403252833,37.733495346196825],[-122.38129625475035,37.73314812397435],[-122.3809258843797,37.732777753603706],[-122.3805323658609,37.7324536795294],[-122.38011569919394,37.732175901751425],[-122.3796758843788,37.73194442026977],[-122.37921292141549,37.73175923508445],[-122.37881940289668,37.7315277536028],[-122.37849532882238,37.731249975824824],[-122.37824069919256,37.73092590175051],[-122.37805551400724,37.73055553137987],[-122.3780786621554,37.73031055546463],[-122.37831014363705,37.7301909740048],[-122.37874995845219,37.73019678700037],[-122.3793981066008,37.73032799445134],[-122.37995366215677,37.73048619076949],[-122.38041662512008,37.73067137595481],[-122.38078699549072,37.730883550007306]],[[-122.39592588439066,37.735046272123874],[-122.39518514364937,37.734953679531216],[-122.39465273624158,37.73479164249406],[-122.39432866216728,37.73456016101241],[-122.39421292142646,37.73425923508627],[-122.39430551401911,37.733888864715624],[-122.39458329179709,37.73358793878948],[-122.39504625476039,37.733356457307835],[-122.39569440290902,37.73319442027068],[-122.39652773624296,37.73310182767801],[-122.39715273624341,37.73312497582618],[-122.39756940291038,37.73326386471518],[-122.39777773624387,37.73351849434499],[-122.39777773624387,37.733888864715624],[-122.39773143994753,37.73421293878994],[-122.39763884735488,37.73449071656791],[-122.39749995846589,37.73472219804957],[-122.39731477328057,37.734907383234884],[-122.39699069920626,37.735023123975715],[-122.39652773624294,37.73506942027204],[-122.39592588439066,37.735046272123874]],[[-122.39328836492594,37.71722219803684],[-122.39241744678449,37.716851827666204],[-122.39162536928941,37.71643516099923],[-122.39091213244073,37.71597219803593],[-122.3902777362384,37.7154629387763],[-122.38972218068244,37.71490738322035],[-122.38930551401546,37.71439812396072],[-122.3890277362375,37.71393516099742],[-122.3888888473485,37.71351849433045],[-122.3888888473485,37.713148123959805],[-122.38907403253381,37.71287034618183],[-122.38944440290446,37.71268516099651],[-122.38999995846042,37.71259256840385],[-122.3907406992017,37.71259256840385],[-122.39131940290582,37.71263886470018],[-122.39173606957279,37.71273145729283],[-122.39199069920261,37.71287034618183],[-122.39208329179526,37.71305553136715],[-122.39229162512873,37.71324071655247],[-122.39261569920308,37.713425901737786],[-122.39305551401822,37.71361108692311],[-122.39361106957415,37.713796272108425],[-122.39414347698195,37.71393516099742],[-122.3946527362416,37.714027753590074],[-122.39513884735305,37.714074049886406],[-122.39560181031636,37.714074049886406],[-122.3960416251315,37.714166642479064],[-122.39645829179847,37.71435182766439],[-122.39685181031727,37.71462960544236],[-122.3972221806879,37.71499997581301],[-122.39749995846589,37.71537034618365],[-122.3976851436512,37.71574071655428],[-122.39777773624387,37.71611108692492],[-122.39777773624387,37.716481457295565],[-122.3976851436512,37.71675923507354],[-122.39749995846589,37.71694442025886],[-122.3972221806879,37.71703701285152],[-122.39685181031727,37.71703701285152],[-122.39646768800034,37.71708330914785],[-122.39606981373713,37.71717590174052],[-122.39565818752762,37.7173147906295],[-122.39523280937179,37.717499975814825],[-122.39469604621958,37.71754627211115],[-122.39404789807097,37.7174536795185],[-122.39328836492594,37.71722219803684]]],[[[-122.45906434205018,37.784583309196925],[-122.45899414418996,37.78393516104831],[-122.45884890320212,37.78347219808501],[-122.4586286190867,37.78319442030703],[-122.45833329184366,37.78310182771437],[-122.45796292147301,37.78319442030703],[-122.45779528575275,37.783402753640516],[-122.45783038468286,37.783726827714815],[-122.45806821826335,37.784166642529954],[-122.45850878649422,37.784722198085916],[-122.45882166320231,37.78497682771573],[-122.45900684838763,37.784930531419405],[-122.45906434205018,37.784583309196925]]]]},"properties":{"zone":"fog"}},{"type":"Feature","geometry":{"type":"MultiPolygon","coordinates":[[[[-122.3692129214082,37.811712938846284],[-122.3696758843715,37.81162034625362],[-122.37004625474215,37.81145830921646],[-122.37032403252013,37.811226827734814],[-122.37050921770543,37.81092590180867],[-122.37060181029808,37.81055553143803],[-122.37053236585359,37.810208309215554],[-122.37030088437194,37.80988423514125],[-122.36990736585314,37.8095833092151],[-122.36935181029719,37.809305531437126],[-122.36879625474123,37.80907404995548],[-122.36824069918526,37.808888864770154],[-122.3676851436293,37.80874997588117],[-122.36712958807334,37.808657383288505],[-122.36655088436922,37.808587938844006],[-122.36594903251692,37.80854164254768],[-122.36532403251647,37.808518494399515],[-122.36467588436784,37.808518494399515],[-122.3641666251082,37.808587938844006],[-122.36379625473757,37.808726827733],[-122.36356477325592,37.80893516106648],[-122.36347218066325,37.80921293884446],[-122.36356477325592,37.80953701291877],[-122.36384255103391,37.80990738328941],[-122.36430551399721,37.81032404995638],[-122.36495366214582,37.810787012919675],[-122.36560181029444,37.811157383290315],[-122.36624995844306,37.811435161068296],[-122.36689810659169,37.81162034625362],[-122.36754625474032,37.811712938846284],[-122.3681481065926,37.81175923514261],[-122.36870366214859,37.81175923514261],[-122.3692129214082,37.811712938846284]]],[[[-122.4682406992583,37.79013886475652],[-122.46805551407299,37.79023145734918],[-122.46775458814685,37.79023145734918],[-122.46733792147987,37.79013886475652],[-122.46680551407206,37.7899536795712],[-122.46615736592344,37.789675901793224],[-122.46569440296014,37.78937497586708],[-122.46541662518214,37.78905090179276],[-122.46532403258949,37.78870367957029],[-122.46541662518216,37.78833330919966],[-122.46534718073767,37.788055531421676],[-122.46511569925602,37.78787034623635],[-122.46472218073721,37.787777753643695],[-122.46416662518125,37.787777753643695],[-122.46374995851428,37.78773145734736],[-122.46347218073629,37.78763886475471],[-122.4633332918473,37.787499975865714],[-122.4633332918473,37.7873147906804],[-122.46317125481013,37.78715275364324],[-122.46284718073585,37.78701386475425],[-122.46236106962438,37.786898124013426],[-122.46171292147577,37.78680553142077],[-122.46112862956524,37.78666664253178],[-122.46060819389281,37.78648145734646],[-122.46015161445848,37.78624997586481],[-122.45975889126227,37.78597219808683],[-122.459451197485,37.785578679568026],[-122.45922853312666,37.785069420308396],[-122.45909089818728,37.78444442030794],[-122.45903829266686,37.78370367956666],[-122.4591101707057,37.78280090178823],[-122.45930653230381,37.781736086972636],[-122.4596273774612,37.780509235119894],[-122.46007270617784,37.77912034622999],[-122.46049929530798,37.7780555314144],[-122.46090714485163,37.777314790673124],[-122.46129625480877,37.77689812400615],[-122.46166662517942,37.77680553141349],[-122.46210643999456,37.776736086968995],[-122.46261569925419,37.77668979067267],[-122.46319440295832,37.7766666425245],[-122.46384255110695,37.7766666425245],[-122.4645369955519,37.776805531413494],[-122.46527773629319,37.777083309191475],[-122.46606477333079,37.77749997585845],[-122.46689810666473,37.7780555314144],[-122.46763884740601,37.77842590178504],[-122.46828699555462,37.778611086970365],[-122.46884255111058,37.778611086970365],[-122.4693055140739,37.77842590178504],[-122.46993051407435,37.77828701289605],[-122.47071755111196,37.77819442030339],[-122.47166662518673,37.77814812400706],[-122.47277773629865,37.77814812400706],[-122.47365736592893,37.7780555314144],[-122.47430551407754,37.77787034622908],[-122.47472218074452,37.7775925684511],[-122.47490736592984,37.777222198080466],[-122.47502310667066,37.776805531413494],[-122.47506940296701,37.77634256845019],[-122.47504625481884,37.77583330919056],[-122.47495366222616,37.77527775363461],[-122.4751851437078,37.77486108696764],[-122.47574069926377,37.77458330918966],[-122.47662032889404,37.77444442030067],[-122.47782403259863,37.77444442030067],[-122.47891199556238,37.77425923511535],[-122.47988421778531,37.773888864744706],[-122.48074069926741,37.77333330918875],[-122.48148144000871,37.77259256844747],[-122.48199069926832,37.771921272150685],[-122.48226847704632,37.7713194202984],[-122.48231477334265,37.7707870128906],[-122.48212958815733,37.7703240499273],[-122.48189810667569,37.76990738326033],[-122.4816203288977,37.769537012889685],[-122.48129625482339,37.76921293881538],[-122.48092588445274,37.768935161037405],[-122.48067125482292,37.76865738325942],[-122.48053236593393,37.76837960548145],[-122.48050921778577,37.76810182770347],[-122.48060181037845,37.76782404992549],[-122.48057866223029,37.76756942029567],[-122.48043977334129,37.76733793881402],[-122.48018514371147,37.767129605480534],[-122.47981477334083,37.76694442029522],[-122.47953699556285,37.76673608696173],[-122.47935181037752,37.76650460548008],[-122.47925921778487,37.766249975850265],[-122.47925921778487,37.76597219807229],[-122.4793749585257,37.7657638647388],[-122.47960644000734,37.76562497584982],[-122.47995366222982,37.76555553140532],[-122.48041662519313,37.76555553140532],[-122.48085644000827,37.76550923510899],[-122.48127310667523,37.76541664251633],[-122.48166662519404,37.76527775362734],[-122.48203699556467,37.765092568442014],[-122.48243051408346,37.76495367955303],[-122.48284718075044,37.764861086960366],[-122.48328699556558,37.76481479066403],[-122.48374995852888,37.76481479066403],[-122.48412032889951,37.7647684943677],[-122.4843981066775,37.76467590177505],[-122.48458329186282,37.76453701288605],[-122.48467588445548,37.764351827700736],[-122.4848610696408,37.764236086959905],[-122.48513884741878,37.76418979066358],[-122.48550921778943,37.76421293881174],[-122.48597218075273,37.7643055314044],[-122.48634255112336,37.7643055314044],[-122.48662032890135,37.76421293881175],[-122.48680551408667,37.76402775362643],[-122.48689810667933,37.76374997584845],[-122.48703699556833,37.76347219807047],[-122.48722218075365,37.763194420292486],[-122.4874536622353,37.762916642514504],[-122.48773144001328,37.76263886473652],[-122.48821755112473,37.76243053140304],[-122.4889119955697,37.76229164251405],[-122.48981477334813,37.76222219806956],[-122.49092588446005,37.76222219806956],[-122.4918286622385,37.762175901773226],[-122.49252310668344,37.76208330918057],[-122.4930092177949,37.76194442029158],[-122.4932869955729,37.76175923510626],[-122.49356477335087,37.76148145732829],[-122.49384255112886,37.76111108695764],[-122.49412032890685,37.76064812399434],[-122.4943981066848,37.76009256843838],[-122.49460644001829,37.75951386473426],[-122.49474532890729,37.758912012881964],[-122.49481477335178,37.75828701288151],[-122.49481477335178,37.7576388647329],[-122.49479162520362,37.7570370128806],[-122.49474532890727,37.75648145732464],[-122.49467588446278,37.75597219806501],[-122.49458329187013,37.75550923510171],[-122.49444440298115,37.75513886473107],[-122.49425921779583,37.7548610869531],[-122.49402773631417,37.754675901767776],[-122.4937499585362,37.75458330917512],[-122.49354162520271,37.754259235100804],[-122.4934027363137,37.75370367954485],[-122.49333329186922,37.75291664250724],[-122.49333329186922,37.75189812398798],[-122.49331014372105,37.75101849435771],[-122.49326384742471,37.75027775361643],[-122.49319440298022,37.74967590176414],[-122.49310181038756,37.74921293880084],[-122.49296292149856,37.748830129611676],[-122.49277773631326,37.74852747419666],[-122.49254625483161,37.748304972555786],[-122.49226847705361,37.748162624689044],[-122.49168977334949,37.74807222497229],[-122.49081014371922,37.74803377340552],[-122.4896295881628,37.748047269988724],[-122.48814810668026,37.74811271472191],[-122.48710644001284,37.748227320351525],[-122.48650458816053,37.748391086877554],[-122.48634255112337,37.7486040143],[-122.48662032890135,37.74886610261887],[-122.48682866223483,37.749132113302515],[-122.48696755112383,37.74940204635094],[-122.48703699556832,37.74967590176414],[-122.48703699556832,37.74995367954212],[-122.48694440297567,37.75018516102377],[-122.48675921779034,37.75037034620909],[-122.48648144001235,37.75050923509808],[-122.48611106964172,37.75060182769074],[-122.48574069927108,37.75081016102422],[-122.48537032890043,37.75113423509853],[-122.4849999585298,37.75157404991367],[-122.48462958815917,37.752129605469634],[-122.48423606964036,37.75256942028477],[-122.4838194029734,37.75289349435907],[-122.48337958815826,37.75310182769256],[-122.48291662519493,37.75319442028522],[-122.4823379214908,37.75326386472972],[-122.48164347704585,37.75331016102604],[-122.48083329186008,37.75333330917421],[-122.47990736593349,37.75333330917421],[-122.47912032889587,37.75337960547054],[-122.47847218074725,37.75347219806319],[-122.47796292148762,37.75361108695219],[-122.47759255111698,37.75379627213751],[-122.47726847704267,37.754004605470996],[-122.47699069926469,37.754236086952645],[-122.47675921778304,37.75449071658246],[-122.47657403259772,37.754768494360434],[-122.47641199556057,37.75520830917557],[-122.47627310667157,37.75581016102786],[-122.47615736593075,37.756574049917305],[-122.47606477333808,37.757499975843906],[-122.47590273630092,37.75826010677985],[-122.47567125481928,37.75885444272513],[-122.47537032889313,37.75928298367976],[-122.4749999585225,37.75954572964373],[-122.47456014370738,37.75974654707021],[-122.47405088444775,37.759885435959205],[-122.47347218074361,37.7599623963107],[-122.47282403259499,37.759977428124714],[-122.47226847703901,37.75994240568889],[-122.4718055140757,37.75985732900323],[-122.47143514370507,37.75972219806774],[-122.4711573659271,37.759537012882426],[-122.47074069926013,37.759421272141594],[-122.47018514370417,37.75937497584527],[-122.46949069925921,37.759398123993435],[-122.46865736592527,37.7594907165861],[-122.46777773629499,37.75956016103059],[-122.46685181036838,37.75960645732692],[-122.46587958814546,37.759629605475084],[-122.4648610696262,37.759629605475084],[-122.46400458814409,37.75974534621591],[-122.46331014369913,37.75997682769756],[-122.46277773629134,37.76032404992003],[-122.46240736592071,37.760787012883334],[-122.46210643999456,37.761226827698465],[-122.46187495851291,37.76164349436544],[-122.46171292147577,37.762037012884235],[-122.4616203288831,37.76240738325488],[-122.46141199554961,37.762754605477355],[-122.4610879214753,37.76307867955166],[-122.46064810666016,37.76337960547781],[-122.4600925511042,37.76365738325578],[-122.4595601436964,37.763865716589265],[-122.45905088443678,37.76400460547826],[-122.4585647733253,37.764074049922755],[-122.458101810362,37.764074049922755],[-122.45768514369503,37.76412034621909],[-122.45731477332438,37.76421293881174],[-122.45699069925007,37.764351827700736],[-122.4567129214721,37.76453701288605],[-122.4563194029533,37.76467590177505],[-122.45581014369365,37.7647684943677],[-122.4551851436932,37.76481479066403],[-122.45444440295194,37.76481479066403],[-122.45379625480331,37.76474534621954],[-122.45324069924735,37.764606457330544],[-122.45277773628405,37.76439812399706],[-122.4524073659134,37.76412034621908],[-122.45212958813542,37.763865716589265],[-122.4519444029501,37.76363423510762],[-122.45185181035744,37.763425901774134],[-122.45185181035744,37.76324071658882],[-122.45166662517212,37.7630555314035],[-122.45129625480148,37.76287034621818],[-122.45074069924551,37.762685161032856],[-122.44999995850424,37.76249997584754],[-122.44937495850378,37.76245367955121],[-122.44886569924414,37.762546272143865],[-122.44847218072533,37.762777753625514],[-122.44819440294737,37.76314812399616],[-122.44796292146572,37.76351849436679],[-122.44777773628037,37.76388886473744],[-122.44763884739139,37.76425923510808],[-122.44754625479874,37.76462960547872],[-122.44751974781514,37.76504627214569],[-122.44755932644058,37.76550923510899],[-122.44766499067508,37.76601849436862],[-122.44783674051862,37.76657404992457],[-122.44778372655142,37.76701386473971],[-122.44750594877344,37.76733793881402],[-122.4470034071847,37.767546272147506],[-122.44627610178517,37.767638864740164],[-122.44568432643922,37.767777753629154],[-122.4452280811468,37.76796293881447],[-122.44490736590792,37.76819442029612],[-122.44472218072261,37.7684721980741],[-122.44444440294463,37.76870367955575],[-122.44407403257398,37.76888886474107],[-122.44361106961068,37.76902775363006],[-122.44305551405472,37.76912034622272],[-122.44261569923958,37.769236086963545],[-122.44229162516528,37.769374975852536],[-122.44208329183179,37.76953701288969],[-122.44199069923911,37.76972219807501],[-122.44175921775746,37.769861086964],[-122.44138884738683,37.769953679556664],[-122.4408795881272,37.76999997585299],[-122.44023143997859,37.76999997585299],[-122.43965273627447,37.769953679556664],[-122.43914347701484,37.769861086964],[-122.4387036621997,37.76972219807501],[-122.43833329182905,37.76953701288969],[-122.43812495849556,37.76918979066721],[-122.43807866219923,37.76868053140759],[-122.43819440294007,37.7680092351108],[-122.43847218071804,37.76717590177687],[-122.43861106960705,37.76650460548008],[-122.43861106960705,37.76599534622046],[-122.43847218071804,37.76564812399798],[-122.43819440294007,37.76546293881266],[-122.43798606960658,37.76525460547917],[-122.43784718071757,37.76502312399752],[-122.43777773627309,37.76476849436771],[-122.43777773627309,37.76449071658973],[-122.4380323659029,37.7643055314044],[-122.43854162516254,37.76421293881174],[-122.43930551405198,37.76421293881174],[-122.44032403257124,37.7643055314044],[-122.44106477331252,37.76425923510808],[-122.44152773627582,37.764074049922755],[-122.44171292146115,37.76374997584845],[-122.4416203288685,37.763287012885144],[-122.44166662516483,37.76293979066267],[-122.44185181035013,37.76270830918102],[-122.44217588442444,37.7625925684402],[-122.44263884738776,37.7625925684402],[-122.44305551405472,37.762523123995706],[-122.44342588442535,37.76238423510671],[-122.44374995849967,37.762175901773226],[-122.44402773627766,37.76189812399525],[-122.44423606961114,37.761597198069104],[-122.44437495850013,37.7612731239948],[-122.44444440294463,37.760925901772325],[-122.44444440294463,37.76055553140168],[-122.44449069924096,37.760208309179205],[-122.44458329183361,37.759884235104906],[-122.44472218072261,37.75958330917876],[-122.44490736590792,37.75930553140078],[-122.44483792146343,37.75907404991913],[-122.44451384738913,37.758888864733805],[-122.443935143685,37.758749975844815],[-122.44310181035104,37.75865738325216],[-122.44229162516525,37.758495346215],[-122.44150458812764,37.75826386473335],[-122.4407406992382,37.757962938807204],[-122.43999995849694,37.757592568436564],[-122.43944440294098,37.75724534621409],[-122.43907403257035,37.75692127213978],[-122.43888884738502,37.75662034621363],[-122.43888884738502,37.756342568435656],[-122.43895829182952,37.756064790657675],[-122.4390971807185,37.7557870128797],[-122.43930551405198,37.75550923510172],[-122.43958329182996,37.75523145732374],[-122.43979162516344,37.75488423510126],[-122.43993051405243,37.75446756843429],[-122.43999995849693,37.75398145732282],[-122.43999995849693,37.753425901766875],[-122.44004625479326,37.75296293880358],[-122.44013884738592,37.75259256843293],[-122.44027773627492,37.75231479065495],[-122.44046292146022,37.752129605469634],[-122.44060181034922,37.75189812398798],[-122.44069440294189,37.751620346210004],[-122.44074069923822,37.75129627213569],[-122.44074069923822,37.75092590176505],[-122.44039347701573,37.750462938801746],[-122.4396990325708,37.749907383245784],[-122.43865736590337,37.74925923509717],[-122.43726847701345,37.74851849435589],[-122.43620366219785,37.74789349435544],[-122.43546292145658,37.747384235095815],[-122.43504625478961,37.74699071657701],[-122.43495366219695,37.74671293879903],[-122.43472218071531,37.746527753613705],[-122.43435181034467,37.74643516102105],[-122.43384255108504,37.74643516102105],[-122.43319440293641,37.746527753613705],[-122.43268514367676,37.746527753613705],[-122.43231477330613,37.74643516102105],[-122.43208329182448,37.746249975835724],[-122.43199069923182,37.74597219805775],[-122.43210643997264,37.74564812398344],[-122.43243051404696,37.7452777536128],[-122.43296292145476,37.74486108694583],[-122.43370366219604,37.74439812398252],[-122.43414347701118,37.74391201287106],[-122.43428236590017,37.74340275361143],[-122.43412032886302,37.74287034620363],[-122.4336573658997,37.74231479064768],[-122.43317125478825,37.74178238323989],[-122.4326619955286,37.74127312398026],[-122.4321295881208,37.74078701286879],[-122.43157403256487,37.74032404990549],[-122.4310184770089,37.73993053138668],[-122.43046292145291,37.73960645731238],[-122.42990736589695,37.73935182768256],[-122.42935181034102,37.739166642497246],[-122.42898143997037,37.7389351610156],[-122.42879625478506,37.738657383237616],[-122.42879625478506,37.7383333091633],[-122.42898143997037,37.73796293879266],[-122.42921292145202,37.73768516101468],[-122.42949069923,37.73749997582936],[-122.42981477330432,37.7374073832367],[-122.43018514367496,37.7374073832367],[-122.4306249584901,37.73736108694037],[-122.43113421774973,37.73726849434772],[-122.43171292145385,37.73712960545872],[-122.43236106960246,37.7369444202734],[-122.43289347701025,37.73689812397707],[-122.43331014367723,37.73699071656973],[-122.43361106960337,37.737222198051384],[-122.43379625478869,37.73759256842202],[-122.43405088441851,37.73784719805184],[-122.43437495849282,37.737986086940836],[-122.43476847701163,37.738009235088995],[-122.43523143997494,37.73791664249634],[-122.43557866219741,37.73780090175551],[-122.43581014367906,37.737662012866515],[-122.43592588441989,37.737499975829365],[-122.43592588441989,37.73731479064404],[-122.43606477330889,37.73717590175505],[-122.43634255108685,37.73708330916239],[-122.43675921775383,37.73703701286606],[-122.4373147733098,37.73703701286606],[-122.43773143997676,37.73708330916239],[-122.43800921775474,37.73717590175505],[-122.43814810664372,37.73731479064404],[-122.43814810664372,37.737499975829365],[-122.4382869955327,37.737662012866515],[-122.43856477331069,37.73780090175551],[-122.43898143997765,37.73791664249634],[-122.43953699553364,37.738009235088995],[-122.43995366220061,37.73817127212615],[-122.44023143997859,37.7384027536078],[-122.44037032886757,37.73870367953394],[-122.44037032886757,37.73907404990459],[-122.4404860696084,37.739467568423386],[-122.44071755109005,37.73988423509036],[-122.44106477331252,37.74032404990549],[-122.44152773627583,37.74078701286879],[-122.44199069923914,37.74115738323943],[-122.44245366220242,37.74143516101741],[-122.44291662516572,37.74162034620272],[-122.44337958812903,37.74171293879539],[-122.44358792146251,37.741643494350896],[-122.44354162516618,37.74141201286925],[-122.44324069924004,37.74101849435044],[-122.44268514368407,37.74046293879448],[-122.44226847701711,37.73988423509036],[-122.44199069923911,37.73928238323806],[-122.44185181035013,37.73865738323761],[-122.44185181035013,37.738009235088995],[-122.44194440294278,37.737499975829365],[-122.4421295881281,37.73712960545872],[-122.44240736590609,37.73689812397707],[-122.44277773627674,37.73680553138441],[-122.4430786622029,37.73666664249542],[-122.44331014368453,37.7364814573101],[-122.4434721807217,37.73624997582845],[-122.44356477331435,37.73597219805047],[-122.44351847701802,37.735763864716986],[-122.44333329183272,37.735624975827996],[-122.4430092177584,37.735555531383504],[-122.44254625479508,37.735555531383504],[-122.44215273627626,37.73541664249451],[-122.44182866220197,37.73513886471653],[-122.44157403257215,37.73472219804956],[-122.44138884738683,37.73416664249361],[-122.44138884738683,37.73368053138215],[-122.44157403257215,37.73326386471518],[-122.4419444029428,37.732916642492704],[-122.44249995849876,37.73263886471472],[-122.44314810664739,37.7324536795294],[-122.44388884738868,37.73236108693674],[-122.44472218072261,37.73236108693674],[-122.4456481066492,37.7324536795294],[-122.44645829183499,37.73249997582573],[-122.44715273627992,37.73249997582573],[-122.44773143998405,37.7324536795294],[-122.44819440294737,37.73236108693674],[-122.44868051405882,37.73222219804775],[-122.44918977331845,37.73203701286243],[-122.44972218072624,37.73180553138078],[-122.45027773628223,37.7315277536028],[-122.45078699554185,37.73122682767665],[-122.45124995850514,37.73090275360235],[-122.45166662517212,37.73055553137987],[-122.45203699554276,37.73018516100923],[-122.45247681035788,37.729884235083084],[-122.45298606961752,37.729652753601435],[-122.45356477332166,37.72949071656428],[-122.45421292147029,37.72939812397162],[-122.45479162517442,37.729282383230796],[-122.45530088443405,37.729143494341805],[-122.45574069924918,37.72898145730465],[-122.45611106961981,37.72879627211933],[-122.45650458813861,37.72865738323034],[-122.45692125480558,37.72856479063768],[-122.45736106962072,37.72851849434135],[-122.45782403258403,37.72851849434135],[-122.45833329184366,37.72844904989685],[-122.45888884739962,37.72831016100787],[-122.45949069925192,37.72810182767438],[-122.46013884740053,37.727824049896405],[-122.46074069925282,37.72761571656292],[-122.46129625480876,37.727476827673925],[-122.4618055140684,37.72740738322943],[-122.46226847703173,37.72740738322943],[-122.46268514369869,37.727476827673925],[-122.46305551406934,37.72761571656292],[-122.46337958814365,37.727824049896405],[-122.4636573659216,37.72810182767438],[-122.46393514369959,37.72831016100787],[-122.46421292147758,37.72844904989685],[-122.46449069925555,37.72851849434135],[-122.46476847703354,37.72851849434135],[-122.4649999585152,37.72861108693401],[-122.4651851437005,37.72879627211933],[-122.46532403258949,37.72907404989731],[-122.46541662518216,37.72944442026795],[-122.46555551407116,37.729791642490426],[-122.46574069925647,37.73011571656474],[-122.46597218073813,37.73041664249088],[-122.4662499585161,37.73069442026886],[-122.46645829184959,37.731041642491334],[-122.4665971807386,37.731458309158306],[-122.46666662518308,37.73194442026977],[-122.46666662518308,37.73249997582573],[-122.46673606962759,37.73296293878903],[-122.46687495851657,37.733333309159676],[-122.46708329185006,37.73361108693765],[-122.46736106962803,37.733796272122966],[-122.46756940296152,37.73412034619727],[-122.4677082918505,37.73458330916058],[-122.467777736295,37.735185161012865],[-122.467777736295,37.73592590175414],[-122.4677082918505,37.736504605458265],[-122.46756940296152,37.73692127212524],[-122.46736106962803,37.73717590175505],[-122.46708329185006,37.73726849434772],[-122.46689810666474,37.73745367953303],[-122.46680551407208,37.73773145731101],[-122.46680551407206,37.738101827681646],[-122.46689810666471,37.73856479064496],[-122.46689810666471,37.73895830916376],[-122.46680551407206,37.73928238323806],[-122.46662032888673,37.739537012867885],[-122.46634255110877,37.7397221980532],[-122.46618051407161,37.73993053138669],[-122.46613421777528,37.74016201286834],[-122.46620366221978,37.740416642498154],[-122.4663888474051,37.74069442027613],[-122.46664347703492,37.74090275360962],[-122.46696755110924,37.7410416424986],[-122.46736106962803,37.7411110869431],[-122.46782403259134,37.7411110869431],[-122.46828699555464,37.7410416424986],[-122.46874995851792,37.74090275360962],[-122.46921292148123,37.74069442027613],[-122.46967588444454,37.740416642498154],[-122.47018514370417,37.74020830916467],[-122.47074069926013,37.740069420275674],[-122.47134255111243,37.73999997583118],[-122.47199069926104,37.73999997583118],[-122.47247681037251,37.74011571657201],[-122.47280088444683,37.740347198053655],[-122.47296292148397,37.74069442027613],[-122.47296292148397,37.74115738323943],[-122.47317125481746,37.741643494350896],[-122.47358792148444,37.742152753610526],[-122.4742129214849,37.74268516101832],[-122.4750462548188,37.74324071657427],[-122.47601847704175,37.74365738324124],[-122.47712958815367,37.74393516101922],[-122.47837958815458,37.744074049908214],[-122.4797684770445,37.744074049908214],[-122.48081014371192,37.74412034620454],[-122.48150458815688,37.744212938797205],[-122.48185181037935,37.744351827686195],[-122.48185181037935,37.74453701287152],[-122.48199069926835,37.744745346205],[-122.48226847704632,37.744976827686656],[-122.4826851437133,37.74523145731647],[-122.48324069926926,37.74550923509445],[-122.48377310667706,37.7458603641131],[-122.4842823659367,37.74628484437241],[-122.48476847704816,37.74678267587239],[-122.48523144001146,37.74735385861304],[-122.48594903260458,37.747765889780865],[-122.48692125482751,37.74801876937588],[-122.48814810668026,37.74811249739807],[-122.4896295881628,37.748047073847445],[-122.49071755112655,37.74796415897963],[-122.49141199557151,37.74786375279462],[-122.49171292149767,37.74774585529243],[-122.491620328905,37.74761046647305],[-122.49155088446051,37.74732373967319],[-122.49150458816419,37.74688567489286],[-122.49148144001602,37.74629627213206],[-122.49148144001602,37.74555553139077],[-122.49145829186786,37.74495367953848],[-122.49141199557153,37.744490716575186],[-122.49134255112703,37.74416664250087],[-122.49124995853435,37.743981457315556],[-122.49104162520086,37.74384256842656],[-122.49071755112656,37.74374997583391],[-122.49027773631143,37.743703679537575],[-122.48972218075546,37.743703679537575],[-122.48925921779217,37.74365738324124],[-122.48888884742152,37.74356479064859],[-122.48861106964354,37.74342590175959],[-122.48842588445824,37.74324071657428],[-122.48828699556924,37.742986086944455],[-122.48819440297657,37.742662012870156],[-122.48814810668024,37.74226849435135],[-122.48814810668024,37.741805531388046],[-122.48805551408759,37.74141201286924],[-122.48787032890226,37.741087938794934],[-122.48759255112428,37.74083330916512],[-122.48722218075365,37.7406481239798],[-122.48682866223484,37.74050923509081],[-122.48641199556785,37.740416642498154],[-122.48597218075273,37.74037034620182],[-122.48550921778943,37.74037034620182],[-122.48499995852978,37.74030090175733],[-122.48444440297385,37.74016201286834],[-122.48384255112154,37.73995367953486],[-122.48319440297291,37.739675901756875],[-122.48270829186146,37.73937497583073],[-122.48238421778714,37.73905090175642],[-122.48222218074999,37.73870367953395],[-122.48222218074999,37.7383333091633],[-122.48210644000915,37.73805553138533],[-122.4818749585275,37.737870346200005],[-122.48152773630503,37.73777775360735],[-122.48106477334173,37.73777775360735],[-122.48064810667475,37.737708309162855],[-122.48027773630412,37.73756942027386],[-122.47995366222982,37.737361086940375],[-122.47967588445184,37.737083309162394],[-122.47932866222936,37.73687497582891],[-122.4789119955624,37.73673608693991],[-122.47842588445093,37.73666664249542],[-122.47787032889497,37.73666664249542],[-122.47738421778351,37.736574049902764],[-122.47696755111652,37.73638886471744],[-122.47662032889404,37.73611108693947],[-122.47634255111606,37.73574071656882],[-122.47627310667157,37.73543979064268],[-122.47641199556057,37.73520830916103],[-122.47675921778304,37.735046272123874],[-122.477314773339,37.734953679531216],[-122.47770829185781,37.73479164249406],[-122.47793977333946,37.73456016101241],[-122.47800921778395,37.73425923508627],[-122.4779166251913,37.733888864715624],[-122.47777773630231,37.733495346196825],[-122.47759255111697,37.733078679529854],[-122.47736106963532,37.73263886471472],[-122.47708329185735,37.73217590175142],[-122.4767823659312,37.73173608693629],[-122.47645829185689,37.731319420269315],[-122.47611106963441,37.73092590175051],[-122.47574069926378,37.73055553137987],[-122.47534718074499,37.73027775360189],[-122.47493051407801,37.730092568416566],[-122.47449069926287,37.72999997582391],[-122.47402773629958,37.72999997582391],[-122.47365736592894,37.72993053137941],[-122.47337958815095,37.729791642490426],[-122.47319440296563,37.729583309156936],[-122.47310181037297,37.72930553137896],[-122.47310181037297,37.72905090174915],[-122.47319440296563,37.7288194202675],[-122.47337958815095,37.72861108693401],[-122.47365736592891,37.72842590174869],[-122.47377310666974,37.72817127211887],[-122.4737268103734,37.72784719804457],[-122.47351847703993,37.727453679525766],[-122.4731481066693,37.72699071656247],[-122.4727545881505,37.72659719804366],[-122.47233792148353,37.72627312396935],[-122.47189810666839,37.726018494339534],[-122.47143514370508,37.72583330915422],[-122.47108792148259,37.72560182767256],[-122.47085644000096,37.72532404989459],[-122.47074069926012,37.72499997582028],[-122.47074069926012,37.724629605449636],[-122.47081014370463,37.72430553137533],[-122.47094903259361,37.72402775359735],[-122.4711573659271,37.7237962721157],[-122.47143514370507,37.723611086930376],[-122.47164347703855,37.723402753596886],[-122.47178236592754,37.72317127211524],[-122.47185181037204,37.72291664248542],[-122.47185181037204,37.72263886470745],[-122.47192125481652,37.7224073832258],[-122.47206014370553,37.72222219804048],[-122.47226847703902,37.722083309151486],[-122.47254625481699,37.72199071655882],[-122.47284718074314,37.72171293878085],[-122.47317125481746,37.72124997581755],[-122.47351847703993,37.72060182766893],[-122.47388884741056,37.71976849433499],[-122.47409718074405,37.719097198038206],[-122.4741434770404,37.718587938778576],[-122.47402773629958,37.7182407165561],[-122.47374995852158,37.71805553137079],[-122.47354162518809,37.71782404988914],[-122.47340273629911,37.71754627211116],[-122.47333329185462,37.71722219803684],[-122.47333329185462,37.716851827666204],[-122.47328699555828,37.7164583091474],[-122.47319440296562,37.71604164248043],[-122.47305551407663,37.715601827665296],[-122.4728703288913,37.71513886470199],[-122.47259255111334,37.71469904988686],[-122.4722221807427,37.71428238321989],[-122.47175921777941,37.71388886470109],[-122.47120366222342,37.713518494330444],[-122.4708795881491,37.71317127210797],[-122.47078699555647,37.712847198033664],[-122.47092588444545,37.71254627210752],[-122.47129625481608,37.71226849432954],[-122.47164347703855,37.71183202261254],[-122.47196755111287,37.71123685695652],[-122.47226847703902,37.71048299736148],[-122.47254625481699,37.70957044382743],[-122.47229162518718,37.708886280811],[-122.4715045881496,37.708430508312205],[-122.47018514370419,37.70820312633104],[-122.46833329185094,37.70820413486751],[-122.46685181036838,37.708293888630266],[-122.46574069925646,37.70847238761932],[-122.4649999585152,37.70873963183465],[-122.46462958814456,37.70909562127628],[-122.46423606962574,37.709362613357506],[-122.46381940295876,37.70954060807832],[-122.46337958814364,37.70962960543873],[-122.46291662518033,37.70962960543873],[-122.4624768103652,37.70954106881143],[-122.46206014369824,37.70936399555683],[-122.46166662517942,37.70909838567492],[-122.46129625480877,37.70874423916571],[-122.46020829184502,37.70848078285374],[-122.45840273628815,37.70830801673901],[-122.45587958813815,37.70822594082152],[-122.45263884739506,37.70823455510126],[-122.44988421776341,37.708327398868434],[-122.44761569924324,37.70850447212304],[-122.44583329183453,37.70876577486507],[-122.44453699553728,37.70911130709454],[-122.44351847701802,37.70946304885929],[-122.44277773627674,37.709821000159344],[-122.44231477331343,37.71018516099469],[-122.44212958812811,37.71055553136533],[-122.44182866220197,37.71083330914331],[-122.44141199553499,37.711018494328634],[-122.4408795881272,37.71111108692129],[-122.44023143997859,37.71111108692129],[-122.43951384738547,37.711018494328634],[-122.43872681034786,37.71083330914331],[-122.43787032886576,37.71055553136533],[-122.43694440293913,37.71018516099469],[-122.43620366219784,37.70986108692038],[-122.4356481066419,37.7095833091424],[-122.43527773627126,37.70935182766075],[-122.43509255108594,37.70916664247543],[-122.43462958812265,37.70902775358644],[-122.43388884738137,37.708935160993775],[-122.43287032886211,37.70888886469745],[-122.43157403256484,37.70888886469745],[-122.43053236589742,37.708935160993775],[-122.42974532885981,37.70902775358644],[-122.429212921452,37.70916664247543],[-122.42893514367404,37.70935182766075],[-122.42863421774788,37.70949071654974],[-122.42831014367358,37.7095833091424],[-122.42796292145111,37.70962960543873],[-122.42759255108047,37.70962960543873],[-122.42733792145064,37.709548218798695],[-122.42719903256165,37.70938544551863],[-122.42717588441349,37.70914128559853],[-122.42726847700615,37.70881573903838],[-122.42712958811715,37.70857239671384],[-122.42675921774651,37.7084112586249],[-122.42615736589423,37.708332324771554],[-122.42532403256028,37.70833559515381],[-122.42474532885616,37.70844176513314],[-122.42442125478185,37.70865083470954],[-122.42435181033736,37.70896280388301],[-122.42453699552267,37.709377672653545],[-122.4247916251525,37.709688824231456],[-122.42511569922678,37.70989625861673],[-122.4255092177456,37.70999997580937],[-122.4259721807089,37.70999997580937],[-122.42631940293137,37.71006942025386],[-122.42655088441302,37.71020830914286],[-122.42666662515386,37.71041664247634],[-122.42666662515386,37.71069442025432],[-122.42655088441302,37.7109027535878],[-122.42631940293137,37.7110416424768],[-122.4259721807089,37.71111108692129],[-122.4255092177456,37.71111108692129],[-122.42511569922678,37.71106479062496],[-122.4247916251525,37.71097219803231],[-122.42453699552267,37.71083330914331],[-122.42435181033736,37.710648123957995],[-122.4240508844112,37.71053238321716],[-122.42363421774424,37.71048608692084],[-122.42310181033645,37.710509235069],[-122.42245366218782,37.71060182766166],[-122.42196755107635,37.71076386469882],[-122.42164347700205,37.71099534618047],[-122.4214814399649,37.71129627210661],[-122.4214814399649,37.711666642477255],[-122.42155088440938,37.71199071655156],[-122.42168977329838,37.71226849432954],[-122.42189810663186,37.71249997581119],[-122.42217588440985,37.71268516099651],[-122.42238421774334,37.712916642478156],[-122.42252310663233,37.71319442025614],[-122.42259255107682,37.713518494330444],[-122.42259255107682,37.71388886470109],[-122.42252310663233,37.7142129387754],[-122.42238421774334,37.71449071655337],[-122.42217588440985,37.71472219803503],[-122.42189810663186,37.71490738322034],[-122.42155088440938,37.7150694202575],[-122.42113421774242,37.71520830914649],[-122.42064810663095,37.715324049887315],[-122.42009255107499,37.71541664247997],[-122.41928236588922,37.71548608692447],[-122.41821755107361,37.7155323832208],[-122.41689810662821,37.71555553136896],[-122.41532403255299,37.71555553136896],[-122.4141203288484,37.71550923507263],[-122.41328699551447,37.71541664247998],[-122.41282403255116,37.71527775359098],[-122.41273143995849,37.715092568405666],[-122.41254625477318,37.71495367951667],[-122.4122684769952,37.71486108692402],[-122.41189810662456,37.714814790627685],[-122.41143514366125,37.714814790627685],[-122.41104162514245,37.71493053136851],[-122.41071755106815,37.71516201285016],[-122.41046292143832,37.71550923507263],[-122.41027773625301,37.715972198035935],[-122.40993051403052,37.71631942025841],[-122.40942125477088,37.71655090174006],[-122.40874995847409,37.71666664248088],[-122.40791662514019,37.71666664248088],[-122.40722218069524,37.71668979062905],[-122.40666662513925,37.71673608692537],[-122.40624995847227,37.71680553136987],[-122.4059721806943,37.71689812396253],[-122.40571755106447,37.716851827666204],[-122.40548606958282,37.71666664248088],[-122.40527773624935,37.716342568406574],[-122.40509255106403,37.71587960544328],[-122.40483792143421,37.715532383220804],[-122.40451384735991,37.715300901739155],[-122.4041203288411,37.715185160998324],[-122.40365736587779,37.715185160998324],[-122.4031944029145,37.71525460544282],[-122.4027314399512,37.715393494331806],[-122.4022684769879,37.715601827665296],[-122.40180551402459,37.71587960544327],[-122.40145829180211,37.71629627211024],[-122.40122681032047,37.716851827666204],[-122.40111106957964,37.71754627211115],[-122.40111106957964,37.718379605445094],[-122.40115736587597,37.71907404989004],[-122.40124995846864,37.719629605446],[-122.40138884735762,37.720046272112974],[-122.40157403254295,37.720324049890955],[-122.40178236587643,37.72053238322444],[-122.40201384735808,37.72067127211343],[-122.4022684769879,37.72074071655792],[-122.40254625476587,37.72074071655792],[-122.40287032884018,37.72081016100242],[-122.40324069921083,37.7209490498914],[-122.40365736587779,37.72115738322489],[-122.4041203288411,37.721435161002866],[-122.40449069921175,37.72173608692901],[-122.40476847698972,37.72206016100333],[-122.40495366217505,37.7224073832258],[-122.4050462547677,37.72277775359643],[-122.40523143995301,37.72305553137441],[-122.40550921773101,37.72324071655974],[-122.40587958810164,37.723333309152395],[-122.40634255106495,37.723333309152395],[-122.40680551402826,37.72324071655974],[-122.40726847699156,37.72305553137441],[-122.40773143995486,37.72277775359643],[-122.40819440291816,37.7224073832258],[-122.40884255106678,37.72212960544782],[-122.40967588440071,37.721944420262496],[-122.41069440291997,37.72185182766984],[-122.41189810662456,37.72185182766984],[-122.41291662514382,37.72192127211433],[-122.41374995847775,37.72206016100333],[-122.41439810662638,37.72226849433681],[-122.41486106958969,37.72254627211478],[-122.41520829181216,37.722824049892765],[-122.41543977329381,37.723101827670746],[-122.41555551403464,37.72337960544873],[-122.41555551403464,37.72365738322671],[-122.41548606959014,37.723958309152856],[-122.41534718070115,37.72428238322716],[-122.41513884736767,37.724629605449636],[-122.41486106958969,37.72499997582028],[-122.41472218070069,37.72532404989459],[-122.41472218070069,37.72560182767256],[-122.41486106958969,37.72583330915422],[-122.41513884736767,37.726018494339534],[-122.41532403255299,37.72631942026568],[-122.41541662514565,37.726736086932654],[-122.41541662514565,37.72726849434044],[-122.41532403255299,37.72791664248906],[-122.41537032884932,37.728472198045026],[-122.41555551403464,37.72893516100832],[-122.41587958810894,37.72930553137896],[-122.41634255107225,37.729583309156936],[-122.41687495848004,37.729791642490426],[-122.41747681033232,37.72993053137941],[-122.41814810662912,37.72999997582391],[-122.4188888473704,37.72999997582391],[-122.41956014366718,37.72993053137941],[-122.42016199551948,37.729791642490426],[-122.42069440292727,37.729583309156936],[-122.42115736589058,37.72930553137896],[-122.4218749584837,37.72909719804548],[-122.42284718070663,37.72895830915648],[-122.42407403255937,37.72888886471199],[-122.42555551404193,37.72888886471199],[-122.42673606959835,37.7288194202675],[-122.42761569922862,37.7286805313785],[-122.42819440293275,37.72847219804502],[-122.42847218071074,37.728194420267045],[-122.42884255108137,37.72793979063723],[-122.42930551404467,37.72770830915558],[-122.42986106960063,37.72749997582209],[-122.43050921774926,37.727314790636775],[-122.43115736589789,37.72701386471063],[-122.43180551404652,37.726597198043656],[-122.43245366219513,37.72606479063587],[-122.43310181034374,37.72541664248725],[-122.43361106960339,37.724837938783125],[-122.43398143997402,37.724328679523495],[-122.43421292145567,37.72388886470836],[-122.43430551404833,37.72351849433772],[-122.43444440293733,37.723194420263404],[-122.43462958812265,37.72291664248542],[-122.4348610696043,37.722685161003774],[-122.43513884738226,37.72249997581846],[-122.43534718071575,37.722291642484976],[-122.43548606960474,37.72206016100333],[-122.43555551404924,37.72180553137351],[-122.43555551404924,37.72152775359553],[-122.43564810664189,37.72124997581755],[-122.43583329182721,37.72097219803957],[-122.4361110696052,37.72069442026159],[-122.43648143997585,37.720416642483606],[-122.43692125479099,37.72004627211297],[-122.43743051405062,37.71958330914967],[-122.43800921775474,37.719027753593714],[-122.43865736590335,37.718379605445094],[-122.43923606960747,37.717916642481796],[-122.43974532886712,37.717638864703815],[-122.44018514368226,37.71754627211115],[-122.44055551405289,37.717638864703815],[-122.44104162516436,37.717708309148314],[-122.44164347701665,37.71775460544464],[-122.44236106960977,37.717777753592806],[-122.4431944029437,37.717777753592806],[-122.44384255109233,37.71768516100015],[-122.44430551405563,37.717499975814825],[-122.44458329183361,37.71722219803684],[-122.44467588442627,37.716851827666204],[-122.44483792146343,37.71652775359189],[-122.44506940294508,37.716249975813916],[-122.44537032887123,37.71601849433226],[-122.44574069924187,37.715833309146944],[-122.44613421776066,37.71569442025795],[-122.44655088442764,37.715601827665296],[-122.44699069924278,37.71555553136896],[-122.44745366220607,37.71555553136896],[-122.44773143998404,37.71567127210979],[-122.44782403257673,37.715902753591436],[-122.44773143998407,37.71624997581391],[-122.44745366220607,37.71671293877722],[-122.44715273627993,37.717106457296026],[-122.44682866220562,37.717430531370326],[-122.44648143998315,37.71768516100015],[-122.44611106961251,37.717870346185464],[-122.44583329183453,37.71817127211161],[-122.44564810664922,37.71858793877858],[-122.44555551405655,37.71912034618637],[-122.44555551405655,37.71976849433499],[-122.44550921776022,37.72030090174279],[-122.44541662516755,37.72071756840975],[-122.44527773627857,37.7210184943359],[-122.44509255109324,37.72120367952122],[-122.44495366220424,37.721574049891856],[-122.44486106961159,37.72212960544782],[-122.44481477331526,37.7228703461891],[-122.44481477331526,37.7237962721157],[-122.44483792146342,37.724560161005144],[-122.44488421775975,37.72516201285743],[-122.44495366220424,37.72560182767257],[-122.44504625479692,37.72587960545055],[-122.44502310664876,37.72615738322853],[-122.44488421775976,37.726435161006506],[-122.44462958812994,37.72671293878449],[-122.4442592177593,37.72699071656246],[-122.44398143998131,37.72733793878494],[-122.44379625479601,37.727754605451906],[-122.44370366220335,37.72824071656338],[-122.44370366220335,37.728796272119325],[-122.44365736590701,37.72925923508262],[-122.44356477331435,37.72962960545327],[-122.44342588442535,37.72990738323125],[-122.44324069924004,37.730092568416566],[-122.44284718072123,37.73027775360189],[-122.44224532886895,37.73046293878721],[-122.44143514368317,37.73064812397253],[-122.4404166251639,37.73083330915785],[-122.43951384738547,37.73097219804684],[-122.43872681034786,37.7310647906395],[-122.43805551405107,37.73111108693583],[-122.43749995849511,37.73111108693583],[-122.43701384738364,37.731180531380325],[-122.43659718071667,37.731319420269315],[-122.43624995849419,37.7315277536028],[-122.43597218071622,37.73180553138078],[-122.43576384738273,37.732129605455086],[-122.43562495849372,37.73249997582573],[-122.43555551404924,37.7329166424927],[-122.43555551404924,37.733379605455994],[-122.43541662516024,37.73379627212296],[-122.43513884738226,37.734166642493605],[-122.4347221807153,37.73449071656791],[-122.43416662515934,37.73476849434589],[-122.43368051404786,37.734907383234884],[-122.43326384738089,37.734907383234884],[-122.43291662515841,37.73476849434589],[-122.43263884738045,37.73449071656791],[-122.43231477330613,37.73428238323443],[-122.4319444029355,37.73414349434544],[-122.43152773626852,37.73407404990095],[-122.43106477330522,37.73407404990095],[-122.43067125478643,37.73412034619727],[-122.43034718071209,37.73421293878994],[-122.43009255108228,37.73435182767893],[-122.42990736589695,37.734537012864244],[-122.42914347700751,37.734675901753235],[-122.42780088441395,37.7347684943459],[-122.42587958811626,37.734814790642226],[-122.42337958811443,37.734814790642226],[-122.42143514366856,37.73483793879039],[-122.42004625477867,37.73488423508672],[-122.41921292144471,37.734953679531216],[-122.41893514366674,37.735046272123874],[-122.41863421774059,37.73520830916103],[-122.41831014366628,37.73543979064268],[-122.4179629214438,37.73574071656882],[-122.41759255107317,37.73611108693947],[-122.41733792144335,37.736504605458265],[-122.41719903255435,37.73692127212524],[-122.41717588440618,37.73736108694037],[-122.41726847699886,37.73782404990368],[-122.41706014366538,37.73817127212615],[-122.41655088440574,37.7384027536078],[-122.41574069921995,37.738518494348625],[-122.41462958810803,37.738518494348625],[-122.41379625477408,37.738657383237616],[-122.41324069921814,37.7389351610156],[-122.41296292144015,37.73935182768257],[-122.41296292144015,37.73990738323852],[-122.41287032884749,37.740370346201814],[-122.41268514366217,37.74074071657246],[-122.41240736588419,37.74101849435044],[-122.41203699551355,37.74120367953576],[-122.41162032884657,37.741342568424756],[-122.41115736588327,37.74143516101741],[-122.41064810662363,37.74148145731374],[-122.41009255106769,37.74148145731374],[-122.40956014365989,37.741643494350896],[-122.40905088440024,37.7419675684252],[-122.40856477328879,37.742453679536666],[-122.40810181032548,37.74310182768529],[-122.40777773625116,37.743703679537575],[-122.40759255106585,37.74425923509353],[-122.40754625476951,37.74476849435316],[-122.40763884736218,37.74523145731647],[-122.407893476992,37.74546293879812],[-122.40831014365897,37.74546293879812],[-122.4088888473631,37.74523145731647],[-122.40962958810438,37.74476849435316],[-122.41032403254933,37.74442127213069],[-122.41097218069797,37.74418979064904],[-122.41157403255025,37.744074049908214],[-122.41212958810621,37.744074049908214],[-122.41266199551401,37.74412034620454],[-122.41317125477363,37.744212938797205],[-122.4136573658851,37.744351827686195],[-122.41412032884841,37.74453701287152],[-122.41472218070069,37.74465275361234],[-122.41546292144197,37.74469904990867],[-122.41634255107223,37.7446759017605],[-122.41736106959152,37.74458330916785],[-122.41814810662913,37.74432867953803],[-122.41870366218507,37.743912012871064],[-122.41902773625938,37.743333309166935],[-122.41912032885205,37.74259256842566],[-122.4192823658892,37.7420370128697],[-122.41951384737085,37.741666642499055],[-122.419814773297,37.74148145731374],[-122.42018514366764,37.74148145731374],[-122.42046292144562,37.74138886472108],[-122.42064810663095,37.74120367953576],[-122.4207406992236,37.74092590175778],[-122.4207406992236,37.740555531387145],[-122.42090273626076,37.740254605461],[-122.42122681033507,37.74002312397935],[-122.42171292144654,37.7398610869422],[-122.42236106959515,37.73976849434953],[-122.42284718070663,37.73962960546054],[-122.42317125478094,37.73944442027522],[-122.4233332918181,37.73921293879357],[-122.4233332918181,37.7389351610156],[-122.42342588441076,37.73871216530563],[-122.42361106959608,37.73854395166366],[-122.42388884737406,37.73843052008971],[-122.42425921774469,37.738371870583755],[-122.42453699552266,37.738411990275274],[-122.42472218070799,37.73855087916427],[-122.42481477330065,37.73878853725073],[-122.42481477330065,37.73912496453465],[-122.42495366218964,37.73940043314576],[-122.42523143996763,37.73961494308406],[-122.4256481066346,37.73976849434953],[-122.42620366219056,37.7398610869422],[-122.42668977330203,37.73999997583118],[-122.427106439969,37.740185161016505],[-122.42745366219148,37.740416642498154],[-122.42773143996945,37.74069442027613],[-122.42812495848827,37.74097219805411],[-122.42863421774791,37.74124997583208],[-122.42925921774835,37.741527753610065],[-122.42999995848965,37.741805531388046],[-122.43055551404561,37.74208330916603],[-122.43092588441624,37.74236108694401],[-122.43111106960156,37.74263886472199],[-122.43111106960156,37.74291664249997],[-122.43104162515706,37.74321756842612],[-122.43090273626808,37.74354164250042],[-122.43069440293459,37.7438888647229],[-122.4304166251566,37.74425923509354],[-122.43020829182312,37.74472219805684],[-122.43006940293412,37.7452777536128],[-122.42999995848963,37.74592590176142],[-122.42999995848963,37.746666642502696],[-122.43023143997128,37.74743053139214],[-122.43069440293458,37.748217568429745],[-122.43138884737952,37.74902775361552],[-122.43231477330615,37.74986108694946],[-122.43291662515844,37.75055553139441],[-122.4331944029364,37.751111086950374],[-122.43314810664006,37.75152775361734],[-122.43277773626943,37.75180553139532],[-122.43236106960246,37.75201386472881],[-122.43189810663917,37.75215275361779],[-122.43138884737954,37.75222219806229],[-122.43083329182356,37.75222219806229],[-122.4302777362676,37.75226849435862],[-122.42972218071165,37.75236108695128],[-122.42916662515569,37.75249997584027],[-122.42861106959973,37.75268516102559],[-122.42819440293276,37.752916642507245],[-122.42791662515477,37.75319442028522],[-122.42777773626578,37.753518494359525],[-122.42777773626578,37.75388886473017],[-122.42773143996945,37.75430553139714],[-122.4276388473768,37.75476849436044],[-122.4274999584878,37.75527775362007],[-122.42731477330248,37.75583330917602],[-122.42719903256166,37.756296272139316],[-122.42715273626531,37.75666664250996],[-122.42717588441349,37.756944420287944],[-122.42726847700615,37.75712960547326],[-122.42745366219147,37.75729164251042],[-122.42773143996945,37.75743053139941],[-122.42810181034008,37.75754627214023],[-122.42856477330339,37.75763886473289],[-122.42891199552588,37.75780090177005],[-122.42914347700751,37.758032383251695],[-122.42925921774835,37.75833330917784],[-122.42925921774835,37.75870367954848],[-122.42944440293365,37.75898145732646],[-122.42981477330432,37.75916664251179],[-122.43037032886028,37.759259235104444],[-122.43111106960154,37.759259235104444],[-122.43175921775017,37.75916664251179],[-122.43231477330613,37.75898145732646],[-122.43277773626943,37.75870367954848],[-122.43314810664006,37.75833330917784],[-122.4336573658997,37.75807867954802],[-122.43430551404833,37.75793979065904],[-122.43509255108594,37.75791664251087],[-122.43601847701254,37.75800923510353],[-122.4367592177538,37.75814812399252],[-122.4373147733098,37.75833330917784],[-122.43768514368043,37.75856479065949],[-122.43787032886576,37.75884256843747],[-122.43812495849556,37.75907404991912],[-122.43844903256986,37.759259235104444],[-122.43884255108867,37.759398123993435],[-122.43930551405198,37.7594907165861],[-122.43965273627445,37.759629605475084],[-122.4398842177561,37.75981479066041],[-122.43999995849693,37.760046272142056],[-122.43999995849693,37.76032404992003],[-122.43993051405243,37.76064812399434],[-122.43979162516344,37.761018494364976],[-122.43958329182996,37.76143516103195],[-122.43930551405198,37.76189812399525],[-122.43895829182951,37.762245346217725],[-122.43854162516254,37.76247682769937],[-122.43805551405107,37.7625925684402],[-122.43749995849511,37.7625925684402],[-122.43696755108732,37.76270830918102],[-122.43645829182769,37.76293979066267],[-122.43597218071622,37.763287012885144],[-122.43550921775292,37.76374997584845],[-122.43513884738229,37.76425923510808],[-122.4348610696043,37.76481479066403],[-122.43467588441898,37.76541664251633],[-122.43458329182631,37.76606479066494],[-122.43453699552998,37.76671293881357],[-122.43453699552998,37.76736108696218],[-122.43458329182631,37.7680092351108],[-122.43467588441898,37.76865738325942],[-122.4349999584933,37.7693981240007],[-122.43555551404926,37.77023145733464],[-122.43634255108687,37.77115738326124],[-122.43736106960613,37.7721759017805],[-122.4381018103474,37.773078679558935],[-122.43856477331072,37.773865716596546],[-122.43874995849603,37.77453701289333],[-122.43865736590335,37.77509256844928],[-122.43840273627353,37.775439790671754],[-122.43798606960657,37.77557867956075],[-122.43740736590244,37.77550923511625],[-122.43666662516117,37.77523145733827],[-122.43608792145703,37.77497682770846],[-122.43567125479007,37.77474534622681],[-122.43541662516024,37.774537012893326],[-122.43532403256758,37.77435182770801],[-122.43513884738226,37.774166642522694],[-122.43486106960427,37.77398145733737],[-122.43449069923363,37.77379627215205],[-122.43402773627034,37.77361108696673],[-122.43342588441804,37.77347219807774],[-122.43268514367676,37.773379605485076],[-122.4318055140465,37.77333330918875],[-122.43078699552724,37.77333330918875],[-122.43006940293412,37.77342590178141],[-122.42965273626716,37.77361108696673],[-122.42953699552633,37.773888864744706],[-122.42972218071165,37.77425923511535],[-122.43006940293412,37.77467590178232],[-122.43057866219377,37.775138864745614],[-122.43124995849055,37.775648124005244],[-122.43208329182448,37.776203679561206],[-122.43280088441759,37.77662034622818],[-122.43340273626988,37.77689812400615],[-122.43388884738135,37.77703701289514],[-122.434259217752,37.77703701289514],[-122.43474532886347,37.7771296054878],[-122.43534718071575,37.777314790673124],[-122.43606477330887,37.7775925684511],[-122.43689810664281,37.777962938821744],[-122.43766199553227,37.77844904993321],[-122.4383564399772,37.779050901785496],[-122.43898143997765,37.77976849437861],[-122.43953699553364,37.78060182771255],[-122.4400925510896,37.781319420305664],[-122.44064810664554,37.78192127215795],[-122.4412036622015,37.782407383269415],[-122.4417592177575,37.78277775364006],[-122.44226847701711,37.7830786795662],[-122.4427314399804,37.78331016104785],[-122.44314810664739,37.78347219808501],[-122.44351847701802,37.78356479067767],[-122.44381940294416,37.783842568455654],[-122.4440508844258,37.78430553141895],[-122.44421292146296,37.784953679567565],[-122.44430551405564,37.78578701290151],[-122.44421292146299,37.786550901790946],[-122.44393514368501,37.787245346235906],[-122.4434721807217,37.78787034623636],[-122.44282403257307,37.78842590179231],[-122.44210643997994,37.78884256845928],[-122.44131940294233,37.78912034623726],[-122.44046292146022,37.78925923512625],[-122.43953699553362,37.78925923512625],[-122.438749958496,37.789305531422585],[-122.43810181034739,37.789398124015236],[-122.43759255108776,37.78953701290423],[-122.43722218071713,37.78972219808955],[-122.43675921775383,37.78986108697855],[-122.43620366219787,37.7899536795712],[-122.43555551404924,37.78999997586753],[-122.43481477330796,37.78999997586753],[-122.43418977330751,37.78986108697854],[-122.43368051404786,37.78958330920056],[-122.43328699552907,37.78916664253359],[-122.43300921775108,37.78861108697764],[-122.43256940293594,37.78819442031067],[-122.43196755108366,37.787916642532686],[-122.43120366219422,37.787777753643695],[-122.4302777362676,37.787777753643695],[-122.42946755108181,37.78768516105104],[-122.42877310663687,37.787499975865714],[-122.42819440293275,37.78722219808773],[-122.42773143996945,37.7868518277171],[-122.4273610695988,37.78643516105013],[-122.42708329182082,37.785972198086824],[-122.4268981066355,37.785462938827195],[-122.42680551404284,37.78490738327124],[-122.42657403256119,37.78449071660427],[-122.42620366219055,37.784212938826286],[-122.42569440293092,37.784074049937296],[-122.42504625478232,37.784074049937296],[-122.42456014367085,37.78423608697445],[-122.42423606959653,37.78456016104876],[-122.42407403255937,37.78504627216023],[-122.42407403255937,37.78569442030884],[-122.42402773626304,37.78620367956847],[-122.42393514367038,37.78657404993912],[-122.4237962547814,37.78680553142077],[-122.42361106959606,37.786898124013426],[-122.42344903255892,37.78708330919875],[-122.42331014366994,37.78736108697672],[-122.42319440292911,37.78773145734736],[-122.42310181033645,37.78819442031066],[-122.42303236589194,37.788726827718456],[-122.42298606959562,37.789328679570744],[-122.42296292144745,37.78999997586753],[-122.42296292144745,37.79074071660881],[-122.42300921774378,37.79145830920193],[-122.42310181033643,37.792152753646874],[-122.42324069922543,37.79282404994366],[-122.42342588441075,37.793472198092275],[-122.42368051404057,37.793981457351904],[-122.42400458811488,37.79435182772255],[-122.42439810663367,37.7945833092042],[-122.42486106959699,37.794675901796865],[-122.4255092177456,37.794745346241356],[-122.42634255107953,37.79479164253768],[-122.4273610695988,37.79481479068585],[-122.42856477330339,37.79481479068585],[-122.42946755108183,37.794837938834014],[-122.43006940293412,37.79488423513034],[-122.43037032886026,37.79495367957483],[-122.43037032886026,37.7950462721675],[-122.43064810663824,37.795115716611996],[-122.4312036621942,37.79516201290832],[-122.43203699552815,37.79518516105649],[-122.43314810664008,37.79518516105649],[-122.43407403256668,37.79509256846383],[-122.43481477330796,37.794907383278506],[-122.43537032886393,37.79462960550053],[-122.43574069923456,37.794259235129886],[-122.43618051404968,37.79398145735191],[-122.43668977330931,37.79379627216659],[-122.43726847701345,37.79370367957393],[-122.43791662516207,37.79370367957393],[-122.43840273627356,37.79374997587026],[-122.43872681034787,37.79384256846292],[-122.43888884738502,37.79398145735191],[-122.43888884738502,37.79416664253723],[-122.43898143997768,37.79437239100865],[-122.43916662516301,37.79459870276619],[-122.43944440294098,37.794845577809824],[-122.43981477331161,37.79511301613957],[-122.44025458812675,37.79529303160077],[-122.44076384738639,37.79538562419342],[-122.44134255109051,37.79539079391754],[-122.44199069923913,37.79530854077313],[-122.4424768103506,37.79520055461848],[-122.44280088442491,37.7950668354536],[-122.44296292146205,37.794907383278506],[-122.44296292146205,37.79472219809319],[-122.44312495849923,37.7945833092042],[-122.44344903257351,37.794490716611534],[-122.443935143685,37.79444442031521],[-122.44458329183362,37.79444442031521],[-122.44514532666928,37.79442127216704],[-122.44562124819197,37.79437497587072],[-122.44601105640169,37.79430553142622],[-122.44631475129844,37.79421293883356],[-122.4465283299583,37.7940509017964],[-122.44665179238126,37.793819420314755],[-122.4466851385673,37.793518494388614],[-122.44662836851646,37.79314812401797],[-122.44645461532235,37.79284719809182],[-122.44616387898496,37.79261571661017],[-122.44575615950434,37.792453679573015],[-122.44523145688046,37.792361086980364],[-122.4449999669497,37.792222198091366],[-122.44506168971208,37.79203701290605],[-122.44541662516757,37.791805531424394],[-122.44606477331617,37.79152775364642],[-122.44652002806157,37.791412012905596],[-122.44678238940378,37.79145830920192],[-122.44685185734275,37.79166664253541],[-122.44672843187853,37.79203701290605],[-122.44665019306382,37.7924073832767],[-122.44661714089864,37.79277775364733],[-122.446629275383,37.79314812401797],[-122.44668659651688,37.793518494388614],[-122.44679240974621,37.79386571661109],[-122.446946715071,37.794189790685394],[-122.44714951249122,37.79449071661154],[-122.44740080200688,37.79476849438952],[-122.44770500988446,37.794953679574846],[-122.44806213612395,37.7950462721675],[-122.44847218072533,37.7950462721675],[-122.44893514368864,37.79495367957483],[-122.44930551405929,37.794699049945024],[-122.44958329183726,37.79428238327805],[-122.44976847702259,37.79370367957393],[-122.44986106961524,37.792962938832645],[-122.4500231066524,37.79233793883219],[-122.45025458813404,37.79182867957256],[-122.45055551406018,37.791435161053755],[-122.45092588443083,37.79115738327578],[-122.45141199554232,37.7909490499423],[-122.45201384739461,37.7908101610533],[-122.45273143998773,37.79074071660881],[-122.45356477332163,37.79074071660881],[-122.45430551406292,37.7908101610533],[-122.45495366221155,37.7909490499423],[-122.45550921776751,37.79115738327578],[-122.45597218073081,37.791435161053755],[-122.45631940295328,37.79168979068358],[-122.45655088443493,37.791921272165226],[-122.45666662517577,37.79212960549871],[-122.45666662517577,37.79231479068403],[-122.45692125480558,37.79254627216568],[-122.45743051406522,37.79282404994366],[-122.45819440295466,37.79314812401797],[-122.45921292147392,37.793518494388614],[-122.45997681036337,37.793935161055586],[-122.46048606962302,37.79439812401888],[-122.46074069925282,37.79490738327851],[-122.46074069925282,37.79546293883446],[-122.46085643999365,37.7959027536496],[-122.4610879214753,37.796226827723906],[-122.46143514369777,37.79643516105739],[-122.46189810666108,37.796527753650054],[-122.4622221807354,37.79668979068721],[-122.46240736592071,37.79692127216886],[-122.46245366221704,37.797222198095],[-122.46236106962438,37.797592568465646],[-122.46240736592071,37.79796293883628],[-122.46259255110603,37.798333309206924],[-122.46291662518033,37.798703679577564],[-122.46337958814364,37.7990740499482],[-122.4637962548106,37.799351827726184],[-122.46416662518124,37.79953701291151],[-122.46449069925555,37.799629605504165],[-122.46476847703354,37.799629605504165],[-122.46509255110786,37.79951386476334],[-122.46546292147849,37.79928238328169],[-122.46587958814546,37.79893516105922],[-122.46634255110877,37.79847219809591],[-122.4668518103684,37.79810182772527],[-122.46740736592436,37.797824049947295],[-122.46800921777665,37.79763886476198],[-122.46865736592527,37.79754627216931],[-122.46918977333306,37.797615716613805],[-122.46960644000005,37.797847198095454],[-122.46990736592619,37.79824071661426],[-122.47009255111152,37.79879627217022],[-122.47032403259317,37.79925923513352],[-122.47060181037114,37.799629605504165],[-122.47092588444545,37.79990738328215],[-122.47129625481608,37.80009256846746],[-122.47157403259405,37.800347198097285],[-122.47175921777938,37.800671272171584],[-122.47185181037204,37.80106479069039],[-122.47185181037204,37.801527753653694],[-122.47189810666836,37.80201386476516],[-122.47199069926103,37.80252312402479],[-122.47212958815003,37.803055531432584],[-122.47231477333534,37.80361108698853],[-122.47252310666883,37.80407404995183],[-122.4727545881505,37.804444420322476],[-122.47300921778032,37.80472219810046],[-122.47328699555828,37.80490738328577],[-122.47372681037342,37.80506942032293],[-122.4743286622257,37.80520830921192],[-122.47509255111514,37.805324049952745],[-122.47601847704176,37.8054166425454],[-122.47671292148671,37.8054166425454],[-122.47717588445,37.805324049952745],[-122.47740736593165,37.80513886476742],[-122.47740736593165,37.80486108698944],[-122.47747681037615,37.80458330921146],[-122.47761569926513,37.804305531433485],[-122.47782403259862,37.804027753655504],[-122.47810181037661,37.80374997587753],[-122.47831014371009,37.803356457358724],[-122.47844903259909,37.802847198099094],[-122.47851847704358,37.80222219809864],[-122.47851847704358,37.80148145735736],[-122.47856477333991,37.80076386476425],[-122.47865736593258,37.8000694203193],[-122.47879625482157,37.79939812402252],[-122.47898144000688,37.79874997587389],[-122.47912032889587,37.7981481240216],[-122.47921292148854,37.797592568465646],[-122.47925921778487,37.797083309206016],[-122.47925921778487,37.79662034624271],[-122.47921292148854,37.79618053142758],[-122.47912032889587,37.79576386476061],[-122.47898144000688,37.79537034624181],[-122.47879625482157,37.794999975871164],[-122.47863421778442,37.794467568463375],[-122.47849532889542,37.79377312401842],[-122.4783795881546,37.79291664253632],[-122.47828699556193,37.79189812401706],[-122.47812495852477,37.79104164253495],[-122.47789347704312,37.790347198090004],[-122.47759255111698,37.789814790682215],[-122.47722218074634,37.78944442031157],[-122.47664347704222,37.78921293882992],[-122.47585644000459,37.78912034623726],[-122.47486106963349,37.789166642533594],[-122.47365736592891,37.78935182771891],[-122.47270829185413,37.789583309200566],[-122.4720138474092,37.78986108697854],[-122.47157403259406,37.79018516105285],[-122.47138884740875,37.79055553142349],[-122.47111106963077,37.79083330920147],[-122.47074069926012,37.79101849438679],[-122.47027773629682,37.79111108697945],[-122.46972218074086,37.79111108697945],[-122.46928236592572,37.79104164253496],[-122.46895829185142,37.790902753645966],[-122.46874995851793,37.790694420312484],[-122.46865736592527,37.7904166425345],[-122.46854162518444,37.79023145734918],[-122.46840273629546,37.79013886475652],[-122.4682406992583,37.79013886475652]],[[-122.45850878649422,37.784722198085916],[-122.45806821826335,37.784166642529954],[-122.45783038468286,37.783726827714815],[-122.45779528575275,37.783402753640516],[-122.45796292147301,37.78319442030703],[-122.45833329184366,37.78310182771437],[-122.4586286190867,37.78319442030703],[-122.45884890320212,37.78347219808501],[-122.45899414418996,37.78393516104831],[-122.45906434205018,37.784583309196925],[-122.45900684838763,37.784930531419405],[-122.45882166320231,37.78497682771573],[-122.45850878649422,37.784722198085916]],[[-122.47319440296563,37.79611108698309],[-122.47310181037297,37.79574071661244],[-122.47324069926196,37.7954397906863],[-122.47361106963261,37.795208309204654],[-122.4742129214849,37.7950462721675],[-122.4750462548188,37.79495367957483],[-122.4757175511156,37.794976827723],[-122.47622681037524,37.795115716611996],[-122.47657403259772,37.79537034624181],[-122.47675921778304,37.79574071661244],[-122.47673606963488,37.796018494390424],[-122.47650458815322,37.79620367957575],[-122.47606477333808,37.796296272168405],[-122.47541662518948,37.796296272168405],[-122.47486106963352,37.79631942031657],[-122.47439810667021,37.7963657166129],[-122.47402773629958,37.79643516105739],[-122.47374995852158,37.796527753650054],[-122.47351847703993,37.796504605501895],[-122.47333329185463,37.7963657166129],[-122.47319440296563,37.79611108698309]],[[-122.4100239615662,37.71999997581664],[-122.40912547144019,37.71999997581664],[-122.40845160384569,37.71995367952031],[-122.40800235878267,37.71986108692765],[-122.40777773625118,37.71972219803866],[-122.40777773625118,37.719537012853344],[-122.40787032884383,37.719305531371695],[-122.40805551402914,37.719027753593714],[-122.40833329180714,37.71870367951941],[-122.40870366217779,37.71833330914876],[-122.40914347699292,37.71805553137079],[-122.40965273625255,37.717870346185464],[-122.41023143995668,37.717777753592806],[-122.41087958810529,37.717777753592806],[-122.41148143995758,37.71773145729648],[-122.41203699551355,37.717638864703815],[-122.41254625477318,37.717499975814825],[-122.41300921773649,37.7173147906295],[-122.41349532884794,37.71719904988868],[-122.41400458810759,37.71715275359235],[-122.41453699551538,37.71717590174052],[-122.41509255107133,37.71726849433317],[-122.41587958810894,37.71733793877767],[-122.4168981066282,37.717384235074],[-122.41814810662912,37.71740738322217],[-122.41962958811168,37.71740738322217],[-122.42081014366809,37.717361086925834],[-122.42168977329837,37.717268494333176],[-122.42226847700249,37.717129605444185],[-122.42254625478049,37.71694442025886],[-122.42284718070663,37.71680553136987],[-122.42317125478094,37.71671293877721],[-122.42351847700341,37.71666664248088],[-122.42388884737406,37.71666664248088],[-122.42428236589286,37.716620346184556],[-122.42469903255983,37.71652775359189],[-122.42513884737497,37.7163888647029],[-122.42560181033828,37.716203679517584],[-122.42604162515342,37.716134235073085],[-122.42645829182038,37.71618053136941],[-122.42685181033919,37.71634256840657],[-122.42722218070982,37.71662034618455],[-122.4274999584878,37.71687497581436],[-122.42768514367312,37.71710645729602],[-122.42777773626578,37.7173147906295],[-122.42777773626578,37.717499975814825],[-122.42766199552494,37.717662012851974],[-122.42743051404331,37.71780090174097],[-122.42708329182084,37.717916642481796],[-122.42662032885752,37.718009235074454],[-122.42629625478322,37.7183101610006],[-122.42611106959791,37.718819420260225],[-122.42606477330158,37.71953701285334],[-122.42615736589424,37.720462938779946],[-122.42629625478324,37.721203679521224],[-122.42648143996854,37.72175923507717],[-122.42671292145019,37.72212960544782],[-122.42699069922816,37.722314790633135],[-122.42719903256165,37.72254627211479],[-122.42733792145064,37.722824049892765],[-122.42740736589514,37.72314812396708],[-122.42740736589514,37.72351849433772],[-122.42733792145064,37.72393516100469],[-122.42719903256165,37.72439812396799],[-122.42699069922816,37.72490738322762],[-122.42671292145019,37.72546293878358],[-122.42643514367221,37.725925901746876],[-122.42615736589423,37.72629627211752],[-122.42587958811626,37.7265740498955],[-122.42560181033828,37.72675923508081],[-122.42527773626396,37.726898123969804],[-122.42490736589332,37.72699071656246],[-122.42449069922635,37.727037012858794],[-122.42402773626304,37.727037012858794],[-122.42349532885525,37.726944420266136],[-122.42289347700296,37.72675923508081],[-122.42222218070617,37.72648145730284],[-122.4214814399649,37.72611108693219],[-122.42090273626076,37.72560182767256],[-122.42048606959379,37.72495367952395],[-122.42023143996397,37.72416664248634],[-122.42013884737132,37.723240716559744],[-122.41993051403784,37.722499975818465],[-122.4196064399635,37.7219444202625],[-122.41916662514838,37.721574049891856],[-122.41861106959243,37.72138886470654],[-122.41817125477729,37.721157383224885],[-122.41784718070299,37.72087960544691],[-122.4176388473695,37.720555531372604],[-122.41754625477684,37.72018516100196],[-122.41738421773968,37.71990738322398],[-122.41715273625803,37.71972219803866],[-122.41685181033188,37.719629605446],[-122.41648143996123,37.719629605446],[-122.41606477329425,37.71958330914967],[-122.41560181033097,37.71949071655702],[-122.41509255107133,37.71935182766802],[-122.41453699551538,37.719166642482705],[-122.41407403255208,37.719097198038206],[-122.41370366218143,37.71914349433454],[-122.41342588440347,37.719305531371695],[-122.41324069921812,37.71958330914967],[-122.41300235878633,37.71979164248316],[-122.41271086310806,37.71993053137214],[-122.4123662121833,37.71999997581664],[-122.41196840601208,37.71999997581664],[-122.41144542885215,37.71999997581664],[-122.41079728070352,37.71999997581664],[-122.4100239615662,37.71999997581664]],[[-122.46435181036657,37.79499997587117],[-122.46379625481062,37.794629605500525],[-122.46337958814365,37.794259235129886],[-122.46310181036566,37.79388886475925],[-122.46296292147667,37.793518494388614],[-122.46296292147667,37.79314812401797],[-122.4630786622175,37.792870346239994],[-122.46331014369915,37.79268516105467],[-122.46365736592162,37.79259256846201],[-122.46412032888493,37.79259256846201],[-122.46456014370007,37.792662012906504],[-122.46497681036703,37.7928009017955],[-122.46537032888584,37.793009235128984],[-122.46574069925647,37.793287012906966],[-122.46594903258995,37.79361108698127],[-122.46599532888628,37.79398145735192],[-122.46587958814546,37.79439812401888],[-122.46560181036747,37.79486108698218],[-122.465254588145,37.795115716611996],[-122.46483792147804,37.79516201290832],[-122.46435181036657,37.79499997587117]],[[-122.45189810665377,37.779999975860264],[-122.45143514369046,37.779999975860264],[-122.45104162517165,37.77995367956393],[-122.45071755109737,37.77986108697128],[-122.45046292146755,37.77972219808228],[-122.4502777362822,37.77953701289697],[-122.45020829183771,37.77932867956348],[-122.45025458813406,37.77909719808183],[-122.45041662517121,37.77884256845201],[-122.45069440294918,37.77856479067403],[-122.4510184770235,37.77835645734055],[-122.45138884739414,37.77821756845155],[-122.4518055140611,37.77814812400706],[-122.45226847702442,37.77814812400706],[-122.45259255109873,37.778263864747885],[-122.45277773628405,37.77849534622953],[-122.45282403258038,37.778842568452006],[-122.4527314399877,37.77930553141532],[-122.45254625480237,37.77965275363779],[-122.4522684770244,37.77988423511944],[-122.45189810665377,37.779999975860264]],[[-122.43078699552724,37.75712960547326],[-122.43032403256393,37.756944420287944],[-122.42997681034146,37.756736086954454],[-122.42974532885981,37.756504605472806],[-122.42962958811898,37.75624997584299],[-122.42962958811898,37.75597219806502],[-122.42974532885981,37.75574071658337],[-122.42997681034146,37.755555531398045],[-122.43032403256393,37.75541664250906],[-122.43078699552724,37.755324049916396],[-122.43118051404605,37.75530090176823],[-122.43150458812035,37.755347198064555],[-122.43175921775017,37.75546293880539],[-122.43194440293549,37.7556481239907],[-122.43203699552815,37.75587960547236],[-122.43203699552815,37.75615738325033],[-122.43194440293549,37.75648145732464],[-122.43175921775017,37.756851827695286],[-122.43150458812035,37.757083309176934],[-122.43118051404605,37.75717590176959],[-122.43078699552724,37.75712960547326]],[[-122.43550921775292,37.75624997584299],[-122.43523143997493,37.75597219806502],[-122.43502310664144,37.75564812399071],[-122.43488421775245,37.755277753620064],[-122.43481477330796,37.7548610869531],[-122.43481477330796,37.754398123989795],[-122.43488421775245,37.75405090176732],[-122.43502310664144,37.75381942028567],[-122.43523143997493,37.75370367954485],[-122.43550921775292,37.75370367954485],[-122.43576384738273,37.75377312398934],[-122.43599532886438,37.75391201287833],[-122.43620366219787,37.75412034621181],[-122.43638884738318,37.754398123989795],[-122.43648143997585,37.7547221980641],[-122.43648143997585,37.75509256843475],[-122.43638884738318,37.75550923510171],[-122.43620366219787,37.75597219806501],[-122.43599532886438,37.75624997584299],[-122.43576384738273,37.756342568435656],[-122.43550921775292,37.75624997584299]],[[-122.41449069921904,37.74365738324124],[-122.41402773625575,37.74337960546327],[-122.41377310662594,37.74310182768529],[-122.41372681032959,37.742824049907306],[-122.41388884736675,37.742546272129324],[-122.4142592177374,37.74226849435135],[-122.41467588440437,37.74206016101786],[-122.41513884736766,37.74192127212888],[-122.41564810662729,37.74185182768438],[-122.41620366218325,37.74185182768438],[-122.41664347699839,37.74189812398071],[-122.41696755107269,37.74199071657337],[-122.41717588440618,37.74212960546236],[-122.41726847699886,37.742314790647676],[-122.41719903255436,37.742546272129324],[-122.4169675510727,37.742824049907306],[-122.4165740325539,37.74314812398161],[-122.41601847699793,37.74351849435226],[-122.41548606959014,37.74372682768574],[-122.41497681033051,37.743773123982066],[-122.41449069921904,37.74365738324124]],[[-122.45231477332074,37.720555531372604],[-122.45212958813542,37.72018516100196],[-122.45189810665377,37.71986108692765],[-122.45162032887579,37.71958330914968],[-122.45129625480148,37.71935182766802],[-122.45092588443084,37.719166642482705],[-122.45062495850469,37.718958309149215],[-122.45039347702304,37.71872682766757],[-122.45023143998588,37.71847219803775],[-122.45013884739323,37.71819442025978],[-122.45018514368957,37.71796293877813],[-122.45037032887487,37.717777753592806],[-122.45069440294918,37.717638864703815],[-122.4511573659125,37.71754627211115],[-122.45150458813497,37.7173147906295],[-122.45173606961662,37.71694442025887],[-122.45185181035744,37.71643516099924],[-122.45185181035744,37.71578701285061],[-122.45203699554276,37.71527775359098],[-122.45240736591339,37.71490738322035],[-122.45296292146935,37.7146759017387],[-122.45370366221064,37.714583309146036],[-122.45432866221108,37.71456016099787],[-122.45483792147073,37.714606457294195],[-122.45523143998955,37.71472219803503],[-122.45550921776751,37.71490738322034],[-122.45587958813817,37.71504627210933],[-122.45634255110147,37.715138864702],[-122.45689810665742,37.715185160998324],[-122.45754625480603,37.715185160998324],[-122.458101810362,37.71520830914649],[-122.4585647733253,37.715254605442816],[-122.45893514369595,37.715324049887315],[-122.45921292147392,37.71541664247997],[-122.45972218073356,37.71548608692447],[-122.46046292147486,37.7155323832208],[-122.46143514369778,37.71555553136896],[-122.46263884740236,37.71555553136896],[-122.46370366221797,37.7155323832208],[-122.46462958814455,37.71548608692447],[-122.46541662518216,37.71541664247997],[-122.46606477333077,37.715324049887315],[-122.46668977333124,37.715347198035474],[-122.46729162518353,37.71548608692447],[-122.46787032888767,37.71574071655428],[-122.4684258844436,37.716111086924926],[-122.46884255111058,37.71650460544373],[-122.46912032888858,37.716921272110696],[-122.46925921777756,37.717361086925834],[-122.46925921777756,37.71782404988913],[-122.4691666251849,37.71821756840794],[-122.4689814399996,37.71854164248225],[-122.46870366222161,37.718796272112066],[-122.46833329185097,37.71898145729738],[-122.46791662518399,37.71912034618637],[-122.46745366222069,37.71921293877904],[-122.46694440296106,37.71925923507536],[-122.4663888474051,37.71925923507536],[-122.46587958814547,37.71932867951986],[-122.46541662518216,37.719467568408845],[-122.4649999585152,37.719675901742335],[-122.46462958814456,37.71995367952031],[-122.46418977332942,37.72016201285379],[-122.46368051406978,37.72030090174279],[-122.46310181036564,37.72037034618728],[-122.46245366221704,37.72037034618728],[-122.46187495851292,37.72032404989095],[-122.46136569925328,37.7202314572983],[-122.46092588443814,37.7200925684093],[-122.46055551406751,37.71990738322398],[-122.4598842177707,37.71981479063132],[-122.45891199554777,37.71981479063132],[-122.4576388473987,37.71990738322398],[-122.45606477332348,37.7200925684093],[-122.45481477332257,37.72027775359462],[-122.45388884739597,37.72046293877994],[-122.45328699554366,37.72064812396526],[-122.4530092177657,37.72083330915058],[-122.45275458813586,37.72087960544691],[-122.45252310665421,37.72078701285425],[-122.45231477332074,37.720555531372604]]],[[[-122.48863584799196,37.78389366060152],[-122.48962593665333,37.78396581633583],[-122.49048424389017,37.78418197017372],[-122.49121076970249,37.784542122115184],[-122.49180551409032,37.78504627216023],[-122.49226847705361,37.78569442030884],[-122.49291662520223,37.786180531420314],[-122.49374995853617,37.78650460549463],[-122.49476847705544,37.78666664253178],[-122.49597218076003,37.78666664253178],[-122.49694440298296,37.786736086976276],[-122.49768514372425,37.78687497586526],[-122.49819440298388,37.78708330919875],[-122.49847218076187,37.78736108697672],[-122.49893514372516,37.787569420310206],[-122.49958329187379,37.7877083091992],[-122.50041662520773,37.787777753643695],[-122.501435143727,37.787777753643695],[-122.50224532891278,37.7877083091992],[-122.50284718076506,37.787569420310206],[-122.50324069928386,37.78736108697672],[-122.50342588446918,37.78708330919875],[-122.50365736595083,37.78687497586526],[-122.50393514372881,37.786736086976276],[-122.50425921780312,37.78666664253178],[-122.50462958817377,37.78666664253178],[-122.50490736595177,37.78652775364279],[-122.50509255113708,37.78624997586481],[-122.50518514372973,37.78583330919784],[-122.50518514372973,37.78527775364188],[-122.5054166252114,37.78486108697491],[-122.50587958817468,37.784583309196925],[-122.50657403261964,37.784444420307935],[-122.50749995854625,37.784444420307935],[-122.50826384743569,37.78437497586344],[-122.50886569928798,37.784236086974445],[-122.50930551410312,37.78402775364096],[-122.50958329188109,37.78374997586298],[-122.50988421780724,37.7835416425295],[-122.51020829188154,37.78340275364051],[-122.51055551410401,37.78333330919602],[-122.51092588447466,37.78333330919602],[-122.51118051410448,37.783217568455186],[-122.51131940299348,37.78298608697354],[-122.51134255114164,37.782638864751064],[-122.51124995854896,37.78217590178777],[-122.51106477336364,37.78171293882447],[-122.51078699558566,37.78124997586117],[-122.51041662521503,37.780787012897875],[-122.50995366225172,37.78032404993458],[-122.50962958817742,37.77986108697128],[-122.5094444029921,37.77939812400798],[-122.50939810669577,37.77893516104468],[-122.50949069928843,37.77847219808137],[-122.50942125484394,37.77807867956256],[-122.50918977336228,37.777754605488255],[-122.50879625484347,37.77749997585844],[-122.50824069928751,37.777314790673124],[-122.50770829187971,37.77717590178413],[-122.5071990326201,37.777083309191475],[-122.50671292150862,37.77703701289514],[-122.50624995854531,37.77703701289514],[-122.5058564400265,37.777083309191475],[-122.5055323659522,37.77717590178413],[-122.5052777363224,37.777314790673124],[-122.50509255113705,37.77749997585844],[-122.50472218076641,37.777546272154765],[-122.50416662521047,37.777453679562115],[-122.50342588446918,37.777222198080466],[-122.50249995854259,37.77685182770982],[-122.50148144002333,37.776574049931845],[-122.5003703289114,37.77638886474652],[-122.49916662520683,37.776296272153864],[-122.49787032890956,37.776296272153864],[-122.4968518103903,37.776226827709365],[-122.49611106964903,37.77608793882038],[-122.49564810668574,37.77587960548689],[-122.4954629215004,37.77560182770892],[-122.49516199557426,37.77537034622727],[-122.49474532890727,37.77518516104195],[-122.49421292149948,37.77504627215296],[-122.49356477335088,37.7749536795603],[-122.49287032890592,37.7748842351158],[-122.49212958816464,37.77483793881947],[-122.49134255112703,37.77481479067131],[-122.49050921779309,37.77481479067131],[-122.48974532890364,37.7748842351158],[-122.48905088445868,37.77502312400479],[-122.48842588445822,37.77523145733827],[-122.48787032890226,37.77550923511625],[-122.48745366223528,37.77587960548689],[-122.48717588445732,37.7763425684502],[-122.48703699556832,37.77689812400615],[-122.48703699556832,37.77754627215477],[-122.48710644001281,37.77807867956257],[-122.4872453289018,37.77849534622953],[-122.4874536622353,37.77879627215568],[-122.48773144001328,37.778981457341004],[-122.48803236593942,37.779120346229995],[-122.48835644001373,37.77921293882265],[-122.4887036622362,37.779259235118985],[-122.48907403260685,37.779259235118985],[-122.48953699557015,37.779398124007976],[-122.49009255112611,37.77967590178596],[-122.49074069927474,37.78009256845293],[-122.49148144001602,37.78064812400888],[-122.49201384742382,37.78119443704755],[-122.49233792149813,37.781731507568935],[-122.49245366223896,37.78225933557303],[-122.4923610696463,37.78277792105984],[-122.49197465859196,37.78318121190682],[-122.49129442907596,37.78346920811397],[-122.49032038109829,37.7836419096813],[-122.48905251465894,37.7836993166088],[-122.48834913699477,37.783760410738005],[-122.48821024810579,37.78382519206891],[-122.48863584799196,37.78389366060152]],[[-122.49981477335544,37.7859259017905],[-122.49944440298479,37.7859259017905],[-122.49918977335498,37.78578701290151],[-122.49905088446599,37.78550923512353],[-122.49902773631783,37.785092568456555],[-122.49912032891048,37.7845370129006],[-122.49916662520681,37.784004605492804],[-122.49916662520681,37.783495346233174],[-122.49912032891048,37.78300923512171],[-122.49902773631783,37.782546272158406],[-122.49921292150314,37.78219904993593],[-122.49967588446646,37.781967568454284],[-122.50041662520773,37.78185182771346],[-122.501435143727,37.78185182771346],[-122.5022221807646,37.781967568454284],[-122.50277773632057,37.78219904993593],[-122.50310181039488,37.782546272158406],[-122.50319440298755,37.78300923512171],[-122.50319440298755,37.78337960549235],[-122.50310181039488,37.783657383270324],[-122.50291662520956,37.78384256845564],[-122.50263884743158,37.783935161048305],[-122.50231477335727,37.78412034623363],[-122.50194440298662,37.78439812401161],[-122.50152773631966,37.78476849438225],[-122.50106477335635,37.785231457345546],[-122.50062495854121,37.78557867956802],[-122.50020829187424,37.78581016104967],[-122.49981477335544,37.7859259017905]]],[[[-122.49754625483526,37.70810892195938],[-122.49615736594535,37.70811415877108],[-122.4952082918706,37.70830490343814],[-122.49469903261097,37.70868115596057],[-122.49462958816648,37.70924291633837],[-122.49499995853711,37.70999018457154],[-122.49541662520407,37.710689524635406],[-122.49587958816737,37.71134093652997],[-122.496388847427,37.711944420255236],[-122.49694440298298,37.712499975811184],[-122.49749995853894,37.71273145729283],[-122.49805551409489,37.71263886470018],[-122.49861106965085,37.71222219803321],[-122.49916662520681,37.71148145729193],[-122.49956014372562,37.71078407177109],[-122.49979162520728,37.71013004147068],[-122.49986106965177,37.7095193663907],[-122.49976847705909,37.70895204653116],[-122.49935181039211,37.70852786583943],[-122.49861106965085,37.708246824315495],[-122.49754625483526,37.70810892195938]]],[[[-122.41805551403647,37.79635788980438],[-122.41824069922178,37.79633324274999],[-122.41851847699976,37.7961758685702],[-122.4188888473704,37.795885767265034],[-122.4193518103337,37.79546293883446],[-122.41990736588967,37.79490738327851],[-122.42032403255664,37.79439812401888],[-122.42060181033462,37.793935161055586],[-122.4207406992236,37.793518494388614],[-122.4207406992236,37.79314812401797],[-122.42067125477911,37.79277775364733],[-122.42053236589011,37.7924073832767],[-122.42032403255664,37.79203701290605],[-122.42004625477865,37.79166664253541],[-122.41972218070435,37.7913425684611],[-122.41935181033372,37.79106479068312],[-122.41893514366674,37.79083330920147],[-122.41847218070345,37.79064812401615],[-122.41810181033281,37.790416642534495],[-122.41782403255482,37.79013886475652],[-122.4176388473695,37.789814790682215],[-122.41754625477684,37.78944442031157],[-122.41729162514702,37.789166642533594],[-122.41687495848005,37.78898145734827],[-122.41629625477592,37.78888886475561],[-122.41555551403464,37.78888886475561],[-122.41486106958969,37.78898145734827],[-122.41421292144105,37.789166642533594],[-122.41361106958877,37.78944442031157],[-122.4130555140328,37.789814790682215],[-122.41249995847684,37.79009256846019],[-122.4119444029209,37.79027775364551],[-122.41138884736493,37.79037034623817],[-122.41083329180896,37.79037034623817],[-122.41034718069749,37.79043979068266],[-122.40993051403052,37.79057867957165],[-122.40958329180805,37.790787012905135],[-122.40930551403008,37.791064790683116],[-122.40909718069659,37.79138886475742],[-122.40895829180761,37.79175923512807],[-122.4088888473631,37.792175901795034],[-122.4088888473631,37.792638864758345],[-122.40907403254843,37.79305553142531],[-122.40944440291906,37.793425901795956],[-122.40999995847503,37.79374997587026],[-122.41074069921632,37.79402775364824],[-122.41129625477228,37.79430553142622],[-122.41166662514291,37.79458330920419],[-122.41185181032823,37.79486108698217],[-122.41185181032823,37.795138864760155],[-122.41192125477272,37.795416642538136],[-122.41206014366172,37.79569442031612],[-122.4122684769952,37.7959721980941],[-122.41254625477318,37.79624997587208],[-122.41273143995849,37.79659719809455],[-122.41282403255116,37.797013864761524],[-122.41282403255116,37.79749997587299],[-122.41273143995849,37.798055531428936],[-122.41282403255116,37.7985416425404],[-122.41310181032915,37.79895830920738],[-122.41356477329245,37.79930553142985],[-122.41421292144106,37.79958330920783],[-122.41481477329336,37.79979164254132],[-122.41537032884932,37.799930531430306],[-122.41587958810894,37.799999975874805],[-122.41634255107225,37.799999975874805],[-122.41678236588737,37.80009256846746],[-122.41719903255435,37.800277753652786],[-122.41759255107317,37.80055553143076],[-122.4179629214438,37.800925901801406],[-122.41831014366628,37.801319420320205],[-122.41863421774059,37.80173608698718],[-122.41893514366674,37.80217590180231],[-122.41921292144471,37.80263886476561],[-122.4195601436672,37.802986086988085],[-122.41997681033416,37.803217568469734],[-122.42046292144563,37.80333330921056],[-122.4210184770016,37.80333330921056],[-122.42145829181673,37.8031712721734],[-122.42178236589103,37.802847198099094],[-122.42199069922452,37.80236108698763],[-122.42208329181717,37.80171293883901],[-122.42210643996533,37.80120367957939],[-122.42206014366903,37.80083330920874],[-122.4219444029282,37.80060182772709],[-122.42175921774286,37.80050923513443],[-122.42162032885388,37.80032404994911],[-122.42152773626123,37.80004627217114],[-122.4214814399649,37.7996759018005],[-122.4214814399649,37.79921293883719],[-122.42136569922405,37.79881942031838],[-122.42113421774242,37.79849534624408],[-122.42078699551995,37.79824071661426],[-122.42032403255664,37.79805553142894],[-122.419953662186,37.797847198095454],[-122.41967588440804,37.797615716613805],[-122.4194906992227,37.79736108698399],[-122.41939810663003,37.797083309206016],[-122.41923606959287,37.79685798948796],[-122.41900458811122,37.79668512782984],[-122.41870366218508,37.796564724231644],[-122.41833329181445,37.79649677869337],[-122.4181018103328,37.79643965777607],[-122.41800921774013,37.796393361479744],[-122.41805551403647,37.79635788980438]]],[[[-122.40689810662091,37.80263886476561],[-122.40680551402825,37.80217590180231],[-122.40655088439843,37.801759235135336],[-122.40613421773146,37.801388864764704],[-122.40555551402733,37.80106479069039],[-122.40481477328605,37.800787012912416],[-122.40437495847092,37.80076386476425],[-122.40423606958191,37.8009953462459],[-122.40439810661907,37.80148145735736],[-122.40486106958238,37.80222219809864],[-122.4053008843975,37.802777753654595],[-122.40571755106447,37.80314812402524],[-122.40611106958329,37.80333330921056],[-122.40648143995394,37.80333330921056],[-122.40673606958376,37.803217568469734],[-122.40687495847274,37.802986086988085],[-122.40689810662091,37.80263886476561]]],[[[-122.40393514365579,37.761064790661315],[-122.4045832918044,37.760787012883334],[-122.40506940291587,37.76050923510535],[-122.40539347699016,37.76023145732737],[-122.40555551402733,37.75995367954939],[-122.40555551402733,37.75967590177141],[-122.40543977328649,37.759421272141594],[-122.40520829180485,37.759189790659946],[-122.40486106958238,37.75898145732646],[-122.40439810661907,37.75879627214115],[-122.40379625476679,37.75842590177051],[-122.40305551402551,37.757870346214546],[-122.40217588439523,37.75712960547327],[-122.40115736587596,37.756203679546665],[-122.40043977328284,37.75543979065722],[-122.40002310661589,37.75483793880493],[-122.39990736587507,37.754398123989795],[-122.40009255106038,37.75412034621181],[-122.40023143994938,37.753819420285666],[-122.40032403254204,37.753495346211366],[-122.40037032883836,37.75314812398889],[-122.40037032883836,37.75277775361825],[-122.40023143994938,37.75252312398844],[-122.39995366217138,37.75238423509944],[-122.39953699550442,37.75236108695128],[-122.39898143994846,37.75245367954395],[-122.39854162513332,37.7526157165811],[-122.39821755105902,37.752847198062746],[-122.39800921772553,37.75314812398889],[-122.39791662513285,37.753518494359525],[-122.39770829179936,37.75379627213751],[-122.39738421772506,37.75398145732283],[-122.39694440290992,37.75407404991549],[-122.39638884735396,37.75407404991549],[-122.395972180687,37.75421293880448],[-122.39569440290902,37.75449071658246],[-122.39555551402003,37.75490738324943],[-122.39555551402003,37.75546293880538],[-122.3956481066127,37.75597219806501],[-122.39583329179801,37.75643516102831],[-122.396111069576,37.75685182769528],[-122.39648143994663,37.757222198065925],[-122.39678236587277,37.75761571658472],[-122.39701384735442,37.758032383251695],[-122.39717588439157,37.758472198066826],[-122.39726847698425,37.75893516103014],[-122.39754625476223,37.75930553140078],[-122.39800921772553,37.75958330917875],[-122.39865736587414,37.75976849436407],[-122.39949069920809,37.75986108695673],[-122.40025458809754,37.76002312399389],[-122.40094903254248,37.76025460547554],[-122.40157403254295,37.76055553140168],[-122.40212958809889,37.760925901772325],[-122.40270829180302,37.76113423510581],[-122.40331014365532,37.76118053140214],[-122.40393514365579,37.761064790661315]]],[[[-122.3793981066008,37.73032799445134],[-122.37874995845219,37.73019678700037],[-122.37831014363705,37.7301909740048],[-122.3780786621554,37.73031055546463],[-122.37805551400724,37.73055553137987],[-122.37824069919256,37.73092590175051],[-122.37849532882238,37.731249975824824],[-122.37881940289668,37.7315277536028],[-122.37921292141549,37.73175923508445],[-122.3796758843788,37.73194442026977],[-122.38011569919394,37.732175901751425],[-122.3805323658609,37.7324536795294],[-122.3809258843797,37.732777753603706],[-122.38129625475035,37.73314812397435],[-122.38157403252833,37.733495346196825],[-122.38175921771365,37.73381942027113],[-122.38185181030632,37.73412034619728],[-122.38185181030632,37.73439812397526],[-122.38203699549163,37.73469904990141],[-122.38240736586228,37.73502312397571],[-122.38296292141824,37.73537034619818],[-122.38370366215952,37.73574071656883],[-122.38432866215997,37.7360184943468],[-122.38483792141962,37.736203679532125],[-122.38523143993842,37.73629627212478],[-122.38550921771639,37.73629627212478],[-122.38571755104988,37.73615738323579],[-122.38585643993888,37.73587960545782],[-122.38592588438337,37.735462938790846],[-122.38592588438337,37.734907383234884],[-122.38587958808704,37.73442127212342],[-122.38578699549437,37.73400460545645],[-122.38564810660537,37.733657383233975],[-122.38546292142006,37.733379605456],[-122.38520829179024,37.733078679529854],[-122.38488421771595,37.73275460545554],[-122.38449069919713,37.73240738323307],[-122.38402773623383,37.732037012862435],[-122.38356477327054,37.73175923508445],[-122.38310181030724,37.73157404989913],[-122.38263884734393,37.73148145730647],[-122.38217588438062,37.73148145730647],[-122.38175921771365,37.73142166657655],[-122.381388847343,37.731302085116724],[-122.38106477326869,37.73112271292697],[-122.38078699549072,37.730883550007306],[-122.38041662512008,37.73067137595481],[-122.37995366215677,37.73048619076949],[-122.3793981066008,37.73032799445134]]],[[[-122.39731477328057,37.734907383234884],[-122.39749995846589,37.73472219804957],[-122.39763884735488,37.73449071656791],[-122.39773143994753,37.73421293878994],[-122.39777773624387,37.733888864715624],[-122.39777773624387,37.73351849434499],[-122.39756940291038,37.73326386471518],[-122.39715273624341,37.73312497582618],[-122.39652773624296,37.73310182767801],[-122.39569440290902,37.73319442027068],[-122.39504625476039,37.733356457307835],[-122.39458329179709,37.73358793878948],[-122.39430551401911,37.733888864715624],[-122.39421292142646,37.73425923508627],[-122.39432866216728,37.73456016101241],[-122.39465273624158,37.73479164249406],[-122.39518514364937,37.734953679531216],[-122.39592588439066,37.735046272123874],[-122.39652773624294,37.73506942027204],[-122.39699069920626,37.735023123975715],[-122.39731477328057,37.734907383234884]]],[[[-122.39523280937179,37.717499975814825],[-122.39565818752762,37.7173147906295],[-122.39606981373713,37.71717590174052],[-122.39646768800034,37.71708330914785],[-122.39685181031727,37.71703701285152],[-122.3972221806879,37.71703701285152],[-122.39749995846589,37.71694442025886],[-122.3976851436512,37.71675923507354],[-122.39777773624387,37.716481457295565],[-122.39777773624387,37.71611108692492],[-122.3976851436512,37.71574071655428],[-122.39749995846589,37.71537034618365],[-122.3972221806879,37.71499997581301],[-122.39685181031727,37.71462960544236],[-122.39645829179847,37.71435182766439],[-122.3960416251315,37.714166642479064],[-122.39560181031636,37.714074049886406],[-122.39513884735305,37.714074049886406],[-122.3946527362416,37.714027753590074],[-122.39414347698195,37.71393516099742],[-122.39361106957415,37.713796272108425],[-122.39305551401822,37.71361108692311],[-122.39261569920308,37.713425901737786],[-122.39229162512873,37.71324071655247],[-122.39208329179526,37.71305553136715],[-122.39199069920261,37.71287034618183],[-122.39173606957279,37.71273145729283],[-122.39131940290582,37.71263886470018],[-122.3907406992017,37.71259256840385],[-122.38999995846042,37.71259256840385],[-122.38944440290446,37.71268516099651],[-122.38907403253381,37.71287034618183],[-122.3888888473485,37.713148123959805],[-122.3888888473485,37.71351849433045],[-122.3890277362375,37.71393516099742],[-122.38930551401546,37.71439812396072],[-122.38972218068244,37.71490738322035],[-122.3902777362384,37.7154629387763],[-122.39091213244073,37.71597219803593],[-122.39162536928941,37.71643516099923],[-122.39241744678449,37.716851827666204],[-122.39328836492594,37.71722219803684],[-122.39404789807097,37.7174536795185],[-122.39469604621958,37.71754627211115],[-122.39523280937179,37.717499975814825]],[[-122.39425921772278,37.716249975813916],[-122.39388884735214,37.715972198035935],[-122.39349532883334,37.71576386470245],[-122.39307866216637,37.715624975813455],[-122.39263884735124,37.71555553136896],[-122.39217588438792,37.71555553136896],[-122.39182866216545,37.715462938776305],[-122.3915971806838,37.71527775359098],[-122.39148143994298,37.71499997581301],[-122.39148143994298,37.71462960544236],[-122.39168977327645,37.71442127210888],[-122.39210643994345,37.714374975812554],[-122.3927314399439,37.71449071655338],[-122.39356477327783,37.71476849433136],[-122.39418977327827,37.71506942025751],[-122.39460643994525,37.715393494331806],[-122.39481477327874,37.71574071655428],[-122.39481477327874,37.716111086924926],[-122.39472218068607,37.71631942025841],[-122.39453699550074,37.71636571655474],[-122.39425921772278,37.716249975813916]]]]},"properties":{"zone":"fog2"}},{"type":"Feature","geometry":{"type":"MultiPolygon","coordinates":[[[[-122.44337958812903,37.74171293879539],[-122.44291662516572,37.74162034620272],[-122.44245366220242,37.74143516101741],[-122.44199069923914,37.74115738323943],[-122.44152773627583,37.74078701286879],[-122.44106477331252,37.74032404990549],[-122.44071755109005,37.73988423509036],[-122.4404860696084,37.739467568423386],[-122.44037032886757,37.73907404990459],[-122.44037032886757,37.73870367953394],[-122.44023143997859,37.7384027536078],[-122.43995366220061,37.73817127212615],[-122.43953699553364,37.738009235088995],[-122.43898143997765,37.73791664249634],[-122.43856477331069,37.73780090175551],[-122.4382869955327,37.737662012866515],[-122.43814810664372,37.737499975829365],[-122.43814810664372,37.73731479064404],[-122.43800921775474,37.73717590175505],[-122.43773143997676,37.73708330916239],[-122.4373147733098,37.73703701286606],[-122.43675921775383,37.73703701286606],[-122.43634255108685,37.73708330916239],[-122.43606477330889,37.73717590175505],[-122.43592588441989,37.73731479064404],[-122.43592588441989,37.737499975829365],[-122.43581014367906,37.737662012866515],[-122.43557866219741,37.73780090175551],[-122.43523143997494,37.73791664249634],[-122.43476847701163,37.738009235088995],[-122.43437495849282,37.737986086940836],[-122.43405088441851,37.73784719805184],[-122.43379625478869,37.73759256842202],[-122.43361106960337,37.737222198051384],[-122.43331014367723,37.73699071656973],[-122.43289347701025,37.73689812397707],[-122.43236106960246,37.7369444202734],[-122.43171292145385,37.73712960545872],[-122.43113421774973,37.73726849434772],[-122.4306249584901,37.73736108694037],[-122.43018514367496,37.7374073832367],[-122.42981477330432,37.7374073832367],[-122.42949069923,37.73749997582936],[-122.42921292145202,37.73768516101468],[-122.42898143997037,37.73796293879266],[-122.42879625478506,37.7383333091633],[-122.42879625478506,37.738657383237616],[-122.42898143997037,37.7389351610156],[-122.42935181034102,37.739166642497246],[-122.42990736589695,37.73935182768256],[-122.43046292145291,37.73960645731238],[-122.4310184770089,37.73993053138668],[-122.43157403256487,37.74032404990549],[-122.4321295881208,37.74078701286879],[-122.4326619955286,37.74127312398026],[-122.43317125478825,37.74178238323989],[-122.4336573658997,37.74231479064768],[-122.43412032886302,37.74287034620363],[-122.43428236590017,37.74340275361143],[-122.43414347701118,37.74391201287106],[-122.43370366219604,37.74439812398252],[-122.43296292145476,37.74486108694583],[-122.43243051404696,37.7452777536128],[-122.43210643997264,37.74564812398344],[-122.43199069923182,37.74597219805775],[-122.43208329182448,37.746249975835724],[-122.43231477330613,37.74643516102105],[-122.43268514367676,37.746527753613705],[-122.43319440293641,37.746527753613705],[-122.43384255108504,37.74643516102105],[-122.43435181034467,37.74643516102105],[-122.43472218071531,37.746527753613705],[-122.43495366219695,37.74671293879903],[-122.43504625478961,37.74699071657701],[-122.43546292145658,37.747384235095815],[-122.43620366219785,37.74789349435544],[-122.43726847701345,37.74851849435589],[-122.43865736590337,37.74925923509717],[-122.4396990325708,37.749907383245784],[-122.44039347701573,37.750462938801746],[-122.44074069923822,37.75092590176505],[-122.44074069923822,37.75129627213569],[-122.44069440294189,37.751620346210004],[-122.44060181034922,37.75189812398798],[-122.44046292146022,37.752129605469634],[-122.44027773627492,37.75231479065495],[-122.44013884738592,37.75259256843293],[-122.44004625479326,37.75296293880358],[-122.43999995849693,37.753425901766875],[-122.43999995849693,37.75398145732282],[-122.43993051405243,37.75446756843429],[-122.43979162516344,37.75488423510126],[-122.43958329182996,37.75523145732374],[-122.43930551405198,37.75550923510172],[-122.4390971807185,37.7557870128797],[-122.43895829182952,37.756064790657675],[-122.43888884738502,37.756342568435656],[-122.43888884738502,37.75662034621363],[-122.43907403257035,37.75692127213978],[-122.43944440294098,37.75724534621409],[-122.43999995849694,37.757592568436564],[-122.4407406992382,37.757962938807204],[-122.44150458812764,37.75826386473335],[-122.44229162516525,37.758495346215],[-122.44310181035104,37.75865738325216],[-122.443935143685,37.758749975844815],[-122.44451384738913,37.758888864733805],[-122.44483792146343,37.75907404991913],[-122.44490736590792,37.75930553140078],[-122.44472218072261,37.75958330917876],[-122.44458329183361,37.759884235104906],[-122.44449069924096,37.760208309179205],[-122.44444440294463,37.76055553140168],[-122.44444440294463,37.760925901772325],[-122.44437495850013,37.7612731239948],[-122.44423606961114,37.761597198069104],[-122.44402773627766,37.76189812399525],[-122.44374995849967,37.762175901773226],[-122.44342588442535,37.76238423510671],[-122.44305551405472,37.762523123995706],[-122.44263884738776,37.7625925684402],[-122.44217588442444,37.7625925684402],[-122.44185181035013,37.76270830918102],[-122.44166662516483,37.76293979066267],[-122.4416203288685,37.763287012885144],[-122.44171292146115,37.76374997584845],[-122.44152773627582,37.764074049922755],[-122.44106477331252,37.76425923510808],[-122.44032403257124,37.7643055314044],[-122.43930551405198,37.76421293881174],[-122.43854162516254,37.76421293881174],[-122.4380323659029,37.7643055314044],[-122.43777773627309,37.76449071658973],[-122.43777773627309,37.76476849436771],[-122.43784718071757,37.76502312399752],[-122.43798606960658,37.76525460547917],[-122.43819440294007,37.76546293881266],[-122.43847218071804,37.76564812399798],[-122.43861106960705,37.76599534622046],[-122.43861106960705,37.76650460548008],[-122.43847218071804,37.76717590177687],[-122.43819440294007,37.7680092351108],[-122.43807866219923,37.76868053140759],[-122.43812495849556,37.76918979066721],[-122.43833329182905,37.76953701288969],[-122.4387036621997,37.76972219807501],[-122.43914347701484,37.769861086964],[-122.43965273627447,37.769953679556664],[-122.44023143997859,37.76999997585299],[-122.4408795881272,37.76999997585299],[-122.44138884738683,37.769953679556664],[-122.44175921775746,37.769861086964],[-122.44199069923911,37.76972219807501],[-122.44208329183179,37.76953701288969],[-122.44229162516528,37.769374975852536],[-122.44261569923958,37.769236086963545],[-122.44305551405472,37.76912034622272],[-122.44361106961068,37.76902775363006],[-122.44407403257398,37.76888886474107],[-122.44444440294463,37.76870367955575],[-122.44472218072261,37.7684721980741],[-122.44490736590792,37.76819442029612],[-122.4452280811468,37.76796293881447],[-122.44568432643922,37.767777753629154],[-122.44627610178517,37.767638864740164],[-122.4470034071847,37.767546272147506],[-122.44750594877344,37.76733793881402],[-122.44778372655142,37.76701386473971],[-122.44783674051862,37.76657404992457],[-122.44766499067508,37.76601849436862],[-122.44755932644058,37.76550923510899],[-122.44751974781514,37.76504627214569],[-122.44754625479874,37.76462960547872],[-122.44763884739139,37.76425923510808],[-122.44777773628037,37.76388886473744],[-122.44796292146572,37.76351849436679],[-122.44819440294737,37.76314812399616],[-122.44847218072533,37.762777753625514],[-122.44886569924414,37.762546272143865],[-122.44937495850378,37.76245367955121],[-122.44999995850424,37.76249997584754],[-122.45074069924551,37.762685161032856],[-122.45129625480148,37.76287034621818],[-122.45166662517212,37.7630555314035],[-122.45185181035744,37.76324071658882],[-122.45185181035744,37.763425901774134],[-122.4519444029501,37.76363423510762],[-122.45212958813542,37.763865716589265],[-122.4524073659134,37.76412034621908],[-122.45277773628405,37.76439812399706],[-122.45324069924735,37.764606457330544],[-122.45379625480331,37.76474534621954],[-122.45444440295194,37.76481479066403],[-122.4551851436932,37.76481479066403],[-122.45581014369365,37.7647684943677],[-122.4563194029533,37.76467590177505],[-122.4567129214721,37.76453701288605],[-122.45699069925007,37.764351827700736],[-122.45731477332438,37.76421293881174],[-122.45768514369503,37.76412034621909],[-122.458101810362,37.764074049922755],[-122.4585647733253,37.764074049922755],[-122.45905088443678,37.76400460547826],[-122.4595601436964,37.763865716589265],[-122.4600925511042,37.76365738325578],[-122.46064810666016,37.76337960547781],[-122.4610879214753,37.76307867955166],[-122.46141199554961,37.762754605477355],[-122.4616203288831,37.76240738325488],[-122.46171292147577,37.762037012884235],[-122.46187495851291,37.76164349436544],[-122.46210643999456,37.761226827698465],[-122.46240736592071,37.760787012883334],[-122.46277773629134,37.76032404992003],[-122.46331014369913,37.75997682769756],[-122.46400458814409,37.75974534621591],[-122.4648610696262,37.759629605475084],[-122.46587958814546,37.759629605475084],[-122.46685181036838,37.75960645732692],[-122.46777773629499,37.75956016103059],[-122.46865736592527,37.7594907165861],[-122.46949069925921,37.759398123993435],[-122.47018514370417,37.75937497584527],[-122.47074069926013,37.759421272141594],[-122.4711573659271,37.759537012882426],[-122.47143514370507,37.75972219806774],[-122.4718055140757,37.75985732900323],[-122.47226847703901,37.75994240568889],[-122.47282403259499,37.759977428124714],[-122.47347218074361,37.7599623963107],[-122.47405088444775,37.759885435959205],[-122.47456014370738,37.75974654707021],[-122.4749999585225,37.75954572964373],[-122.47537032889313,37.75928298367976],[-122.47567125481928,37.75885444272513],[-122.47590273630092,37.75826010677985],[-122.47606477333808,37.757499975843906],[-122.47615736593075,37.756574049917305],[-122.47627310667157,37.75581016102786],[-122.47641199556057,37.75520830917557],[-122.47657403259772,37.754768494360434],[-122.47675921778304,37.75449071658246],[-122.47699069926469,37.754236086952645],[-122.47726847704267,37.754004605470996],[-122.47759255111698,37.75379627213751],[-122.47796292148762,37.75361108695219],[-122.47847218074725,37.75347219806319],[-122.47912032889587,37.75337960547054],[-122.47990736593349,37.75333330917421],[-122.48083329186008,37.75333330917421],[-122.48164347704585,37.75331016102604],[-122.4823379214908,37.75326386472972],[-122.48291662519493,37.75319442028522],[-122.48337958815826,37.75310182769256],[-122.4838194029734,37.75289349435907],[-122.48423606964036,37.75256942028477],[-122.48462958815917,37.752129605469634],[-122.4849999585298,37.75157404991367],[-122.48537032890043,37.75113423509853],[-122.48574069927108,37.75081016102422],[-122.48611106964172,37.75060182769074],[-122.48648144001235,37.75050923509808],[-122.48675921779034,37.75037034620909],[-122.48694440297567,37.75018516102377],[-122.48703699556832,37.74995367954212],[-122.48703699556832,37.74967590176414],[-122.48696755112383,37.74940204635094],[-122.48682866223483,37.749132113302515],[-122.48662032890135,37.74886610261887],[-122.48634255112337,37.7486040143],[-122.48650458816053,37.748391086877554],[-122.48710644001284,37.748227320351525],[-122.48814810668026,37.74811271472191],[-122.4896295881628,37.748047269988724],[-122.49074069927472,37.747998176165865],[-122.491481440016,37.74796543325334],[-122.49185181038665,37.747949041251154],[-122.49185181038665,37.74794900015929],[-122.491481440016,37.74796532522805],[-122.49074069927472,37.74799801645744],[-122.4896295881628,37.748047073847445],[-122.48814810668026,37.74811249739807],[-122.48692125482751,37.74801876937588],[-122.48594903260458,37.747765889780865],[-122.48523144001146,37.74735385861304],[-122.48476847704816,37.74678267587239],[-122.4842823659367,37.74628484437241],[-122.48377310667706,37.7458603641131],[-122.48324069926926,37.74550923509445],[-122.4826851437133,37.74523145731647],[-122.48226847704632,37.744976827686656],[-122.48199069926835,37.744745346205],[-122.48185181037935,37.74453701287152],[-122.48185181037935,37.744351827686195],[-122.48150458815688,37.744212938797205],[-122.48081014371192,37.74412034620454],[-122.4797684770445,37.744074049908214],[-122.47837958815458,37.744074049908214],[-122.47712958815367,37.74393516101922],[-122.47601847704175,37.74365738324124],[-122.4750462548188,37.74324071657427],[-122.4742129214849,37.74268516101832],[-122.47358792148444,37.742152753610526],[-122.47317125481746,37.741643494350896],[-122.47296292148397,37.74115738323943],[-122.47296292148397,37.74069442027613],[-122.47280088444683,37.740347198053655],[-122.47247681037251,37.74011571657201],[-122.47199069926104,37.73999997583118],[-122.47134255111243,37.73999997583118],[-122.47074069926013,37.740069420275674],[-122.47018514370417,37.74020830916467],[-122.46967588444454,37.740416642498154],[-122.46921292148123,37.74069442027613],[-122.46874995851792,37.74090275360962],[-122.46828699555464,37.7410416424986],[-122.46782403259134,37.7411110869431],[-122.46736106962803,37.7411110869431],[-122.46696755110924,37.7410416424986],[-122.46664347703492,37.74090275360962],[-122.4663888474051,37.74069442027613],[-122.46620366221978,37.740416642498154],[-122.46613421777528,37.74016201286834],[-122.46618051407161,37.73993053138669],[-122.46634255110877,37.7397221980532],[-122.46662032888673,37.739537012867885],[-122.46680551407206,37.73928238323806],[-122.46689810666471,37.73895830916376],[-122.46689810666471,37.73856479064496],[-122.46680551407206,37.738101827681646],[-122.46680551407208,37.73773145731101],[-122.46689810666474,37.73745367953303],[-122.46708329185006,37.73726849434772],[-122.46736106962803,37.73717590175505],[-122.46756940296152,37.73692127212524],[-122.4677082918505,37.736504605458265],[-122.467777736295,37.73592590175414],[-122.467777736295,37.735185161012865],[-122.4677082918505,37.73458330916058],[-122.46756940296152,37.73412034619727],[-122.46736106962803,37.733796272122966],[-122.46708329185006,37.73361108693765],[-122.46687495851657,37.733333309159676],[-122.46673606962759,37.73296293878903],[-122.46666662518308,37.73249997582573],[-122.46666662518308,37.73194442026977],[-122.4665971807386,37.731458309158306],[-122.46645829184959,37.731041642491334],[-122.4662499585161,37.73069442026886],[-122.46597218073813,37.73041664249088],[-122.46574069925647,37.73011571656474],[-122.46555551407116,37.729791642490426],[-122.46541662518216,37.72944442026795],[-122.46532403258949,37.72907404989731],[-122.4651851437005,37.72879627211933],[-122.4649999585152,37.72861108693401],[-122.46476847703354,37.72851849434135],[-122.46449069925555,37.72851849434135],[-122.46421292147758,37.72844904989685],[-122.46393514369959,37.72831016100787],[-122.4636573659216,37.72810182767438],[-122.46337958814365,37.727824049896405],[-122.46305551406934,37.72761571656292],[-122.46268514369869,37.727476827673925],[-122.46226847703173,37.72740738322943],[-122.4618055140684,37.72740738322943],[-122.46129625480876,37.727476827673925],[-122.46074069925282,37.72761571656292],[-122.46013884740053,37.727824049896405],[-122.45949069925192,37.72810182767438],[-122.45888884739962,37.72831016100787],[-122.45833329184366,37.72844904989685],[-122.45782403258403,37.72851849434135],[-122.45736106962072,37.72851849434135],[-122.45692125480558,37.72856479063768],[-122.45650458813861,37.72865738323034],[-122.45611106961981,37.72879627211933],[-122.45574069924918,37.72898145730465],[-122.45530088443405,37.729143494341805],[-122.45479162517442,37.729282383230796],[-122.45421292147029,37.72939812397162],[-122.45356477332166,37.72949071656428],[-122.45298606961752,37.729652753601435],[-122.45247681035788,37.729884235083084],[-122.45203699554276,37.73018516100923],[-122.45166662517212,37.73055553137987],[-122.45124995850514,37.73090275360235],[-122.45078699554185,37.73122682767665],[-122.45027773628223,37.7315277536028],[-122.44972218072624,37.73180553138078],[-122.44918977331845,37.73203701286243],[-122.44868051405882,37.73222219804775],[-122.44819440294737,37.73236108693674],[-122.44773143998405,37.7324536795294],[-122.44715273627992,37.73249997582573],[-122.44645829183499,37.73249997582573],[-122.4456481066492,37.7324536795294],[-122.44472218072261,37.73236108693674],[-122.44388884738868,37.73236108693674],[-122.44314810664739,37.7324536795294],[-122.44249995849876,37.73263886471472],[-122.4419444029428,37.732916642492704],[-122.44157403257215,37.73326386471518],[-122.44138884738683,37.73368053138215],[-122.44138884738683,37.73416664249361],[-122.44157403257215,37.73472219804956],[-122.44182866220197,37.73513886471653],[-122.44215273627626,37.73541664249451],[-122.44254625479508,37.735555531383504],[-122.4430092177584,37.735555531383504],[-122.44333329183272,37.735624975827996],[-122.44351847701802,37.735763864716986],[-122.44356477331435,37.73597219805047],[-122.4434721807217,37.73624997582845],[-122.44331014368453,37.7364814573101],[-122.4430786622029,37.73666664249542],[-122.44277773627674,37.73680553138441],[-122.44240736590609,37.73689812397707],[-122.4421295881281,37.73712960545872],[-122.44194440294278,37.737499975829365],[-122.44185181035013,37.738009235088995],[-122.44185181035013,37.73865738323761],[-122.44199069923911,37.73928238323806],[-122.44226847701711,37.73988423509036],[-122.44268514368407,37.74046293879448],[-122.44324069924004,37.74101849435044],[-122.44354162516618,37.74141201286925],[-122.44358792146251,37.741643494350896],[-122.44337958812903,37.74171293879539]],[[-122.45029604680512,37.759907383253065],[-122.44943687074347,37.76009256843838],[-122.44872304425274,37.760185161031046],[-122.44815456733296,37.760185161031046],[-122.44773143998407,37.76009256843838],[-122.44745366220607,37.759907383253065],[-122.4472453288726,37.75967590177141],[-122.4471064399836,37.759398123993435],[-122.44703699553911,37.75907404991912],[-122.44703699553911,37.75870367954848],[-122.44696755109462,37.758356457326],[-122.44682866220562,37.758032383251695],[-122.44662032887213,37.75773145732555],[-122.44634255109415,37.757453679547574],[-122.44601847701983,37.75724534621409],[-122.44564810664919,37.757106457325094],[-122.44523143998222,37.7570370128806],[-122.44476847701893,37.7570370128806],[-122.44430551405561,37.75692127213978],[-122.44384255109233,37.75668979065813],[-122.44337958812903,37.756342568435656],[-122.44291662516572,37.75587960547235],[-122.44261569923958,37.75539349436089],[-122.4424768103506,37.75488423510126],[-122.44249995849876,37.75435182769346],[-122.44268514368407,37.753796272137514],[-122.44282403257307,37.75310182769256],[-122.44291662516574,37.752268494358624],[-122.44296292146205,37.75129627213569],[-122.44296292146205,37.750185161023765],[-122.44275458812858,37.74932867954166],[-122.44233792146161,37.74872682768938],[-122.44171292146115,37.74837960546691],[-122.4408795881272,37.74828701287424],[-122.44011569923775,37.748078679540754],[-122.43942125479282,37.74775460546644],[-122.43879625479235,37.74731479065131],[-122.43824069923639,37.74675923509536],[-122.43775458812493,37.746226827687565],[-122.43733792145795,37.745717568427935],[-122.43699069923548,37.74523145731647],[-122.43671292145748,37.74476849435316],[-122.43650458812401,37.74432867953803],[-122.43636569923501,37.74391201287106],[-122.43629625479052,37.74351849435226],[-122.43629625479052,37.74314812398161],[-122.43624995849419,37.742747093753124],[-122.43615736590154,37.74231540366679],[-122.43601847701254,37.7418530537226],[-122.43583329182722,37.74136004392056],[-122.43578699553089,37.74090520568606],[-122.43587958812354,37.74048853901909],[-122.4361110696052,37.74011004391966],[-122.43648143997585,37.739769720387756],[-122.43687495849466,37.73951447773883],[-122.4372916251616,37.73934431597288],[-122.43773143997674,37.739259235089904],[-122.43819440294007,37.739259235089904],[-122.43856477331072,37.73937497583073],[-122.4388425510887,37.73960645731238],[-122.439027736274,37.73995367953485],[-122.43912032886665,37.74041664249815],[-122.43932866220013,37.74083330916511],[-122.43965273627447,37.74120367953576],[-122.4400925510896,37.741527753610065],[-122.44064810664554,37.741805531388046],[-122.44111106960885,37.74212960546235],[-122.4414814399795,37.742499975833],[-122.44175921775746,37.742916642499964],[-122.44194440294281,37.74337960546326],[-122.44224532886895,37.743703679537575],[-122.44266199553593,37.74388886472289],[-122.44319440294372,37.74393516101922],[-122.44384255109232,37.743842568426565],[-122.4443749585001,37.74388886472289],[-122.44479162516708,37.744074049908214],[-122.44509255109324,37.74439812398252],[-122.44527773627857,37.74486108694583],[-122.44555551405655,37.745208309168305],[-122.4459258844272,37.745439790649954],[-122.4463888473905,37.74555553139078],[-122.44694440294644,37.74555553139078],[-122.4474305140579,37.74546293879812],[-122.44784718072489,37.7452777536128],[-122.44819440294737,37.744999975834816],[-122.44847218072533,37.744629605464176],[-122.44858792146616,37.74425923509354],[-122.44854162516984,37.74388886472289],[-122.44833329183635,37.74351849435226],[-122.44796292146572,37.74314812398161],[-122.44761569924324,37.74287034620364],[-122.44729162516893,37.742685161018315],[-122.44699069924278,37.74259256842566],[-122.44671292146481,37.74259256842566],[-122.44648143998315,37.742476827684825],[-122.44629625479783,37.74224534620318],[-122.44615736590883,37.741898123980704],[-122.44606477331617,37.74143516101741],[-122.44587958813085,37.74101849435044],[-122.44560181035285,37.740648123979796],[-122.44523143998222,37.74032404990549],[-122.44476847701893,37.74004627212751],[-122.44435181035195,37.739837938794025],[-122.44398143998131,37.739699049905035],[-122.443657365907,37.73962960546054],[-122.44337958812903,37.73962960546054],[-122.44317125479554,37.73951386471971],[-122.44303236590656,37.73928238323806],[-122.44296292146205,37.73893516101559],[-122.44296292146205,37.73847219805229],[-122.44310181035105,37.73810182768165],[-122.44337958812903,37.73782404990367],[-122.443796254796,37.73763886471835],[-122.44435181035196,37.7375462721257],[-122.4447916251671,37.737291642495876],[-122.44511569924141,37.73687497582891],[-122.4453240325749,37.73629627212478],[-122.44541662516757,37.735555531383504],[-122.44560181035288,37.735046272123874],[-122.44587958813088,37.73476849434589],[-122.44624995850151,37.73472219804957],[-122.44671292146481,37.734907383234884],[-122.44708329183545,37.73513886471654],[-122.44736106961344,37.73541664249451],[-122.44754625479874,37.73574071656882],[-122.44763884739139,37.73611108693947],[-122.44784718072486,37.736342568421115],[-122.4481712547992,37.73643516101377],[-122.44861106961434,37.73638886471744],[-122.44916662517028,37.736203679532125],[-122.44960643998542,37.73592590175414],[-122.44993051405976,37.7355555313835],[-122.45013884739323,37.7350925684202],[-122.45023143998588,37.73453701286425],[-122.4506944029492,37.73412034619728],[-122.45152773628313,37.7338425684193],[-122.45273143998772,37.73370367953031],[-122.45430551406294,37.73370367953031],[-122.45560181036018,37.73368053138214],[-122.45662032887944,37.733634235085816],[-122.45736106962072,37.73356479064132],[-122.45782403258403,37.73347219804866],[-122.45821755110283,37.733287012863336],[-122.45854162517713,37.73300923508536],[-122.45879625480694,37.73263886471472],[-122.45898143999229,37.73217590175142],[-122.45921292147393,37.731828679528945],[-122.45949069925192,37.7315971980473],[-122.45981477332622,37.73148145730647],[-122.46018514369686,37.73148145730647],[-122.4605555140675,37.731527753602805],[-122.46092588443813,37.731620346195456],[-122.46129625480877,37.73175923508445],[-122.46166662517942,37.73194442026977],[-122.46199069925373,37.732175901751425],[-122.46226847703171,37.7324536795294],[-122.46249995851336,37.732777753603706],[-122.46268514369868,37.73314812397435],[-122.46282403258768,37.73351849434499],[-122.46291662518034,37.733888864715624],[-122.46296292147667,37.73425923508626],[-122.46296292147667,37.73462960545691],[-122.46289347703218,37.73493053138305],[-122.46275458814318,37.7351620128647],[-122.4625462548097,37.735324049901855],[-122.46226847703173,37.73541664249451],[-122.4620832918464,37.73571756842066],[-122.46199069925373,37.73622682768029],[-122.46199069925373,37.7369444202734],[-122.4620832918464,37.737870346200005],[-122.46210643999457,37.73858793879312],[-122.46206014369822,37.73909719805275],[-122.4619444029574,37.739398123978894],[-122.46175921777208,37.73949071657155],[-122.46143514369777,37.73956016101605],[-122.46097218073447,37.73960645731238],[-122.46037032888218,37.73962960546054],[-122.4596295881409,37.73962960546054],[-122.4590277362886,37.73974534620137],[-122.4585647733253,37.739976827683016],[-122.45824069925101,37.74032404990549],[-122.45805551406566,37.74078701286879],[-122.45805551406566,37.741134235091266],[-122.45824069925101,37.741365716572915],[-122.45861106962164,37.74148145731374],[-122.4591666251776,37.74148145731374],[-122.4596990325854,37.74162034620273],[-122.46020829184502,37.74189812398071],[-122.46069440295649,37.74231479064768],[-122.4611573659198,37.74287034620363],[-122.46138884740145,37.74337960546326],[-122.46138884740145,37.74384256842656],[-122.4611573659198,37.74425923509354],[-122.46069440295649,37.744629605464176],[-122.46018514369686,37.74490738324216],[-122.4596295881409,37.74509256842748],[-122.4590277362886,37.74518516102014],[-122.45837958813999,37.74518516102014],[-122.45782403258403,37.7452777536128],[-122.45736106962072,37.74546293879812],[-122.45699069925007,37.745740716576094],[-122.4567129214721,37.74611108694674],[-122.45659718073128,37.74641201287288],[-122.4566434770276,37.74664349435453],[-122.45685181036109,37.746805531391686],[-122.45722218073173,37.74689812398435],[-122.45749995850971,37.7470601610215],[-122.45768514369503,37.74729164250315],[-122.4577777362877,37.7475925684293],[-122.4577777362877,37.74796293879993],[-122.4577082918432,37.74828701287424],[-122.4575694029542,37.74856479065222],[-122.45736106962072,37.74879627213387],[-122.45708329184274,37.74898145731919],[-122.45673606962026,37.749143494356346],[-122.4563194029533,37.74928238324534],[-122.45583329184183,37.74939812398616],[-122.45527773628586,37.74949071657882],[-122.4548610696189,37.74969904991231],[-122.4545832918409,37.75002312398661],[-122.45444440295192,37.750462938801746],[-122.45444440295192,37.75101849435771],[-122.45453699554457,37.75143516102468],[-122.4547221807299,37.75171293880266],[-122.45499995850788,37.75185182769165],[-122.45537032887853,37.75185182769165],[-122.45571755110102,37.751921272136144],[-122.45604162517533,37.75206016102514],[-122.45634255110147,37.752268494358624],[-122.45662032887944,37.752546272136605],[-122.45706014369458,37.75275460547009],[-122.45766199554686,37.75289349435908],[-122.45842588443631,37.75296293880357],[-122.45935181036293,37.75296293880357],[-122.4601619955487,37.75303238324807],[-122.46085643999365,37.75317127213705],[-122.46143514369777,37.75337960547054],[-122.46189810666108,37.753657383248516],[-122.4621527362909,37.75407404991549],[-122.46219903258722,37.75462960547145],[-122.46203699555006,37.755324049916396],[-122.46166662517942,37.75615738325033],[-122.46143514369776,37.756874975843445],[-122.4613425511051,37.75747682769574],[-122.46138884740144,37.757962938807204],[-122.46157403258675,37.75833330917784],[-122.46162032888309,37.75863423510399],[-122.46152773629044,37.75886571658564],[-122.46129625480879,37.759027753622796],[-122.46092588443814,37.759120346215454],[-122.460624958512,37.7593518276971],[-122.46039347703035,37.75972219806775],[-122.4602314399932,37.76023145732737],[-122.46013884740053,37.76087960547599],[-122.45983792147439,37.76136571658745],[-122.45932866221476,37.76168979066176],[-122.45861106962164,37.76185182769892],[-122.45768514369504,37.76185182769892],[-122.45696755110191,37.76192127214341],[-122.45645829184227,37.76206016103241],[-122.45615736591613,37.76226849436589],[-122.45606477332348,37.76254627214387],[-122.45590273628633,37.762731457329195],[-122.45567125480468,37.762824049921846],[-122.45537032887853,37.762824049921846],[-122.45499995850788,37.76273145732918],[-122.45469903258173,37.762546272143865],[-122.4544675511001,37.76226849436589],[-122.45430551406294,37.76189812399525],[-122.45421292147027,37.76143516103195],[-122.45402773628496,37.761087938809474],[-122.45374995850699,37.760856457327826],[-122.45337958813634,37.760740716587],[-122.45291662517303,37.760740716587],[-122.45252956733614,37.7606712721425],[-122.45221841462569,37.76053238325352],[-122.45198316704165,37.76032404992003],[-122.45182382458401,37.760046272142056],[-122.45148952372537,37.7598842351049],[-122.45098026446576,37.759837938808566],[-122.45029604680512,37.759907383253065]],[[-122.44050921775656,37.76833330918512],[-122.44060181034922,37.76796293881447],[-122.44074069923822,37.767615716592],[-122.44092588442354,37.76729164251769],[-122.44115736590518,37.76699071659154],[-122.44143514368317,37.76671293881356],[-122.44171292146115,37.76652775362824],[-122.44199069923911,37.76643516103559],[-122.44226847701711,37.76643516103559],[-122.44254625479508,37.76652775362825],[-122.44268514368409,37.7666897906654],[-122.44268514368409,37.76692127214705],[-122.44254625479508,37.7672221980732],[-122.44226847701711,37.76759256844383],[-122.44196755109095,37.767916642518145],[-122.44164347701664,37.76819442029612],[-122.44129625479417,37.768425901777775],[-122.44092588442354,37.76861108696309],[-122.44067125479373,37.76865738325942],[-122.44053236590472,37.768564790666765],[-122.44050921775656,37.76833330918512]],[[-122.47152773629774,37.7574999758439],[-122.47106477333443,37.75731479065858],[-122.47067125481563,37.757106457325094],[-122.47034718074133,37.756874975843445],[-122.47009255111152,37.75662034621363],[-122.46990736592619,37.756342568435656],[-122.46960644000005,37.75611108695401],[-122.46918977333306,37.755925901768684],[-122.46865736592527,37.75578701287969],[-122.46800921777665,37.75569442028703],[-122.46745366222069,37.75553238324988],[-122.46699069925738,37.75530090176823],[-122.46662032888673,37.75499997584208],[-122.46634255110877,37.75462960547145],[-122.46606477333079,37.75435182769347],[-122.46578699555279,37.754166642508146],[-122.46550921777481,37.75407404991549],[-122.46523143999684,37.75407404991549],[-122.46486106962621,37.75391201287833],[-122.46439810666291,37.753587938804024],[-122.46384255110695,37.75310182769256],[-122.46319440295832,37.75245367954394],[-122.46268514369868,37.75180553139532],[-122.46231477332805,37.751157383246706],[-122.4620832918464,37.75050923509808],[-122.46199069925373,37.749861086949466],[-122.46182866221658,37.749351827689836],[-122.46159718073494,37.74898145731919],[-122.46129625480879,37.74874997583754],[-122.46092588443814,37.748657383244876],[-122.46064810666016,37.74851849435589],[-122.46046292147484,37.74833330917057],[-122.46037032888218,37.74810182768892],[-122.46037032888218,37.747824049910946],[-122.46050921777118,37.74747682768847],[-122.46078699554914,37.7470601610215],[-122.46120366221612,37.74657404991004],[-122.46175921777208,37.746018494354075],[-122.46263884740236,37.7456018276871],[-122.46384255110695,37.74532404990913],[-122.46537032888584,37.74518516102014],[-122.46722218073904,37.74518516102014],[-122.46868051407344,37.745231457316464],[-122.46974532888903,37.74532404990913],[-122.47041662518582,37.74546293879812],[-122.4706944029638,37.745648123983436],[-122.47104162518627,37.745995346205916],[-122.47145829185324,37.74650460546554],[-122.47194440296471,37.747175901762326],[-122.47249995852067,37.74800923509626],[-122.47291662518764,37.74874997583754],[-122.47319440296563,37.74939812398616],[-122.47333329185462,37.749953679542116],[-122.47333329185462,37.750416642505414],[-122.47328699555828,37.75078701287605],[-122.47319440296562,37.751064790654034],[-122.47305551407663,37.75124997583936],[-122.4728703288913,37.75134256843202],[-122.47273144000232,37.751666642506336],[-122.47263884740967,37.7522221980623],[-122.47259255111334,37.7530092350999],[-122.47259255111334,37.754027753619155],[-122.47256940296518,37.75493053139759],[-122.47252310666885,37.7557175684352],[-122.47245366222435,37.75638886473199],[-122.47236106963169,37.75694442028794],[-122.47217588444636,37.75731479065858],[-122.47189810666839,37.7574999758439],[-122.47152773629774,37.7574999758439]],[[-122.45694440295375,37.75060182769074],[-122.45638884739779,37.75050923509808],[-122.45599532887898,37.750393494357255],[-122.45576384739732,37.750254605468264],[-122.45569440295283,37.75009256843111],[-122.45578699554551,37.74990738324579],[-122.455995328879,37.749745346208634],[-122.4563194029533,37.74960645731964],[-122.45675921776844,37.74949071657882],[-122.4573147733244,37.74939812398616],[-122.4577082918432,37.74942127213433],[-122.45793977332487,37.74956016102331],[-122.45800921776936,37.749814790653126],[-122.45791662517668,37.75018516102377],[-122.45770829184319,37.75043979065359],[-122.45738421776889,37.75057867954257],[-122.45694440295375,37.75060182769074]]],[[[-122.47374995852158,37.796527753650054],[-122.47402773629958,37.79643516105739],[-122.47439810667021,37.7963657166129],[-122.47486106963352,37.79631942031657],[-122.47541662518948,37.796296272168405],[-122.47606477333808,37.796296272168405],[-122.47650458815322,37.79620367957575],[-122.47673606963488,37.796018494390424],[-122.47675921778304,37.79574071661244],[-122.47657403259772,37.79537034624181],[-122.47622681037524,37.795115716611996],[-122.4757175511156,37.794976827723],[-122.4750462548188,37.79495367957483],[-122.4742129214849,37.7950462721675],[-122.47361106963261,37.795208309204654],[-122.47324069926196,37.7954397906863],[-122.47310181037297,37.79574071661244],[-122.47319440296563,37.79611108698309],[-122.47333329185463,37.7963657166129],[-122.47351847703993,37.796504605501895],[-122.47374995852158,37.796527753650054]]],[[[-122.44523145688046,37.792361086980364],[-122.44575615950434,37.792453679573015],[-122.44614969148738,37.792523124017514],[-122.44641205282957,37.792569420313846],[-122.44654324353093,37.79259256846201],[-122.44654326359142,37.79259256846201],[-122.44657413500286,37.792499975869355],[-122.44663585776523,37.79231479068403],[-122.44672843187853,37.79203701290605],[-122.44685185734275,37.79166664253541],[-122.44678238940378,37.79145830920192],[-122.44652002806157,37.791412012905596],[-122.44606477331617,37.79152775364642],[-122.44541662516757,37.791805531424394],[-122.44506168971208,37.79203701290605],[-122.4449999669497,37.792222198091366],[-122.44523145688046,37.792361086980364]]],[[[-122.41196840601208,37.71999997581664],[-122.4123662121833,37.71999997581664],[-122.41271086310806,37.71993053137214],[-122.41300235878633,37.71979164248316],[-122.41324069921812,37.71958330914967],[-122.41342588440347,37.719305531371695],[-122.41370366218143,37.71914349433454],[-122.41407403255208,37.719097198038206],[-122.41453699551538,37.719166642482705],[-122.41509255107133,37.71935182766802],[-122.41560181033097,37.71949071655702],[-122.41606477329425,37.71958330914967],[-122.41648143996123,37.719629605446],[-122.41685181033188,37.719629605446],[-122.41715273625803,37.71972219803866],[-122.41738421773968,37.71990738322398],[-122.41754625477684,37.72018516100196],[-122.4176388473695,37.720555531372604],[-122.41784718070299,37.72087960544691],[-122.41817125477729,37.721157383224885],[-122.41861106959243,37.72138886470654],[-122.41916662514838,37.721574049891856],[-122.4196064399635,37.7219444202625],[-122.41993051403784,37.722499975818465],[-122.42013884737132,37.723240716559744],[-122.42023143996397,37.72416664248634],[-122.42048606959379,37.72495367952395],[-122.42090273626076,37.72560182767256],[-122.4214814399649,37.72611108693219],[-122.42222218070617,37.72648145730284],[-122.42289347700296,37.72675923508081],[-122.42349532885525,37.726944420266136],[-122.42402773626304,37.727037012858794],[-122.42449069922635,37.727037012858794],[-122.42490736589332,37.72699071656246],[-122.42527773626396,37.726898123969804],[-122.42560181033828,37.72675923508081],[-122.42587958811626,37.7265740498955],[-122.42615736589423,37.72629627211752],[-122.42643514367221,37.725925901746876],[-122.42671292145019,37.72546293878358],[-122.42699069922816,37.72490738322762],[-122.42719903256165,37.72439812396799],[-122.42733792145064,37.72393516100469],[-122.42740736589514,37.72351849433772],[-122.42740736589514,37.72314812396708],[-122.42733792145064,37.722824049892765],[-122.42719903256165,37.72254627211479],[-122.42699069922816,37.722314790633135],[-122.42671292145019,37.72212960544782],[-122.42648143996854,37.72175923507717],[-122.42629625478324,37.721203679521224],[-122.42615736589424,37.720462938779946],[-122.42606477330158,37.71953701285334],[-122.42611106959791,37.718819420260225],[-122.42629625478322,37.7183101610006],[-122.42662032885752,37.718009235074454],[-122.42708329182084,37.717916642481796],[-122.42743051404331,37.71780090174097],[-122.42766199552494,37.717662012851974],[-122.42777773626578,37.717499975814825],[-122.42777773626578,37.7173147906295],[-122.42768514367312,37.71710645729602],[-122.4274999584878,37.71687497581436],[-122.42722218070982,37.71662034618455],[-122.42685181033919,37.71634256840657],[-122.42645829182038,37.71618053136941],[-122.42604162515342,37.716134235073085],[-122.42560181033828,37.716203679517584],[-122.42513884737497,37.7163888647029],[-122.42469903255983,37.71652775359189],[-122.42428236589286,37.716620346184556],[-122.42388884737406,37.71666664248088],[-122.42351847700341,37.71666664248088],[-122.42317125478094,37.71671293877721],[-122.42284718070663,37.71680553136987],[-122.42254625478049,37.71694442025886],[-122.42226847700249,37.717129605444185],[-122.42168977329837,37.717268494333176],[-122.42081014366809,37.717361086925834],[-122.41962958811168,37.71740738322217],[-122.41814810662912,37.71740738322217],[-122.4168981066282,37.717384235074],[-122.41587958810894,37.71733793877767],[-122.41509255107133,37.71726849433317],[-122.41453699551538,37.71717590174052],[-122.41400458810759,37.71715275359235],[-122.41349532884794,37.71719904988868],[-122.41300921773649,37.7173147906295],[-122.41254625477318,37.717499975814825],[-122.41203699551355,37.717638864703815],[-122.41148143995758,37.71773145729648],[-122.41087958810529,37.717777753592806],[-122.41023143995668,37.717777753592806],[-122.40965273625255,37.717870346185464],[-122.40914347699292,37.71805553137079],[-122.40870366217779,37.71833330914876],[-122.40833329180714,37.71870367951941],[-122.40805551402914,37.719027753593714],[-122.40787032884383,37.719305531371695],[-122.40777773625118,37.719537012853344],[-122.40777773625118,37.71972219803866],[-122.40800235878267,37.71986108692765],[-122.40845160384569,37.71995367952031],[-122.40912547144019,37.71999997581664],[-122.4100239615662,37.71999997581664],[-122.41079728070352,37.71999997581664],[-122.41144542885215,37.71999997581664],[-122.41196840601208,37.71999997581664]]],[[[-122.44013884738592,37.70827745502487],[-122.4350462547896,37.70829744069419],[-122.4312036621942,37.70839381658622],[-122.42861106959973,37.708566582700946],[-122.42726847700615,37.70881573903838],[-122.42717588441349,37.70914128559853],[-122.42719903256165,37.70938544551863],[-122.42733792145064,37.709548218798695],[-122.42759255108047,37.70962960543873],[-122.42796292145111,37.70962960543873],[-122.42831014367358,37.7095833091424],[-122.42863421774788,37.70949071654974],[-122.42893514367404,37.70935182766075],[-122.429212921452,37.70916664247543],[-122.42974532885981,37.70902775358644],[-122.43053236589742,37.708935160993775],[-122.43157403256484,37.70888886469745],[-122.43287032886211,37.70888886469745],[-122.43388884738137,37.708935160993775],[-122.43462958812265,37.70902775358644],[-122.43509255108594,37.70916664247543],[-122.43527773627126,37.70935182766075],[-122.4356481066419,37.7095833091424],[-122.43620366219784,37.70986108692038],[-122.43694440293913,37.71018516099469],[-122.43787032886576,37.71055553136533],[-122.43872681034786,37.71083330914331],[-122.43951384738547,37.711018494328634],[-122.44023143997859,37.71111108692129],[-122.4408795881272,37.71111108692129],[-122.44141199553499,37.711018494328634],[-122.44182866220197,37.71083330914331],[-122.44212958812811,37.71055553136533],[-122.44231477331343,37.71018516099469],[-122.44277773627674,37.709821000159344],[-122.44351847701802,37.70946304885929],[-122.44453699553728,37.70911130709454],[-122.44583329183453,37.70876577486507],[-122.44553236590838,37.70851162211031],[-122.44363421775884,37.70834884883024],[-122.44013884738592,37.70827745502487]]],[[[-122.46374995851428,37.708208412070846],[-122.4625462548097,37.708210255003266],[-122.46173606962392,37.70830017382988],[-122.46131940295695,37.7084781685507],[-122.46129625480877,37.70874423916571],[-122.46166662517942,37.70909838567492],[-122.46206014369824,37.70936399555683],[-122.4624768103652,37.70954106881143],[-122.46291662518033,37.70962960543873],[-122.46337958814364,37.70962960543873],[-122.46381940295876,37.70954060807832],[-122.46423606962574,37.709362613357506],[-122.46462958814456,37.70909562127628],[-122.4649999585152,37.70873963183465],[-122.46497681036702,37.70847310048654],[-122.46456014370006,37.70829602723194],[-122.46374995851428,37.708208412070846]]],[[[-122.46560181036747,37.79486108698218],[-122.46587958814546,37.79439812401888],[-122.46599532888628,37.79398145735192],[-122.46594903258995,37.79361108698127],[-122.46574069925647,37.793287012906966],[-122.46537032888584,37.793009235128984],[-122.46497681036703,37.7928009017955],[-122.46456014370007,37.792662012906504],[-122.46412032888493,37.79259256846201],[-122.46365736592162,37.79259256846201],[-122.46331014369915,37.79268516105467],[-122.4630786622175,37.792870346239994],[-122.46296292147667,37.79314812401797],[-122.46296292147667,37.793518494388614],[-122.46310181036566,37.79388886475925],[-122.46337958814365,37.794259235129886],[-122.46379625481062,37.794629605500525],[-122.46435181036657,37.79499997587117],[-122.46483792147804,37.79516201290832],[-122.465254588145,37.795115716611996],[-122.46560181036747,37.79486108698218]]],[[[-122.50106477335635,37.785231457345546],[-122.50152773631966,37.78476849438225],[-122.50194440298662,37.78439812401161],[-122.50231477335727,37.78412034623363],[-122.50263884743158,37.783935161048305],[-122.50291662520956,37.78384256845564],[-122.50310181039488,37.783657383270324],[-122.50319440298755,37.78337960549235],[-122.50319440298755,37.78300923512171],[-122.50310181039488,37.782546272158406],[-122.50277773632057,37.78219904993593],[-122.5022221807646,37.781967568454284],[-122.501435143727,37.78185182771346],[-122.50041662520773,37.78185182771346],[-122.49967588446646,37.781967568454284],[-122.49921292150314,37.78219904993593],[-122.49902773631783,37.782546272158406],[-122.49912032891048,37.78300923512171],[-122.49916662520681,37.783495346233174],[-122.49916662520681,37.784004605492804],[-122.49912032891048,37.7845370129006],[-122.49902773631783,37.785092568456555],[-122.49905088446599,37.78550923512353],[-122.49918977335498,37.78578701290151],[-122.49944440298479,37.7859259017905],[-122.49981477335544,37.7859259017905],[-122.50020829187424,37.78581016104967],[-122.50062495854121,37.78557867956802],[-122.50106477335635,37.785231457345546]]],[[[-122.4527314399877,37.77930553141532],[-122.45282403258038,37.778842568452006],[-122.45277773628405,37.77849534622953],[-122.45259255109873,37.778263864747885],[-122.45226847702442,37.77814812400706],[-122.4518055140611,37.77814812400706],[-122.45138884739414,37.77821756845155],[-122.4510184770235,37.77835645734055],[-122.45069440294918,37.77856479067403],[-122.45041662517121,37.77884256845201],[-122.45025458813406,37.77909719808183],[-122.45020829183771,37.77932867956348],[-122.4502777362822,37.77953701289697],[-122.45046292146755,37.77972219808228],[-122.45071755109737,37.77986108697128],[-122.45104162517165,37.77995367956393],[-122.45143514369046,37.779999975860264],[-122.45189810665377,37.779999975860264],[-122.4522684770244,37.77988423511944],[-122.45254625480237,37.77965275363779],[-122.4527314399877,37.77930553141532]]],[[[-122.43175921775017,37.756851827695286],[-122.43194440293549,37.75648145732464],[-122.43203699552815,37.75615738325033],[-122.43203699552815,37.75587960547236],[-122.43194440293549,37.7556481239907],[-122.43175921775017,37.75546293880539],[-122.43150458812035,37.755347198064555],[-122.43118051404605,37.75530090176823],[-122.43078699552724,37.755324049916396],[-122.43032403256393,37.75541664250906],[-122.42997681034146,37.755555531398045],[-122.42974532885981,37.75574071658337],[-122.42962958811898,37.75597219806502],[-122.42962958811898,37.75624997584299],[-122.42974532885981,37.756504605472806],[-122.42997681034146,37.756736086954454],[-122.43032403256393,37.756944420287944],[-122.43078699552724,37.75712960547326],[-122.43118051404605,37.75717590176959],[-122.43150458812035,37.757083309176934],[-122.43175921775017,37.756851827695286]]],[[[-122.43620366219787,37.75597219806501],[-122.43638884738318,37.75550923510171],[-122.43648143997585,37.75509256843475],[-122.43648143997585,37.7547221980641],[-122.43638884738318,37.754398123989795],[-122.43620366219787,37.75412034621181],[-122.43599532886438,37.75391201287833],[-122.43576384738273,37.75377312398934],[-122.43550921775292,37.75370367954485],[-122.43523143997493,37.75370367954485],[-122.43502310664144,37.75381942028567],[-122.43488421775245,37.75405090176732],[-122.43481477330796,37.754398123989795],[-122.43481477330796,37.7548610869531],[-122.43488421775245,37.755277753620064],[-122.43502310664144,37.75564812399071],[-122.43523143997493,37.75597219806502],[-122.43550921775292,37.75624997584299],[-122.43576384738273,37.756342568435656],[-122.43599532886438,37.75624997584299],[-122.43620366219787,37.75597219806501]]],[[[-122.41601847699793,37.74351849435226],[-122.4165740325539,37.74314812398161],[-122.4169675510727,37.742824049907306],[-122.41719903255436,37.742546272129324],[-122.41726847699886,37.742314790647676],[-122.41717588440618,37.74212960546236],[-122.41696755107269,37.74199071657337],[-122.41664347699839,37.74189812398071],[-122.41620366218325,37.74185182768438],[-122.41564810662729,37.74185182768438],[-122.41513884736766,37.74192127212888],[-122.41467588440437,37.74206016101786],[-122.4142592177374,37.74226849435135],[-122.41388884736675,37.742546272129324],[-122.41372681032959,37.742824049907306],[-122.41377310662594,37.74310182768529],[-122.41402773625575,37.74337960546327],[-122.41449069921904,37.74365738324124],[-122.41497681033051,37.743773123982066],[-122.41548606959014,37.74372682768574],[-122.41601847699793,37.74351849435226]]],[[[-122.4530092177657,37.72083330915058],[-122.45328699554366,37.72064812396526],[-122.45388884739597,37.72046293877994],[-122.45481477332257,37.72027775359462],[-122.45606477332348,37.7200925684093],[-122.4576388473987,37.71990738322398],[-122.45891199554777,37.71981479063132],[-122.4598842177707,37.71981479063132],[-122.46055551406751,37.71990738322398],[-122.46092588443814,37.7200925684093],[-122.46136569925328,37.7202314572983],[-122.46187495851292,37.72032404989095],[-122.46245366221704,37.72037034618728],[-122.46310181036564,37.72037034618728],[-122.46368051406978,37.72030090174279],[-122.46418977332942,37.72016201285379],[-122.46462958814456,37.71995367952031],[-122.4649999585152,37.719675901742335],[-122.46541662518216,37.719467568408845],[-122.46587958814547,37.71932867951986],[-122.4663888474051,37.71925923507536],[-122.46694440296106,37.71925923507536],[-122.46745366222069,37.71921293877904],[-122.46791662518399,37.71912034618637],[-122.46833329185097,37.71898145729738],[-122.46870366222161,37.718796272112066],[-122.4689814399996,37.71854164248225],[-122.4691666251849,37.71821756840794],[-122.46925921777756,37.71782404988913],[-122.46925921777756,37.717361086925834],[-122.46912032888858,37.716921272110696],[-122.46884255111058,37.71650460544373],[-122.4684258844436,37.716111086924926],[-122.46787032888767,37.71574071655428],[-122.46729162518353,37.71548608692447],[-122.46668977333124,37.715347198035474],[-122.46606477333077,37.715324049887315],[-122.46541662518216,37.71541664247997],[-122.46462958814455,37.71548608692447],[-122.46370366221797,37.7155323832208],[-122.46263884740236,37.71555553136896],[-122.46143514369778,37.71555553136896],[-122.46046292147486,37.7155323832208],[-122.45972218073356,37.71548608692447],[-122.45921292147392,37.71541664247997],[-122.45893514369595,37.715324049887315],[-122.4585647733253,37.715254605442816],[-122.458101810362,37.71520830914649],[-122.45754625480603,37.715185160998324],[-122.45689810665742,37.715185160998324],[-122.45634255110147,37.715138864702],[-122.45587958813817,37.71504627210933],[-122.45550921776751,37.71490738322034],[-122.45523143998955,37.71472219803503],[-122.45483792147073,37.714606457294195],[-122.45432866221108,37.71456016099787],[-122.45370366221064,37.714583309146036],[-122.45296292146935,37.7146759017387],[-122.45240736591339,37.71490738322035],[-122.45203699554276,37.71527775359098],[-122.45185181035744,37.71578701285061],[-122.45185181035744,37.71643516099924],[-122.45173606961662,37.71694442025887],[-122.45150458813497,37.7173147906295],[-122.4511573659125,37.71754627211115],[-122.45069440294918,37.717638864703815],[-122.45037032887487,37.717777753592806],[-122.45018514368957,37.71796293877813],[-122.45013884739323,37.71819442025978],[-122.45023143998588,37.71847219803775],[-122.45039347702304,37.71872682766757],[-122.45062495850469,37.718958309149215],[-122.45092588443084,37.719166642482705],[-122.45129625480148,37.71935182766802],[-122.45162032887579,37.71958330914968],[-122.45189810665377,37.71986108692765],[-122.45212958813542,37.72018516100196],[-122.45231477332074,37.720555531372604],[-122.45252310665421,37.72078701285425],[-122.45275458813586,37.72087960544691],[-122.4530092177657,37.72083330915058]]],[[[-122.39481477327874,37.716111086924926],[-122.39481477327874,37.71574071655428],[-122.39460643994525,37.715393494331806],[-122.39418977327827,37.71506942025751],[-122.39356477327783,37.71476849433136],[-122.3927314399439,37.71449071655338],[-122.39210643994345,37.714374975812554],[-122.39168977327645,37.71442127210888],[-122.39148143994298,37.71462960544236],[-122.39148143994298,37.71499997581301],[-122.3915971806838,37.71527775359098],[-122.39182866216545,37.715462938776305],[-122.39217588438792,37.71555553136896],[-122.39263884735124,37.71555553136896],[-122.39307866216637,37.715624975813455],[-122.39349532883334,37.71576386470245],[-122.39388884735214,37.715972198035935],[-122.39425921772278,37.716249975813916],[-122.39453699550074,37.71636571655474],[-122.39472218068607,37.71631942025841],[-122.39481477327874,37.716111086924926]]]]},"properties":{"zone":"fog3"}},{"type":"Feature","geometry":{"type":"MultiPolygon","coordinates":[[[[-122.45182382458401,37.760046272142056],[-122.45198316704165,37.76032404992003],[-122.45221841462569,37.76053238325352],[-122.45252956733614,37.7606712721425],[-122.45291662517303,37.760740716587],[-122.45337958813634,37.760740716587],[-122.45374995850699,37.760856457327826],[-122.45402773628496,37.761087938809474],[-122.45421292147027,37.76143516103195],[-122.45430551406294,37.76189812399525],[-122.4544675511001,37.76226849436589],[-122.45469903258173,37.762546272143865],[-122.45499995850788,37.76273145732918],[-122.45537032887853,37.762824049921846],[-122.45567125480468,37.762824049921846],[-122.45590273628633,37.762731457329195],[-122.45606477332348,37.76254627214387],[-122.45615736591613,37.76226849436589],[-122.45645829184227,37.76206016103241],[-122.45696755110191,37.76192127214341],[-122.45768514369504,37.76185182769892],[-122.45861106962164,37.76185182769892],[-122.45932866221476,37.76168979066176],[-122.45983792147439,37.76136571658745],[-122.46013884740053,37.76087960547599],[-122.4602314399932,37.76023145732737],[-122.46039347703035,37.75972219806775],[-122.460624958512,37.7593518276971],[-122.46092588443814,37.759120346215454],[-122.46129625480879,37.759027753622796],[-122.46152773629044,37.75886571658564],[-122.46162032888309,37.75863423510399],[-122.46157403258675,37.75833330917784],[-122.46138884740144,37.757962938807204],[-122.4613425511051,37.75747682769574],[-122.46143514369776,37.756874975843445],[-122.46166662517942,37.75615738325033],[-122.46203699555006,37.755324049916396],[-122.46219903258722,37.75462960547145],[-122.4621527362909,37.75407404991549],[-122.46189810666108,37.753657383248516],[-122.46143514369777,37.75337960547054],[-122.46085643999365,37.75317127213705],[-122.4601619955487,37.75303238324807],[-122.45935181036293,37.75296293880357],[-122.45842588443631,37.75296293880357],[-122.45766199554686,37.75289349435908],[-122.45706014369458,37.75275460547009],[-122.45662032887944,37.752546272136605],[-122.45634255110147,37.752268494358624],[-122.45604162517533,37.75206016102514],[-122.45571755110102,37.751921272136144],[-122.45537032887853,37.75185182769165],[-122.45499995850788,37.75185182769165],[-122.4547221807299,37.75171293880266],[-122.45453699554457,37.75143516102468],[-122.45444440295192,37.75101849435771],[-122.45444440295192,37.750462938801746],[-122.4545832918409,37.75002312398661],[-122.4548610696189,37.74969904991231],[-122.45527773628586,37.74949071657882],[-122.45583329184183,37.74939812398616],[-122.4563194029533,37.74928238324534],[-122.45673606962026,37.749143494356346],[-122.45708329184274,37.74898145731919],[-122.45736106962072,37.74879627213387],[-122.4575694029542,37.74856479065222],[-122.4577082918432,37.74828701287424],[-122.4577777362877,37.74796293879993],[-122.4577777362877,37.7475925684293],[-122.45768514369503,37.74729164250315],[-122.45749995850971,37.7470601610215],[-122.45722218073173,37.74689812398435],[-122.45685181036109,37.746805531391686],[-122.4566434770276,37.74664349435453],[-122.45659718073128,37.74641201287288],[-122.4567129214721,37.74611108694674],[-122.45699069925007,37.745740716576094],[-122.45736106962072,37.74546293879812],[-122.45782403258403,37.7452777536128],[-122.45837958813999,37.74518516102014],[-122.4590277362886,37.74518516102014],[-122.4596295881409,37.74509256842748],[-122.46018514369686,37.74490738324216],[-122.46069440295649,37.744629605464176],[-122.4611573659198,37.74425923509354],[-122.46138884740145,37.74384256842656],[-122.46138884740145,37.74337960546326],[-122.4611573659198,37.74287034620363],[-122.46069440295649,37.74231479064768],[-122.46020829184502,37.74189812398071],[-122.4596990325854,37.74162034620273],[-122.4591666251776,37.74148145731374],[-122.45861106962164,37.74148145731374],[-122.45824069925101,37.741365716572915],[-122.45805551406566,37.741134235091266],[-122.45805551406566,37.74078701286879],[-122.45824069925101,37.74032404990549],[-122.4585647733253,37.739976827683016],[-122.4590277362886,37.73974534620137],[-122.4596295881409,37.73962960546054],[-122.46037032888218,37.73962960546054],[-122.46097218073447,37.73960645731238],[-122.46143514369777,37.73956016101605],[-122.46175921777208,37.73949071657155],[-122.4619444029574,37.739398123978894],[-122.46206014369822,37.73909719805275],[-122.46210643999457,37.73858793879312],[-122.4620832918464,37.737870346200005],[-122.46199069925373,37.7369444202734],[-122.46199069925373,37.73622682768029],[-122.4620832918464,37.73571756842066],[-122.46226847703173,37.73541664249451],[-122.4625462548097,37.735324049901855],[-122.46275458814318,37.7351620128647],[-122.46289347703218,37.73493053138305],[-122.46296292147667,37.73462960545691],[-122.46296292147667,37.73425923508626],[-122.46291662518034,37.733888864715624],[-122.46282403258768,37.73351849434499],[-122.46268514369868,37.73314812397435],[-122.46249995851336,37.732777753603706],[-122.46226847703171,37.7324536795294],[-122.46199069925373,37.732175901751425],[-122.46166662517942,37.73194442026977],[-122.46129625480877,37.73175923508445],[-122.46092588443813,37.731620346195456],[-122.4605555140675,37.731527753602805],[-122.46018514369686,37.73148145730647],[-122.45981477332622,37.73148145730647],[-122.45949069925192,37.7315971980473],[-122.45921292147393,37.731828679528945],[-122.45898143999229,37.73217590175142],[-122.45879625480694,37.73263886471472],[-122.45854162517713,37.73300923508536],[-122.45821755110283,37.733287012863336],[-122.45782403258403,37.73347219804866],[-122.45736106962072,37.73356479064132],[-122.45662032887944,37.733634235085816],[-122.45560181036018,37.73368053138214],[-122.45430551406294,37.73370367953031],[-122.45273143998772,37.73370367953031],[-122.45152773628313,37.7338425684193],[-122.4506944029492,37.73412034619728],[-122.45023143998588,37.73453701286425],[-122.45013884739323,37.7350925684202],[-122.44993051405976,37.7355555313835],[-122.44960643998542,37.73592590175414],[-122.44916662517028,37.736203679532125],[-122.44861106961434,37.73638886471744],[-122.4481712547992,37.73643516101377],[-122.44784718072486,37.736342568421115],[-122.44763884739139,37.73611108693947],[-122.44754625479874,37.73574071656882],[-122.44736106961344,37.73541664249451],[-122.44708329183545,37.73513886471654],[-122.44671292146481,37.734907383234884],[-122.44624995850151,37.73472219804957],[-122.44587958813088,37.73476849434589],[-122.44560181035288,37.735046272123874],[-122.44541662516757,37.735555531383504],[-122.4453240325749,37.73629627212478],[-122.44511569924141,37.73687497582891],[-122.4447916251671,37.737291642495876],[-122.44435181035196,37.7375462721257],[-122.443796254796,37.73763886471835],[-122.44337958812903,37.73782404990367],[-122.44310181035105,37.73810182768165],[-122.44296292146205,37.73847219805229],[-122.44296292146205,37.73893516101559],[-122.44303236590656,37.73928238323806],[-122.44317125479554,37.73951386471971],[-122.44337958812903,37.73962960546054],[-122.443657365907,37.73962960546054],[-122.44398143998131,37.739699049905035],[-122.44435181035195,37.739837938794025],[-122.44476847701893,37.74004627212751],[-122.44523143998222,37.74032404990549],[-122.44560181035285,37.740648123979796],[-122.44587958813085,37.74101849435044],[-122.44606477331617,37.74143516101741],[-122.44615736590883,37.741898123980704],[-122.44629625479783,37.74224534620318],[-122.44648143998315,37.742476827684825],[-122.44671292146481,37.74259256842566],[-122.44699069924278,37.74259256842566],[-122.44729162516893,37.742685161018315],[-122.44761569924324,37.74287034620364],[-122.44796292146572,37.74314812398161],[-122.44833329183635,37.74351849435226],[-122.44854162516984,37.74388886472289],[-122.44858792146616,37.74425923509354],[-122.44847218072533,37.744629605464176],[-122.44819440294737,37.744999975834816],[-122.44784718072489,37.7452777536128],[-122.4474305140579,37.74546293879812],[-122.44694440294644,37.74555553139078],[-122.4463888473905,37.74555553139078],[-122.4459258844272,37.745439790649954],[-122.44555551405655,37.745208309168305],[-122.44527773627857,37.74486108694583],[-122.44509255109324,37.74439812398252],[-122.44479162516708,37.744074049908214],[-122.4443749585001,37.74388886472289],[-122.44384255109232,37.743842568426565],[-122.44319440294372,37.74393516101922],[-122.44266199553593,37.74388886472289],[-122.44224532886895,37.743703679537575],[-122.44194440294281,37.74337960546326],[-122.44175921775746,37.742916642499964],[-122.4414814399795,37.742499975833],[-122.44111106960885,37.74212960546235],[-122.44064810664554,37.741805531388046],[-122.4400925510896,37.741527753610065],[-122.43965273627447,37.74120367953576],[-122.43932866220013,37.74083330916511],[-122.43912032886665,37.74041664249815],[-122.439027736274,37.73995367953485],[-122.4388425510887,37.73960645731238],[-122.43856477331072,37.73937497583073],[-122.43819440294007,37.739259235089904],[-122.43773143997674,37.739259235089904],[-122.4372916251616,37.73934431597288],[-122.43687495849466,37.73951447773883],[-122.43648143997585,37.739769720387756],[-122.4361110696052,37.74011004391966],[-122.43587958812354,37.74048853901909],[-122.43578699553089,37.74090520568606],[-122.43583329182722,37.74136004392056],[-122.43601847701254,37.7418530537226],[-122.43615736590154,37.74231540366679],[-122.43624995849419,37.742747093753124],[-122.43629625479052,37.74314812398161],[-122.43629625479052,37.74351849435226],[-122.43636569923501,37.74391201287106],[-122.43650458812401,37.74432867953803],[-122.43671292145748,37.74476849435316],[-122.43699069923548,37.74523145731647],[-122.43733792145795,37.745717568427935],[-122.43775458812493,37.746226827687565],[-122.43824069923639,37.74675923509536],[-122.43879625479235,37.74731479065131],[-122.43942125479282,37.74775460546644],[-122.44011569923775,37.748078679540754],[-122.4408795881272,37.74828701287424],[-122.44171292146115,37.74837960546691],[-122.44233792146161,37.74872682768938],[-122.44275458812858,37.74932867954166],[-122.44296292146205,37.750185161023765],[-122.44296292146205,37.75129627213569],[-122.44291662516574,37.752268494358624],[-122.44282403257307,37.75310182769256],[-122.44268514368407,37.753796272137514],[-122.44249995849876,37.75435182769346],[-122.4424768103506,37.75488423510126],[-122.44261569923958,37.75539349436089],[-122.44291662516572,37.75587960547235],[-122.44337958812903,37.756342568435656],[-122.44384255109233,37.75668979065813],[-122.44430551405561,37.75692127213978],[-122.44476847701893,37.7570370128806],[-122.44523143998222,37.7570370128806],[-122.44564810664919,37.757106457325094],[-122.44601847701983,37.75724534621409],[-122.44634255109415,37.757453679547574],[-122.44662032887213,37.75773145732555],[-122.44682866220562,37.758032383251695],[-122.44696755109462,37.758356457326],[-122.44703699553911,37.75870367954848],[-122.44703699553911,37.75907404991912],[-122.4471064399836,37.759398123993435],[-122.4472453288726,37.75967590177141],[-122.44745366220607,37.759907383253065],[-122.44773143998407,37.76009256843838],[-122.44815456733296,37.760185161031046],[-122.44872304425274,37.760185161031046],[-122.44943687074347,37.76009256843838],[-122.45029604680512,37.759907383253065],[-122.45098026446576,37.759837938808566],[-122.45148952372537,37.7598842351049],[-122.45182382458401,37.760046272142056]]],[[[-122.44092588442354,37.76861108696309],[-122.44129625479417,37.768425901777775],[-122.44164347701664,37.76819442029612],[-122.44196755109095,37.767916642518145],[-122.44226847701711,37.76759256844383],[-122.44254625479508,37.7672221980732],[-122.44268514368409,37.76692127214705],[-122.44268514368409,37.7666897906654],[-122.44254625479508,37.76652775362825],[-122.44226847701711,37.76643516103559],[-122.44199069923911,37.76643516103559],[-122.44171292146115,37.76652775362824],[-122.44143514368317,37.76671293881356],[-122.44115736590518,37.76699071659154],[-122.44092588442354,37.76729164251769],[-122.44074069923822,37.767615716592],[-122.44060181034922,37.76796293881447],[-122.44050921775656,37.76833330918512],[-122.44053236590472,37.768564790666765],[-122.44067125479373,37.76865738325942],[-122.44092588442354,37.76861108696309]]],[[[-122.47236106963169,37.75694442028794],[-122.47245366222435,37.75638886473199],[-122.47252310666885,37.7557175684352],[-122.47256940296518,37.75493053139759],[-122.47259255111334,37.754027753619155],[-122.47259255111334,37.7530092350999],[-122.47263884740967,37.7522221980623],[-122.47273144000232,37.751666642506336],[-122.4728703288913,37.75134256843202],[-122.47305551407663,37.75124997583936],[-122.47319440296562,37.751064790654034],[-122.47328699555828,37.75078701287605],[-122.47333329185462,37.750416642505414],[-122.47333329185462,37.749953679542116],[-122.47319440296563,37.74939812398616],[-122.47291662518764,37.74874997583754],[-122.47249995852067,37.74800923509626],[-122.47194440296471,37.747175901762326],[-122.47145829185324,37.74650460546554],[-122.47104162518627,37.745995346205916],[-122.4706944029638,37.745648123983436],[-122.47041662518582,37.74546293879812],[-122.46974532888903,37.74532404990913],[-122.46868051407344,37.745231457316464],[-122.46722218073904,37.74518516102014],[-122.46537032888584,37.74518516102014],[-122.46384255110695,37.74532404990913],[-122.46263884740236,37.7456018276871],[-122.46175921777208,37.746018494354075],[-122.46120366221612,37.74657404991004],[-122.46078699554914,37.7470601610215],[-122.46050921777118,37.74747682768847],[-122.46037032888218,37.747824049910946],[-122.46037032888218,37.74810182768892],[-122.46046292147484,37.74833330917057],[-122.46064810666016,37.74851849435589],[-122.46092588443814,37.748657383244876],[-122.46129625480879,37.74874997583754],[-122.46159718073494,37.74898145731919],[-122.46182866221658,37.749351827689836],[-122.46199069925373,37.749861086949466],[-122.4620832918464,37.75050923509808],[-122.46231477332805,37.751157383246706],[-122.46268514369868,37.75180553139532],[-122.46319440295832,37.75245367954394],[-122.46384255110695,37.75310182769256],[-122.46439810666291,37.753587938804024],[-122.46486106962621,37.75391201287833],[-122.46523143999684,37.75407404991549],[-122.46550921777481,37.75407404991549],[-122.46578699555279,37.754166642508146],[-122.46606477333079,37.75435182769347],[-122.46634255110877,37.75462960547145],[-122.46662032888673,37.75499997584208],[-122.46699069925738,37.75530090176823],[-122.46745366222069,37.75553238324988],[-122.46800921777665,37.75569442028703],[-122.46865736592527,37.75578701287969],[-122.46918977333306,37.755925901768684],[-122.46960644000005,37.75611108695401],[-122.46990736592619,37.756342568435656],[-122.47009255111152,37.75662034621363],[-122.47034718074133,37.756874975843445],[-122.47067125481563,37.757106457325094],[-122.47106477333443,37.75731479065858],[-122.47152773629774,37.7574999758439],[-122.47189810666839,37.7574999758439],[-122.47217588444636,37.75731479065858],[-122.47236106963169,37.75694442028794]]],[[[-122.45791662517668,37.75018516102377],[-122.45800921776936,37.749814790653126],[-122.45793977332487,37.74956016102331],[-122.4577082918432,37.74942127213433],[-122.4573147733244,37.74939812398616],[-122.45675921776844,37.74949071657882],[-122.4563194029533,37.74960645731964],[-122.455995328879,37.749745346208634],[-122.45578699554551,37.74990738324579],[-122.45569440295283,37.75009256843111],[-122.45576384739732,37.750254605468264],[-122.45599532887898,37.750393494357255],[-122.45638884739779,37.75050923509808],[-122.45694440295375,37.75060182769074],[-122.45738421776889,37.75057867954257],[-122.45770829184319,37.75043979065359],[-122.45791662517668,37.75018516102377]]]]},"properties":{"zone":"fog4"}},{"type":"Feature","geometry":{"type":"MultiPolygon","coordinates":[[[[-122.37831779729713,37.828842261354374],[-122.37862029138888,37.82807045165955],[-122.3788471619577,37.82747843319119],[-122.37899840900357,37.82706620594928],[-122.3790740325265,37.82683376993384],[-122.3790740325265,37.826781125144876],[-122.3789467177116,37.826535768706044],[-122.37869208808178,37.82609770061736],[-122.37831014363707,37.825466920878824],[-122.37780088437744,37.82464342949045],[-122.37732634734004,37.82388754706561],[-122.3768865325249,37.8231992736043],[-122.37648143993202,37.82257860910655],[-122.37611106956138,37.82202555357234],[-122.37581014363522,37.821593882643235],[-122.37557866215357,37.82128359631925],[-122.37541662511643,37.82109469460036],[-122.37532403252378,37.8210271774866],[-122.37521986585705,37.82090967190844],[-122.3751041251162,37.8207421778659],[-122.37497681030129,37.820524695358976],[-122.37483792141231,37.820257224387674],[-122.37452542141207,37.81975311853138],[-122.37403931030059,37.8190123777901],[-122.37337958807788,37.81803500216383],[-122.37254625474398,37.816820991652584],[-122.37191814125958,37.81587520790129],[-122.3714952476247,37.81519765090996],[-122.37127757383938,37.814788320678595],[-122.3712651199036,37.814647217207195],[-122.37129361515797,37.81437990621209],[-122.37136305960246,37.813986387693284],[-122.37147345323709,37.81346666165078],[-122.37162479606187,37.812820728084574],[-122.37179617355085,37.81227114082016],[-122.37198758570405,37.811817899857516],[-122.37219903252148,37.81146100519667],[-122.37243051400314,37.8112004568376],[-122.37253468066989,37.810921679314774],[-122.37251153252171,37.8106246726282],[-122.37236106955865,37.81030943677787],[-122.37208329178065,37.80997597176379],[-122.37164176554472,37.809619746716706],[-122.37103649085088,37.8092407616366],[-122.37026746769905,37.80883901652351],[-122.36933469608928,37.80841451137739],[-122.3685442362101,37.80807298436965],[-122.36789608806146,37.80781443550027],[-122.36739025164341,37.807638864769245],[-122.36702672695594,37.80754627217658],[-122.36675408344033,37.807511549954334],[-122.36657232109658,37.80753469810251],[-122.36648143992471,37.807615716621086],[-122.36648143992471,37.80775460551007],[-122.36641199548022,37.80789349439905],[-122.36627310659122,37.80803238328805],[-122.36606477325773,37.808171272177034],[-122.36578699547977,37.80831016106603],[-122.36553192278298,37.808352833270305],[-122.36529955516738,37.80829928878987],[-122.36508989263297,37.80814952762472],[-122.36490293517973,37.80790354977486],[-122.3646861412773,37.80771572713746],[-122.3644395109257,37.80758605971253],[-122.3641630441249,37.80751454750006],[-122.3638567408749,37.80750119050006],[-122.36354199527972,37.807463885802036],[-122.36321880733935,37.807402633405985],[-122.3628871770538,37.80731743331191],[-122.3625471044231,37.80720828551981],[-122.36230362402415,37.80718382311398],[-122.36215673585696,37.80724404609442],[-122.36210643992152,37.807388954461125],[-122.36215273621784,37.80761854821409],[-122.36226847695866,37.8078023176029],[-122.36245366214399,37.807940262627554],[-122.3627082917738,37.808032383288044],[-122.36303236584811,37.808078679584376],[-122.36333329177427,37.80818284625112],[-122.36361106955223,37.80834488328828],[-122.36386569918206,37.80856479069585],[-122.36409718066372,37.80884256847383],[-122.36421292140454,37.80909719810364],[-122.36421292140454,37.80932867958529],[-122.36409718066372,37.809537012918774],[-122.36386569918206,37.80972219810409],[-122.36376153251531,37.80987266106716],[-122.36378468066349,37.809988401807985],[-122.36393514362655,37.81006942032656],[-122.36421292140453,37.810115716622896],[-122.36445597696026,37.81017358699331],[-122.36466431029376,37.81024303143781],[-122.364837921405,37.810324049956385],[-122.36497681029398,37.81041664254904],[-122.36504625473849,37.81052080921579],[-122.36504625473849,37.81063654995661],[-122.36497681029398,37.810763864771516],[-122.364837921405,37.81090275366051],[-122.36461801399741,37.81106479069766],[-122.36431708807127,37.81124997588298],[-122.36393514362656,37.81145830921646],[-122.36347218066325,37.81168979069811],[-122.36312495844078,37.811886549957514],[-122.36289347695914,37.81204858699467],[-122.3627777362183,37.81217590180958],[-122.3627777362183,37.81226849440225],[-122.36285875473689,37.81234951292082],[-122.36302079177403,37.81241895736532],[-122.36326384732978,37.81247682773572],[-122.36358792140409,37.812523124032055],[-122.36381940288574,37.812592568476546],[-122.36395829177472,37.812685161069204],[-122.36400458807105,37.81280090181003],[-122.36395829177471,37.812939790699026],[-122.36385412510796,37.813043957365764],[-122.36369208807082,37.81311340181026],[-122.36347218066325,37.81314812403251],[-122.36319440288528,37.81314812403251],[-122.36288190288506,37.81312497588434],[-122.36253468066258,37.81307867958802],[-122.36215273621785,37.81300923514352],[-122.36173606955089,37.81291664255086],[-122.36142356955065,37.812893494402694],[-122.36121523621716,37.812939790699026],[-122.36111106955042,37.81305553143985],[-122.36111106955042,37.81324071662517],[-122.36101847695775,37.81339117958824],[-122.36083329177244,37.81350692032906],[-122.36055551399446,37.81358793884764],[-122.36018514362382,37.81363423514397],[-122.3598887253473,37.8137499758848],[-122.35966625916487,37.81393516107012],[-122.35951774507654,37.814189790699935],[-122.3594431830823,37.81451386477424],[-122.35945219838153,37.81473377218181],[-122.3595447909742,37.814849512922635],[-122.3597209608603,37.814861086996714],[-122.35998070803983,37.814768494404056],[-122.36026045301094,37.81468747588548],[-122.3605601957736,37.81461803144098],[-122.36087993632783,37.814560161070574],[-122.36121967467363,37.81451386477424],[-122.36149371051329,37.814455994403836],[-122.36170204384676,37.81438654995934],[-122.36184467467409,37.814305531440766],[-122.36192160299527,37.8142129388481],[-122.3620972719226,37.8141434944036],[-122.36237168145608,37.81409719810728],[-122.36274483159572,37.81407404995911],[-122.36321672234152,37.81407404995911],[-122.36363785289973,37.81402775366278],[-122.36400822327037,37.81393516107012],[-122.36432783345344,37.81379627218113],[-122.36459668344892,37.81361108699581],[-122.36490248761228,37.8134166134147],[-122.36524524594353,37.81321285143781],[-122.36562495844262,37.812999801065125],[-122.36604162510957,37.81277746229665],[-122.36640982016543,37.812603296898814],[-122.36672954361015,37.81247730487159],[-122.36700079544374,37.812399486215],[-122.36722357566623,37.81236984092902],[-122.36746674634614,37.81237588075591],[-122.36773030748347,37.81241760569566],[-122.36801425907825,37.81249501574825],[-122.3683186011305,37.8126081109137],[-122.36857711413813,37.81269293228778],[-122.3687897981012,37.81274947987051],[-122.36895665301971,37.81277775366187],[-122.36907767889363,37.81277775366187],[-122.3692147445954,37.8128240499582],[-122.36936785012503,37.81291664255086],[-122.3695369954825,37.81305553143985],[-122.36972218066782,37.81324071662517],[-122.36989579177906,37.81339117958824],[-122.37005782881621,37.81350692032906],[-122.37020829177929,37.81358793884764],[-122.37034718066828,37.81363423514397],[-122.37045134733502,37.81373271693023],[-122.37052079177953,37.813883384206434],[-122.37055551400177,37.81408623697256],[-122.37055551400177,37.8143412752286],[-122.37059023622402,37.81460768324562],[-122.37065968066851,37.8148854610236],[-122.37076384733525,37.81517460856254],[-122.37090273622424,37.81547512586245],[-122.3708564399279,37.81576995828188],[-122.37062495844626,37.81605910582081],[-122.37020829177929,37.81634256847928],[-122.369606439927,37.81662034625725],[-122.36908159496548,37.8168518277389],[-122.36863375689472,37.817037012924224],[-122.36826292571473,37.817175901813215],[-122.36796910142553,37.81726849440588],[-122.36754989241612,37.81741895736895],[-122.36700529868651,37.81762729070243],[-122.36633532023671,37.817893494406334],[-122.36553995706669,37.818217568480634],[-122.36490323155377,37.81857636477719],[-122.36442514369793,37.818969883296],[-122.36410569349917,37.81939812403705],[-122.36394488095746,37.81986108700035],[-122.3636330149313,37.82016201292649],[-122.36317009542066,37.820300901815486],[-122.36255612242557,37.82027775366732],[-122.361791095946,37.820092568482],[-122.36121182344682,37.81997446042193],[-122.36081830492803,37.8199234294871],[-122.3606105403896,37.81993947567751],[-122.36058852983153,37.82002259899317],[-122.36076122616333,37.820130145857],[-122.36112862938501,37.820262116269],[-122.36169073949651,37.82041851022918],[-122.36244755649787,37.82059932773754],[-122.36297642796163,37.82085414084812],[-122.36327735388778,37.82118294956093],[-122.3633503342763,37.821585753875965],[-122.36319536912724,37.82206255379324],[-122.3631717378581,37.8225474685461],[-122.36327944046887,37.82304049813454],[-122.3635184769596,37.82354164255858],[-122.36388884733024,37.82405090181821],[-122.36418977325638,37.82447686714522],[-122.36442125473803,37.82481953853963],[-122.36458329177519,37.82507891600141],[-122.36467588436784,37.825254999530564],[-122.36493474759455,37.825667115369455],[-122.36535988145529,37.82631526351808],[-122.36595128595009,37.827199443976426],[-122.36670896107891,37.828319656744505],[-122.36790337882475,37.829159816320555],[-122.3695345391876,37.8297199227046],[-122.37160244216743,37.82999997589661],[-122.37410708776424,37.82999997589661],[-122.37606119548481,37.82980702347291],[-122.37746476532911,37.82942111862549],[-122.37831779729713,37.828842261354374]],[[-122.36900458807472,37.82393516107739],[-122.36858792140774,37.82347219811409],[-122.3682754214075,37.82310182774345],[-122.36806708807401,37.82282404996547],[-122.36796292140728,37.822638864780146],[-122.36796292140728,37.82254627218748],[-122.36806708807401,37.82247682774299],[-122.3682754214075,37.82243053144666],[-122.36858792140774,37.8224073832985],[-122.36900458807472,37.8224073832985],[-122.36931708807494,37.82254627218749],[-122.36952542140844,37.82282404996547],[-122.36962958807517,37.82324071663244],[-122.36962958807517,37.823796272188396],[-122.36952542140844,37.82409719811454],[-122.36931708807494,37.82414349441087],[-122.36900458807472,37.82393516107739]],[[-122.36557866214628,37.819583309222374],[-122.36608792140592,37.81930553144439],[-122.36646986585065,37.819143494407236],[-122.36672449548044,37.8190971981109],[-122.36685181029536,37.8191666425554],[-122.36685181029536,37.81935182774072],[-122.36674764362861,37.81952543885196],[-122.36653931029512,37.81968747588911],[-122.36622681029489,37.81983793885218],[-122.36581014362794,37.81997682774118],[-122.36547449547955,37.82006942033384],[-122.36521986584972,37.82011571663016],[-122.36504625473849,37.82011571663017],[-122.36495366214582,37.82006942033384],[-122.36501153251623,37.8199652536671],[-122.36521986584972,37.81980321662994],[-122.36557866214628,37.819583309222374]],[[-122.36701384733252,37.80925923514079],[-122.36687495844353,37.80925923514079],[-122.36678236585087,37.80921293884447],[-122.36673606955455,37.8091203462518],[-122.36673606955455,37.80898145736281],[-122.36678236585087,37.808796272177496],[-122.36685181029536,37.808668957362585],[-122.36694440288801,37.808599512918086],[-122.36706014362885,37.808587938844006],[-122.36719903251783,37.80863423514034],[-122.3672916251105,37.80870367958484],[-122.36733792140683,37.80879627217749],[-122.36733792140683,37.80891201291831],[-122.3672916251105,37.80905090180731],[-122.367222180666,37.80915506847405],[-122.36712958807335,37.80922451291855],[-122.36701384733252,37.80925923514079]]],[[[-122.41943008387503,37.81053238328987],[-122.4186797970995,37.81002312403024],[-122.41803161677186,37.80961585132672],[-122.41748554289205,37.80931056517932],[-122.41704157546012,37.80910726558802],[-122.41669971447607,37.80900595255284],[-122.41643857789992,37.80889742566483],[-122.4162581657317,37.80878168492401],[-122.41615847797144,37.808658730330365],[-122.4161395146191,37.80852856188389],[-122.4162178846975,37.80841936147496],[-122.41639358820666,37.80833112910356],[-122.41666662514656,37.8082638647697],[-122.4170369955172,37.80821756847337],[-122.41730819265379,37.80820599439929],[-122.41748021655633,37.808229142547454],[-122.4175530672248,37.808287012917866],[-122.41752674465923,37.808379605510524],[-122.41769292099687,37.808435584742554],[-122.41805159623772,37.80845495061395],[-122.41860277038177,37.80843770312472],[-122.41934644342902,37.80838384227485],[-122.41992109965244,37.808380059998086],[-122.42032673905203,37.80842635629441],[-122.42056336162776,37.80852273116384],[-122.42063096737967,37.808669184606366],[-122.42078658081812,37.80868485126513],[-122.42103020194311,37.80856973114014],[-122.42136183075466,37.80832382423138],[-122.42178146725277,37.807947130538864],[-122.42217716487635,37.80762028383198],[-122.4225489236254,37.807343284110715],[-122.42289674349993,37.80711613137509],[-122.42322062449992,37.80693882562509],[-122.42351951968742,37.80680355943758],[-122.42379342906243,37.806710332812585],[-122.42404235262492,37.806659145750075],[-122.4242662903749,37.806649998250066],[-122.42454012229885,37.80669133176803],[-122.42486384839677,37.80678314630397],[-122.42523746866864,37.806925441857885],[-122.42566098311448,37.807118218429764],[-122.42599019302293,37.807297523080926],[-122.42622509839403,37.80746335581137],[-122.42636569922773,37.807615716621086],[-122.42641199552403,37.80775460551007],[-122.42653655153393,37.807881920324974],[-122.42673936725741,37.8079976610658],[-122.42702044269443,37.80810182773254],[-122.427379777845,37.80819442032521],[-122.42770990838338,37.80824071662153],[-122.42801083430952,37.80824071662153],[-122.42828255562344,37.80819442032521],[-122.42852507232516,37.80810182773254],[-122.42876609439033,37.808023782860325],[-122.42900562181893,37.80796028570856],[-122.42924365461103,37.807911336277236],[-122.42948019276659,37.807876934566366],[-122.42967467807075,37.80793802509571],[-122.42982711052352,37.80809460786527],[-122.4299374901249,37.808346682875055],[-122.43000581687491,37.80869425012506],[-122.43008501237776,37.808952259982696],[-122.43017507663346,37.809120712447964],[-122.43027600964203,37.80919960752087],[-122.43038781140346,37.80918894520141],[-122.43045589278418,37.80907366716668],[-122.43048025378417,37.80885377341668],[-122.43046089440347,37.808529263951414],[-122.43039781464203,37.80810013877087],[-122.43046145713346,37.80776373069797],[-122.43065182187777,37.8075200397327],[-122.43096890887492,37.80736906587507],[-122.4314127181249,37.80731080912508],[-122.431754559357,37.807186021425395],[-122.4319944325712,37.80699470277601],[-122.43213233776748,37.80673685317694],[-122.4321682749459,37.806412472628175],[-122.43229939449643,37.80614603906844],[-122.4325256964191,37.80593755249773],[-122.43284718071394,37.80578701291604],[-122.43326384738089,37.805694420323384],[-122.43359321141978,37.805713212476746],[-122.43383527283059,37.80584338937612],[-122.43399003161332,37.80608495102152],[-122.43405748776794,37.80643789741292],[-122.434195382512,37.806695389127206],[-122.4344037158455,37.80685742616436],[-122.43468248776841,37.80692400852439],[-122.43503169828074,37.80689513620729],[-122.4353059454744,37.806917748361236],[-122.4355052293494,37.806991844986236],[-122.43562954990574,37.807117426082286],[-122.43567890714341,37.80729449164939],[-122.43595821539206,37.807398463605],[-122.43646747465169,37.8074293419491],[-122.4372066849223,37.80738712668173],[-122.43817584620389,37.80727181780286],[-122.43908790235041,37.80716989697165],[-122.43994285336186,37.8070813641881],[-122.44074069923822,37.807006219452205],[-122.4414814399795,37.80694446276398],[-122.44203699553546,37.80684027487739],[-122.4424073659061,37.80669365579246],[-122.44259255109142,37.80650460550916],[-122.44259255109142,37.806273124027506],[-122.44275458812858,37.8060763647681],[-122.4430786622029,37.80591432773095],[-122.44356477331436,37.80578701291604],[-122.44421292146298,37.805694420323384],[-122.44481477331527,37.805624975878885],[-122.44537032887123,37.80557867958256],[-122.44587958813085,37.80555553143439],[-122.44634255109416,37.80555553143439],[-122.4467129214648,37.805613401804806],[-122.44699069924278,37.80572914254563],[-122.44717588442809,37.805902753656866],[-122.44726847702077,37.806134235138515],[-122.44726847702077,37.80633099439792],[-122.4471758844281,37.806493031435075],[-122.44699069924278,37.806620346249986],[-122.44671292146481,37.80671293884265],[-122.44645829183497,37.80678238328714],[-122.44622681035332,37.80682867958347],[-122.44601847701985,37.806851827731634],[-122.44583329183453,37.806851827731634],[-122.4456596807233,37.8068749758798],[-122.44549764368614,37.806921272176126],[-122.44534718072306,37.80699071662062],[-122.44520829183408,37.80708330921328],[-122.445057828871,37.80715275365778],[-122.44489579183383,37.80719904995411],[-122.4447221807226,37.807222198102274],[-122.44453699553729,37.807222198102274],[-122.44436221766334,37.80725341753339],[-122.44419784710074,37.80731585639561],[-122.44404388384953,37.80740951468895],[-122.44390032790967,37.8075343924134],[-122.44401114707978,37.80761276645674],[-122.44437634135988,37.807644636818964],[-122.44499591074992,37.80763000350007],[-122.4458698552499,37.80756886650007],[-122.44659443618741,37.80748203012507],[-122.44716965356241,37.80736949437507],[-122.4475955073749,37.807231259250074],[-122.44787199762493,37.80706732475008],[-122.44818644190644,37.80693470009672],[-122.44853884021947,37.806833385290005],[-122.44892919256404,37.806763380329926],[-122.44935749894012,37.80672468521648],[-122.449794469463,37.80669471090829],[-122.45024010413269,37.806673457405324],[-122.45069440294918,37.806660924707614],[-122.4511573659125,37.80665711281516],[-122.45166095848762,37.80664344158478],[-122.45220518067458,37.806619911016504],[-122.45279003247337,37.80658652111032],[-122.45341551388398,37.80654327186622],[-122.45437583906696,37.80641959893315],[-122.45567100802226,37.8062155023111],[-122.45730102074992,37.80593098200006],[-122.45926587724989,37.80556603800005],[-122.4608249038124,37.805283654562544],[-122.46197810043739,37.80508383168754],[-122.4627254671249,37.80496656937504],[-122.4630670038749,37.804931867625044],[-122.4635496706874,37.80497661718755],[-122.4641734675624,37.805100818062556],[-122.46493839449991,37.805304470250064],[-122.46584445149992,37.805587573750074],[-122.46662315181243,37.80586181287508],[-122.46727449543742,37.80612718762508],[-122.46779848237492,37.806383698000076],[-122.46819511262493,37.80663134400007],[-122.46852473593742,37.80686234212506],[-122.4687873523124,37.80707669237506],[-122.4689829617499,37.80727439475006],[-122.46911156424991,37.807455449250064],[-122.46928905462491,37.80764573343757],[-122.4695154328749,37.80784524731257],[-122.4697906989999,37.808053990875074],[-122.4701148529999,37.808271964125076],[-122.4705084876249,37.808465051812576],[-122.4709716028749,37.80863325393757],[-122.4715041987499,37.808776570500065],[-122.4721062752499,37.808895001500055],[-122.47263594686123,37.80898391237226],[-122.4730932135839,37.80904330311669],[-122.47347807541789,37.809073173733324],[-122.47379053236322,37.809073524222185],[-122.47415218988712,37.80912008338515],[-122.4745630479896,37.80921285122225],[-122.47502310667066,37.80935182773345],[-122.47553236593029,37.809537012918774],[-122.47592588444908,37.809739994859044],[-122.47620366222706,37.809960773554266],[-122.47636569926422,37.81019934900445],[-122.47641199556057,37.81045572120958],[-122.47651538846999,37.8106575524561],[-122.47667587799252,37.81080484274401],[-122.47689346412814,37.81089759207332],[-122.47716814687686,37.81093580044401],[-122.4773865067698,37.810950713536585],[-122.47754854380695,37.81094233135104],[-122.47765425798832,37.810910653887376],[-122.47770364931392,37.81085568114559],[-122.47774809697671,37.8106691903372],[-122.47778760097671,37.8103511814622],[-122.47782216131392,37.809901654520594],[-122.47785177798832,37.80932060951238],[-122.47790130854779,37.808865730703666],[-122.47797075299228,37.808537018094434],[-122.47806011132181,37.8083344716847],[-122.4781693835364,37.808258091474464],[-122.4782744858455,37.80810850140348],[-122.47837541824912,37.80788570147176],[-122.47847218074726,37.807589691679304],[-122.47856477333993,37.80722047202611],[-122.47863421778442,37.80686253876763],[-122.47868051408075,37.806515891903885],[-122.47870366222891,37.80618053143485],[-122.47870366222891,37.80585645736055],[-122.4787731066734,37.80547429459307],[-122.47891199556238,37.80503404313244],[-122.47912032889587,37.80453570297863],[-122.47939810667384,37.80397927413167],[-122.47962958815549,37.8034927263747],[-122.47981477334082,37.803076059707735],[-122.4799536622298,37.802729274130755],[-122.48004625482247,37.80245236964379],[-122.48011569926697,37.80219839498223],[-122.4801619955633,37.80196735014607],[-122.48018514371147,37.801759235135336],[-122.48018514371147,37.80157404995002],[-122.4802314400078,37.801342568468364],[-122.48032403260045,37.80106479069039],[-122.48046292148943,37.800740716616076],[-122.48064810667478,37.800370346245444],[-122.48084486593417,37.8000263457812],[-122.48105319926765,37.799708715223346],[-122.48127310667522,37.799417454571895],[-122.48150458815688,37.79915256382685],[-122.48167819926812,37.79891595178758],[-122.48179394000894,37.79870761845409],[-122.48185181037935,37.79852756382639],[-122.48185181037935,37.798375787904476],[-122.48194440297202,37.79807646176262],[-122.48212958815733,37.79762958540084],[-122.48240736593532,37.797035158819114],[-122.48277773630595,37.796293182017465],[-122.48305304984255,37.79570488817779],[-122.48323330654512,37.79527027730009],[-122.48331850641365,37.79498934938438],[-122.48330864944816,37.79486210443064],[-122.48346916078654,37.79452495002785],[-122.48380004042878,37.79397788617598],[-122.4843012883749,37.79322091287506],[-122.48497290462493,37.792254030125065],[-122.48556341181242,37.79144300150007],[-122.48607280993741,37.790787827000074],[-122.48650109899992,37.790288506625075],[-122.48684827899993,37.78994504037507],[-122.48713959974992,37.78969733681257],[-122.48737506124994,37.78954539593757],[-122.48755466349994,37.789489217750074],[-122.4876784064999,37.789528802250075],[-122.4878416534999,37.789539428625076],[-122.4880444044999,37.78952109687508],[-122.48828665949989,37.78947380700008],[-122.48856841849991,37.78939755900008],[-122.48883607751381,37.78935045008205],[-122.4890896365416,37.78933248024599],[-122.48932909558332,37.7893436494919],[-122.48955445463892,37.789383957819766],[-122.48981120903115,37.789344744621175],[-122.49009935875999,37.789226009896126],[-122.49041890382546,37.7890277536446],[-122.49076984422757,37.78874997586662],[-122.49117618767158,37.78849184464816],[-122.49163793415752,37.78825335998922],[-122.49215508368539,37.7880345218898],[-122.49272763625513,37.7878353303499],[-122.49321067179942,37.7877010123577],[-122.49360419031822,37.7876315679132],[-122.49390819181156,37.78762699701642],[-122.4941226762794,37.787687299667326],[-122.49429587481896,37.78775489086529],[-122.49442778743021,37.78782977061029],[-122.49451841411319,37.78791193890233],[-122.49456775486789,37.788001395741425],[-122.4947020046839,37.78802045599574],[-122.49492116356124,37.787969119665284],[-122.49522523149992,37.78784738675005],[-122.49561420849992,37.787655257250044],[-122.4959583988484,37.787513680142105],[-122.49625780254536,37.78742265542623],[-122.4965124195908,37.78738218310242],[-122.49672224998474,37.78739226317067],[-122.49692133583255,37.787434545444114],[-122.49710967713426,37.78750902992273],[-122.49728727388987,37.78761571660654],[-122.49745412609937,37.78775460549553],[-122.49769632997759,37.7879050684586],[-122.4980138855245,37.78806710549575],[-122.49840679274014,37.78824071660699],[-122.4988750516245,37.78842590179231],[-122.4992642272737,37.78854164253314],[-122.49957431968775,37.788587938829465],[-122.49980532886667,37.788564790681306],[-122.49995725481044,37.78847219808864],[-122.50014064371275,37.78839117957006],[-122.50035549557361,37.788321735125564],[-122.50060181039305,37.78826386475516],[-122.50087958817102,37.788217568458826],[-122.50137988991493,37.78818284623658],[-122.50210271562477,37.78815969808842],[-122.50304806530053,37.788148124014334],[-122.50421593894221,37.788148124014334],[-122.50512394983735,37.78810182771801],[-122.50577209798598,37.788009235125344],[-122.50616038338808,37.78787034623635],[-122.50628880604364,37.78768516105104],[-122.50641859491817,37.78754627216205],[-122.50654975001169,37.78745367956938],[-122.50668227132418,37.787407383273056],[-122.50681615885564,37.787407383273056],[-122.50694097299179,37.78736108697672],[-122.50705671373261,37.787268494384065],[-122.50716338107812,37.787129605495075],[-122.5072609750283,37.78694442030976],[-122.50739204086136,37.786747661050356],[-122.50755657857727,37.78653932771687],[-122.50775458817606,37.786319420309304],[-122.5079860696577,37.78608793882765],[-122.50819440299118,37.78591432771641],[-122.50837958817652,37.78579858697559],[-122.50854162521367,37.785740716605176],[-122.50868051410266,37.785740716605176],[-122.5088541252139,37.785671272160684],[-122.50906245854739,37.785532383271686],[-122.50930551410312,37.785324049938204],[-122.50958329188109,37.78504627216023],[-122.50983792151091,37.78483793882674],[-122.51006940299256,37.78469904993776],[-122.51027773632603,37.78462960549326],[-122.51046292151138,37.78462960549326],[-122.51063653262261,37.78460645734509],[-122.51079856965976,37.784560161048766],[-122.51094903262283,37.78449071660427],[-122.51108792151182,37.7843981240116],[-122.5112383844749,37.78432867956711],[-122.51140042151205,37.784282383270785],[-122.51157403262329,37.78425923512262],[-122.51175921780862,37.78425923512262],[-122.51194440299393,37.784212938826286],[-122.51212958817923,37.784120346233635],[-122.51231477336455,37.78398145734464],[-122.51249995854988,37.78379627215932],[-122.51263884743886,37.78362266104808],[-122.51273144003153,37.78346062401093],[-122.51277773632786,37.78331016104786],[-122.51277773632786,37.78317127215886],[-122.51281954680617,37.783055531418036],[-122.51290316776277,37.78296293882538],[-122.5130285991977,37.782893494380886],[-122.5131958411109,37.78284719808455],[-122.51332575836383,37.78276617956598],[-122.51341835095653,37.78265043882516],[-122.5134736188889,37.78249997586208],[-122.513491562161,37.78231479067676],[-122.51352816776324,37.78214117956552],[-122.51358343569561,37.781979142528364],[-122.51365736595812,37.781828679565294],[-122.5137499585508,37.7816897906763],[-122.51386569929163,37.781571505764816],[-122.51400458818061,37.781473824830826],[-122.51416662521777,37.78139674787433],[-122.51435181040308,37.78134027489535],[-122.51446755114391,37.78125416803544],[-122.51451384744026,37.781138427294614],[-122.51449069929208,37.78099305267287],[-122.51439810669942,37.78081804417021],[-122.514340236329,37.7806289174228],[-122.51431708818086,37.78042567243065],[-122.51432866225494,37.780208309193746],[-122.51437495855124,37.7799768277121],[-122.5144096807735,37.7797171018662],[-122.51443282892166,37.77942913165604],[-122.51444440299575,37.779112917081626],[-122.51444440299575,37.778768458142956],[-122.514376064621,37.77845342289302],[-122.51423938787154,37.778167811331826],[-122.51403437274732,37.77791162345937],[-122.51376101924836,37.77768485927564],[-122.51354236343666,37.777433345700345],[-122.51337840531218,37.77715708273349],[-122.51326914487493,37.77685607037506],[-122.51321458212493,37.77653030862507],[-122.51317544279559,37.77622122872647],[-122.51315172688692,37.77592883067925],[-122.51314343439893,37.775653114483426],[-122.51315056533159,37.77539408013899],[-122.51315257073543,37.774714584404265],[-122.51314945061043,37.77361462727927],[-122.51314120495658,37.77209420876399],[-122.51312783377392,37.77015332885843],[-122.51309441669942,37.76850651005425],[-122.51304095373307,37.767153752351476],[-122.5129674448749,37.76609505575008],[-122.51287389012492,37.76533042025007],[-122.51279214024993,37.764741294812566],[-122.5127221952499,37.76432767943757],[-122.5126640551249,37.764089574125066],[-122.51261771987492,37.764026978875066],[-122.51257822193742,37.76389155850006],[-122.51254556131241,37.76368331300007],[-122.5125197379999,37.76340224237507],[-122.51250075199991,37.76304834662508],[-122.51244797949991,37.76267804412508],[-122.5123614204999,37.76229133487507],[-122.5122410749999,37.76188821887507],[-122.51208694299993,37.761468696125064],[-122.51197745387493,37.76109835487506],[-122.51191260762492,37.76077719512506],[-122.51189240424992,37.76050521687506],[-122.51191684374993,37.760282420125066],[-122.51191724351342,37.76004911254593],[-122.51189360354041,37.75980529413765],[-122.51184592383092,37.75955096490023],[-122.51177420438493,37.75928612483365],[-122.51172041480044,37.75899559675965],[-122.51168455507744,37.75867938067819],[-122.51166662521594,37.75833747658929],[-122.51166662521594,37.75796988449295],[-122.51164347706778,37.757635625481704],[-122.51159718077145,37.75733469955556],[-122.51152773632695,37.757067106714516],[-122.51143514373429,37.75683284695857],[-122.5113656992898,37.75655298547487],[-122.51131940299346,37.7562275222634],[-122.5112962548453,37.75585645732419],[-122.5112962548453,37.75543979065722],[-122.51127310669713,37.7550578462125],[-122.51122681040081,37.75471062399002],[-122.51115736595631,37.754398123989795],[-122.51106477336366,37.75412034621181],[-122.51096060669693,37.753865716582],[-122.51084486595607,37.75363423510035],[-122.51071755114117,37.75342590176687],[-122.51057866225219,37.75324071658155],[-122.51047449558544,37.75303238324807],[-122.51040505114094,37.75280090176642],[-122.5103703289187,37.752546272136605],[-122.5103703289187,37.752268494358624],[-122.51034718077052,37.75202543880289],[-122.51030088447419,37.75181710546941],[-122.51023144002971,37.75164349435817],[-122.51013884743706,37.75150460546917],[-122.51006940299257,37.75129583694168],[-122.51002310669622,37.751017188775684],[-122.50999995854806,37.750668660971186],[-122.50999995854806,37.75025025352818],[-122.5099830127638,37.7499044443607],[-122.50994912119529,37.74963123346875],[-122.50989828384252,37.74943062085231],[-122.50983050070545,37.74930260651141],[-122.50978454248839,37.7491464419423],[-122.50976040919133,37.74896212714499],[-122.50975810081422,37.748749662119494],[-122.50977761735709,37.7485090468658],[-122.50975802511647,37.748270715055114],[-122.50969932409234,37.74803466668743],[-122.50960151428468,37.74780090176277],[-122.50946459569352,37.747569420281124],[-122.50936190675014,37.747187475836405],[-122.50929344745457,37.74665506842861],[-122.50925921780677,37.74597219805774],[-122.50925921780677,37.745138864723806],[-122.50924764373269,37.74451386472335],[-122.50922449558453,37.74409719805638],[-122.5091897733623,37.7438888647229],[-122.50914347706595,37.7438888647229],[-122.50910875484371,37.743761549907994],[-122.50908560669554,37.74350692027817],[-122.50907403262146,37.74312497583345],[-122.50907403262146,37.74261571657382],[-122.50905088447328,37.742175901758685],[-122.50900458817696,37.74180553138805],[-122.50893514373246,37.741504605461905],[-122.50884255113981,37.74127312398025],[-122.50877310669532,37.74096062398002],[-122.50872681039897,37.74056710546122],[-122.50870366225081,37.74009256842383],[-122.50870366225081,37.739537012867885],[-122.50869208817673,37.739050901756414],[-122.50866894002856,37.73863423508945],[-122.5086342178063,37.73828701286697],[-122.50858792150999,37.73800923508899],[-122.50853005113957,37.73777775360734],[-122.50846060669508,37.73759256842202],[-122.50837958817651,37.73745367953303],[-122.50828699558384,37.737361086940375],[-122.50821755113935,37.73715275360689],[-122.50817125484302,37.73682867953258],[-122.50814810669486,37.73638886471744],[-122.50814810669486,37.73583330916149],[-122.50813653262077,37.73541664249452],[-122.50811338447261,37.73513886471654],[-122.50807866225036,37.73499997582755],[-122.50803236595402,37.73499997582755],[-122.50799764373178,37.73479164249406],[-122.50797449558361,37.734374975827095],[-122.50796292150953,37.73374997582664],[-122.50796292150953,37.7329166424927],[-122.50793977336136,37.73225692027],[-122.50789347706504,37.73177080915853],[-122.50782403262055,37.731458309158306],[-122.50773144002788,37.731319420269315],[-122.50766199558339,37.73112266100992],[-122.50761569928707,37.7308680313801],[-122.5075925511389,37.73055553137987],[-122.5075925511389,37.73018516100923],[-122.50756940299074,37.72984951286084],[-122.5075231066944,37.72954858693469],[-122.50745366224992,37.729282383230796],[-122.50736106965724,37.72905090174915],[-122.50729162521273,37.72876154989709],[-122.50724532891641,37.728414327674614],[-122.50722218076825,37.72800923508173],[-122.50722218076825,37.72754627211842],[-122.50719903262008,37.72715275359961],[-122.50715273632375,37.72682867952531],[-122.50708329187925,37.72657404989549],[-122.50699069928659,37.726388864710174],[-122.50690968076802,37.726168957302605],[-122.50684023632351,37.72591432767279],[-122.5067823659531,37.72562497582073],[-122.5067360696568,37.72530090174642],[-122.50670134743454,37.72493053137578],[-122.50667819928637,37.72451386470881],[-122.50666662521229,37.724050901745514],[-122.50666662521229,37.723541642485884],[-122.50664347706413,37.72314812396708],[-122.5065971807678,37.722870346189104],[-122.5065277363233,37.72270830915195],[-122.50643514373064,37.722662012855615],[-122.50636569928614,37.72255784618887],[-122.50631940298982,37.72239580915171],[-122.50629625484164,37.722175901744144],[-122.50629625484164,37.72189812396616],[-122.5062615326194,37.7216087721141],[-122.5061920881749,37.721307846187955],[-122.50608792150817,37.72099534618773],[-122.50594903261917,37.72067127211343],[-122.50584486595243,37.72034719803912],[-122.50577542150793,37.72002312396481],[-122.5057406992857,37.719699049890494],[-122.5057406992857,37.71937497581618],[-122.50571755113754,37.71902775359371],[-122.5056712548412,37.718657383223075],[-122.50560181039671,37.71826386470427],[-122.50550921780405,37.7178471980373],[-122.50541662521138,37.717499975814825],[-122.50532403261873,37.71722219803684],[-122.50523144002607,37.71701386470336],[-122.50513884743339,37.71687497581436],[-122.50506940298888,37.71671753437877],[-122.50502310669256,37.71654154039656],[-122.5049999585444,37.71634699386775],[-122.5049999585444,37.71613389479233],[-122.50494208817398,37.71579586377297],[-122.50482634743318,37.71533290080967],[-122.50465273632193,37.71474500590243],[-122.50442125484028,37.71403217905126],[-122.50423832381543,37.71343594880197],[-122.50410394324737,37.71295631515457],[-122.5040181131361,37.712593278109075],[-122.50398083348162,37.712346837665464],[-122.50393299086576,37.71215192302026],[-122.50387458528854,37.71200853417346],[-122.50380561674993,37.71191667112505],[-122.5037260852499,37.711876333875054],[-122.5036398978749,37.711710294000056],[-122.5035470546249,37.71141855150006],[-122.50344755549989,37.711001106375065],[-122.50334140049992,37.71045795862507],[-122.50323630231242,37.709953471062576],[-122.5031322609374,37.70948764368757],[-122.50302927637492,37.70906047650006],[-122.50292734862492,37.70867196950005],[-122.50253860776974,37.708381766759885],[-122.50186305380936,37.70818986827955],[-122.50090068674379,37.70809627405906],[-122.49965150657304,37.708100984098415],[-122.49869147329682,37.70816489167326],[-122.4980205869151,37.7082879967836],[-122.49763884742792,37.70847029942944],[-122.49754625483526,37.708711799610775],[-122.49743051409443,37.70888135067269],[-122.49729162520543,37.70897895261519],[-122.49712958816828,37.709004605438274],[-122.49694440298298,37.70895830914194],[-122.49680551409398,37.70887729062336],[-122.49671292150131,37.70876154988254],[-122.49666662520498,37.70861108691947],[-122.49666662520498,37.70842590173415],[-122.4965161622419,37.70828533733209],[-122.49621523631575,37.7081893937133],[-122.49576384742653,37.70813807087776],[-122.49516199557425,37.70813136882547],[-122.49478005112951,37.70817431409566],[-122.49461801409237,37.70826690668832],[-122.4946758844628,37.70840914660346],[-122.49495366224076,37.70860103384105],[-122.49515042150017,37.70879124556558],[-122.49526616224102,37.70897978177704],[-122.49530088446326,37.70916664247543],[-122.49525458816692,37.70935182766075],[-122.49524301409284,37.709502290623824],[-122.495266162241,37.70961803136465],[-122.4953240326114,37.70969904988323],[-122.49541662520407,37.70974534617955],[-122.4954629215004,37.70982636469813],[-122.4954629215004,37.709942105438955],[-122.49541662520407,37.71009256840203],[-122.4953240326114,37.71027775358735],[-122.49527773631507,37.710439790624505],[-122.49527773631507,37.710578679513496],[-122.4953240326114,37.71069442025432],[-122.49541662520407,37.71078701284698],[-122.49554394001899,37.71100692025455],[-122.49570597705615,37.71135414247702],[-122.49590273631554,37.711828679514404],[-122.49613421779719,37.71243053136669],[-122.49634255113068,37.71289349432999],[-122.49652773631598,37.7132175684043],[-122.49668977335315,37.71340275358962],[-122.49682866224214,37.71344904988595],[-122.49693282890888,37.713518494330444],[-122.49700227335339,37.7136110869231],[-122.49703699557563,37.713726827663926],[-122.49703699557563,37.713865716552924],[-122.49696755113114,37.71395830914558],[-122.49682866224214,37.71400460544191],[-122.49662032890865,37.714004605441914],[-122.49634255113068,37.71395830914558],[-122.49613421779719,37.713981457293755],[-122.4959953289082,37.714074049886406],[-122.4959258844637,37.71423608692356],[-122.4959258844637,37.71446756840521],[-122.49586801409329,37.714594883220116],[-122.49575227335247,37.71461803136829],[-122.49557866224123,37.7145370128497],[-122.49534718075958,37.71435182766439],[-122.49517356964834,37.71415506840498],[-122.49505782890752,37.7139467350715],[-122.49499995853711,37.71372682766393],[-122.49499995853711,37.713495346182285],[-122.49505782890752,37.71331016099697],[-122.49517356964834,37.71317127210797],[-122.49534718075958,37.71307867951531],[-122.49557866224123,37.71303238321898],[-122.49571755113021,37.71296293877448],[-122.49576384742656,37.71287034618183],[-122.49571755113023,37.712754605441006],[-122.49557866224123,37.71261571655201],[-122.49545134742633,37.71252312395935],[-122.4953356066855,37.71247682766302],[-122.49523144001876,37.71247682766302],[-122.49513884742609,37.71252312395935],[-122.49502310668527,37.71251154988527],[-122.49488421779628,37.71244210544078],[-122.49472218075911,37.71231479062587],[-122.4945369955738,37.71212960544055],[-122.4943402363144,37.711979142477475],[-122.49413190298091,37.71186340173665],[-122.49391199557334,37.71178238321807],[-122.4936805140917,37.711736086921746],[-122.49350690298047,37.71157404988459],[-122.49339116223962,37.71129627210661],[-122.49333329186922,37.7109027535878],[-122.49333329186922,37.71039349432817],[-122.49328699557287,37.71001154988345],[-122.49319440298024,37.70975692025364],[-122.49305551409124,37.70962960543873],[-122.49287032890592,37.70962960543873],[-122.49266199557243,37.709722198031386],[-122.49243051409078,37.70990738321671],[-122.49217588446098,37.71018516099469],[-122.491898106683,37.71055553136533],[-122.4917013474236,37.710949049884135],[-122.49158560668275,37.71136571655111],[-122.49155088446051,37.71180553136624],[-122.49159718075683,37.712268494329535],[-122.49165505112725,37.71265043877426],[-122.49172449557176,37.7129513647004],[-122.49180551409033,37.71317127210797],[-122.49189810668298,37.71331016099696],[-122.49196755112749,37.71346062396003],[-122.4920138474238,37.71362266099719],[-122.49203699557198,37.713796272108425],[-122.49203699557198,37.71398145729375],[-122.49206014372014,37.7141434943309],[-122.49210644001647,37.714282383219896],[-122.49217588446096,37.71439812396072],[-122.49226847705363,37.71449071655338],[-122.4923494955722,37.71468747581278],[-122.49241894001669,37.71498840173893],[-122.4924768103871,37.71539349433181],[-122.49252310668345,37.71590275359144],[-122.49259255112794,37.71636571655474],[-122.4926851437206,37.71678238322171],[-122.49280088446143,37.71715275359235],[-122.49293977335041,37.71747682766665],[-122.49305551409124,37.7177777535928],[-122.4931481066839,37.71805553137078],[-122.4932175511284,37.718310161000595],[-122.49326384742473,37.71854164248225],[-122.49329856964698,37.718796272112066],[-122.49332171779513,37.71907404989004],[-122.49333329186922,37.71937497581618],[-122.49333329186922,37.719699049890494],[-122.4933448659433,37.71999997581664],[-122.49336801409146,37.72027775359462],[-122.4934027363137,37.72053238322444],[-122.49344903261004,37.720763864706086],[-122.49343745853596,37.72092590174324],[-122.49336801409146,37.721018494335894],[-122.49324069927656,37.72104164248407],[-122.49305551409122,37.720995346187735],[-122.49285875483183,37.720891179521],[-122.49265042149835,37.72072914248384],[-122.49243051409078,37.72050923507627],[-122.49219903260912,37.72023145729829],[-122.49200227334971,37.719965253594395],[-122.49184023631257,37.71971062396457],[-122.49171292149767,37.719467568408845],[-122.491620328905,37.7192360869272],[-122.4914930140901,37.71900460544555],[-122.49133097705295,37.7187731239639],[-122.49113421779354,37.71854164248225],[-122.49090273631188,37.718310161000595],[-122.4907638474229,37.718032383222614],[-122.49071755112655,37.71770830914831],[-122.49076384742288,37.71733793877767],[-122.49090273631188,37.716921272110696],[-122.4910763474231,37.716620346184556],[-122.4912846807566,37.71643516099923],[-122.49152773631235,37.71636571655474],[-122.49180551409032,37.716412012851066],[-122.4920138474238,37.71642358692515],[-122.49215273631282,37.71640043877699],[-122.4922221807573,37.716342568406574],[-122.4922221807573,37.716249975813916],[-122.4921643103869,37.71614580914717],[-122.49204856964604,37.71603006840635],[-122.49187495853482,37.71590275359144],[-122.49164347705317,37.715763864702446],[-122.49146986594192,37.715601827665296],[-122.49135412520113,37.71541664247997],[-122.4912962548307,37.71520830914649],[-122.4912962548307,37.71497682766484],[-122.49127310668254,37.71475692025727],[-122.49122681038622,37.7145485869238],[-122.49115736594172,37.71435182766439],[-122.49106477334904,37.71416664247907],[-122.49094903260821,37.714004605441914],[-122.49081014371923,37.71386571655292],[-122.49064810668207,37.71374997581209],[-122.49046292149676,37.71365738321944],[-122.49027773631144,37.71354164247862],[-122.49009255112611,37.71340275358962],[-122.4899073659408,37.71324071655246],[-122.48972218075548,37.71305553136715],[-122.48958329186648,37.71285877210774],[-122.48949069927382,37.71265043877426],[-122.48944440297748,37.71243053136669],[-122.48944440297748,37.712199049885044],[-122.48939810668115,37.71204858692197],[-122.4893055140885,37.711979142477475],[-122.48916662519952,37.711990716551554],[-122.48898144001417,37.71208330914422],[-122.48874995853252,37.7121643276628],[-122.48847218075454,37.7122337721073],[-122.48814810668024,37.7122916424777],[-122.48777773630961,37.712337938774034],[-122.4875231066798,37.71244210544077],[-122.4873842177908,37.71260414247792],[-122.48736106964263,37.71282404988549],[-122.4874536622353,37.71310182766347],[-122.48752310667979,37.71335645729329],[-122.4875694029761,37.71358793877494],[-122.48759255112428,37.713796272108425],[-122.48759255112428,37.71398145729375],[-122.48761569927244,37.7141434943309],[-122.48766199556877,37.714282383219896],[-122.48773144001326,37.71439812396072],[-122.48782403260593,37.71449071655338],[-122.48789347705042,37.714664327664615],[-122.48793977334675,37.71491895729443],[-122.48796292149493,37.71525460544282],[-122.48796292149493,37.71567127210979],[-122.4879050511245,37.71598377211002],[-122.48778931038368,37.7161921054435],[-122.48761569927245,37.71629627211024],[-122.4873842177908,37.71629627211024],[-122.48717588445733,37.71623840173983],[-122.48699069927198,37.716122660999005],[-122.48682866223484,37.71594904988777],[-122.48668977334584,37.71571756840612],[-122.48659718075318,37.71543979062814],[-122.48655088445688,37.71511571655383],[-122.48655088445688,37.71474534618319],[-122.48659718075318,37.71432867951622],[-122.48659718075318,37.714004605441914],[-122.48655088445685,37.713773123960266],[-122.4864582918642,37.713634235071275],[-122.48631940297521,37.71358793877494],[-122.48619208816031,37.71359951284902],[-122.48607634741948,37.71366895729352],[-122.48597218075274,37.713796272108425],[-122.48587958816006,37.71398145729375],[-122.4857869955674,37.71423608692356],[-122.48569440297474,37.71456016099788],[-122.4856018103821,37.71495367951668],[-122.48550921778944,37.71541664247998],[-122.48545134741903,37.715821735072865],[-122.48542819927087,37.71616895729534],[-122.48543977334495,37.7164583091474],[-122.48548606964127,37.71668979062905],[-122.48563653260435,37.716863401740284],[-122.48589116223414,37.71697914248111],[-122.4862499585307,37.71703701285152],[-122.48671292149402,37.71703701285152],[-122.48710644001282,37.71708330914785],[-122.48743051408712,37.71717590174052],[-122.48768514371693,37.7173147906295],[-122.48787032890226,37.717499975814825],[-122.48805551408758,37.717650438777895],[-122.48824069927292,37.71776617951872],[-122.48842588445824,37.7178471980373],[-122.48861106964354,37.71789349433363],[-122.48880782890295,37.71796293877812],[-122.48901616223644,37.71805553137078],[-122.48923606964401,37.718171272111604],[-122.48946755112566,37.7183101610006],[-122.48961801408872,37.71846062396367],[-122.48968745853323,37.71862266100082],[-122.48967588445913,37.718796272112066],[-122.48958329186648,37.71898145729738],[-122.48954856964423,37.71913192026046],[-122.48957171779239,37.71924766100128],[-122.48965273631097,37.719328679519855],[-122.48979162519996,37.71937497581619],[-122.4899073659408,37.71945599433476],[-122.48999995853346,37.71957173507558],[-122.49006940297795,37.71972219803866],[-122.49011569927427,37.719907383223976],[-122.49008097705202,37.72002312396481],[-122.48996523631119,37.72006942026113],[-122.4897684770518,37.72004627211297],[-122.48949069927383,37.7199536795203],[-122.48928236594034,37.7199536795203],[-122.48914347705136,37.72004627211297],[-122.48907403260685,37.72023145729829],[-122.48907403260685,37.72050923507627],[-122.48909718075502,37.72075229063201],[-122.48914347705136,37.720960623965496],[-122.48921292149583,37.72113423507673],[-122.48930551408849,37.721273123965716],[-122.48937495853298,37.72144673507695],[-122.48942125482932,37.72165506841043],[-122.48944440297748,37.72189812396616],[-122.48944440297748,37.722175901744144],[-122.48946755112564,37.72243053137396],[-122.48951384742199,37.72266201285561],[-122.48958329186648,37.7228703461891],[-122.48967588445913,37.72305553137441],[-122.48974532890364,37.72328701285607],[-122.48979162519996,37.72356479063404],[-122.48981477334813,37.72388886470836],[-122.48981477334813,37.724259235078996],[-122.48982634742221,37.724618031375556],[-122.48984949557038,37.72496525359803],[-122.48988421779262,37.72530090174642],[-122.48993051408897,37.72562497582073],[-122.48995366223713,37.72590275359871],[-122.48995366223713,37.72613423508036],[-122.48993051408897,37.726319420265675],[-122.48988421779262,37.72645830915467],[-122.48980319927405,37.72656247582141],[-122.48968745853323,37.72663192026591],[-122.48953699557015,37.726666642488155],[-122.48935181038483,37.726666642488155],[-122.48916662519952,37.72664349433999],[-122.48898144001419,37.72659719804366],[-122.48879625482887,37.726527753599164],[-122.48861106964355,37.726435161006506],[-122.48840273631006,37.726377290636094],[-122.48817125482842,37.72635414248793],[-122.48791662519861,37.72636571656201],[-122.48763884742061,37.72641201285834],[-122.48732634742038,37.726446735080586],[-122.48697912519793,37.726469883228745],[-122.4865971807532,37.72648145730283],[-122.48618051408621,37.72648145730283],[-122.48582171778966,37.7264351610065],[-122.48552079186351,37.72634256841384],[-122.48527773630778,37.72620367952485],[-122.48509255112246,37.726018494339534],[-122.48490736593715,37.725925901746876],[-122.48472218075182,37.725925901746876],[-122.4845369955665,37.726018494339534],[-122.48435181038118,37.72620367952485],[-122.48421292149219,37.72637729063609],[-122.48412032889954,37.726539327673244],[-122.4840740326032,37.726689790636314],[-122.4840740326032,37.72682867952531],[-122.4841434770477,37.726967568414295],[-122.48428236593668,37.72710645730329],[-122.48449069927017,37.72724534619228],[-122.48476847704814,37.727384235081274],[-122.48501153260386,37.72748840174801],[-122.48521986593735,37.72755784619251],[-122.48539347704859,37.72759256841476],[-122.48553236593759,37.72759256841476],[-122.48564810667841,37.727627290637],[-122.48574069927106,37.7276967350815],[-122.48581014371555,37.72780090174824],[-122.48585644001193,37.72793979063723],[-122.4859490326046,37.72803238322989],[-122.48608792149355,37.72807867952621],[-122.48627310667888,37.72807867952622],[-122.48650458816053,37.72803238322989],[-122.48706014371649,37.72799766100765],[-122.48793977334677,37.727974512859475],[-122.48914347705134,37.727962938785396],[-122.49067125483023,37.727962938785396],[-122.49173606964582,37.72800923508173],[-122.49233792149812,37.72810182767438],[-122.4924768103871,37.72824071656338],[-122.49215273631279,37.72842590174869],[-122.49187495853482,37.72856479063769],[-122.49164347705317,37.72865738323034],[-122.49145829186784,37.728703679526674],[-122.49131940297886,37.728703679526674],[-122.49118051408986,37.72873840174892],[-122.49104162520086,37.72880784619342],[-122.49090273631188,37.72891201286016],[-122.49076384742288,37.72905090174915],[-122.49067125483022,37.72917821656405],[-122.49062495853391,37.729293957304876],[-122.49062495853391,37.72939812397162],[-122.49067125483023,37.72949071656428],[-122.49070597705249,37.729652753601435],[-122.49072912520066,37.729884235083084],[-122.49074069927474,37.73018516100923],[-122.49074069927474,37.73055553137987],[-122.4907638474229,37.7308680313801],[-122.49081014371924,37.73112266100992],[-122.49087958816374,37.731319420269315],[-122.49097218075639,37.731458309158306],[-122.49104162520086,37.73177080915853],[-122.4910879214972,37.73225692027],[-122.49111106964537,37.7329166424927],[-122.49111106964537,37.73374997582664],[-122.49112264371945,37.734374975827095],[-122.49114579186761,37.73479164249406],[-122.49118051408985,37.73499997582755],[-122.49122681038622,37.73499997582755],[-122.49126153260846,37.73513886471654],[-122.49128468075662,37.73541664249452],[-122.4912962548307,37.73583330916149],[-122.4912962548307,37.73638886471744],[-122.49131940297887,37.73682867953258],[-122.4913656992752,37.73715275360689],[-122.49143514371968,37.737361086940375],[-122.49152773631234,37.73745367953303],[-122.49159718075683,37.73756942027386],[-122.49164347705317,37.73770830916285],[-122.49166662520133,37.737870346200005],[-122.49166662520133,37.73805553138532],[-122.491620328905,37.73821756842248],[-122.49152773631235,37.73835645731147],[-122.49138884742337,37.73847219805229],[-122.49120366223802,37.73856479064495],[-122.49112264371945,37.73865738323761],[-122.49114579186761,37.738749975830274],[-122.49127310668253,37.73884256842293],[-122.49150458816418,37.73893516101559],[-122.49167819927541,37.73912034620091],[-122.49179394001624,37.73939812397889],[-122.49185181038665,37.739768494349526],[-122.49185181038665,37.74023145731283],[-122.49187495853481,37.740636549905716],[-122.49192125483114,37.74098377212819],[-122.49199069927563,37.74127312398025],[-122.49208329186831,37.741504605461905],[-122.49215273631282,37.74180553138805],[-122.49219903260914,37.742175901758685],[-122.4922221807573,37.74261571657382],[-122.4922221807573,37.74312497583345],[-122.49223375483139,37.74350692027817],[-122.49225690297953,37.743761549907994],[-122.49229162520179,37.7438888647229],[-122.49233792149812,37.7438888647229],[-122.49237264372036,37.74409719805638],[-122.49239579186853,37.74451386472335],[-122.49240736594261,37.745138864723806],[-122.49240736594261,37.74597219805774],[-122.49243051409078,37.74665506842861],[-122.4924768103871,37.747187475836405],[-122.49254625483161,37.747569420281124],[-122.49263884742427,37.74780090176277],[-122.4927545881651,37.74800923509626],[-122.49289347705408,37.74819442028158],[-122.49305551409122,37.748356457318735],[-122.49324069927656,37.74849534620773],[-122.49335644001738,37.74868053139305],[-122.49340273631373,37.7489120128747],[-122.49337958816555,37.74918979065268],[-122.49328699557289,37.74951386472699],[-122.49325227335063,37.7497684943568],[-122.49327542149881,37.74995367954212],[-122.4933564400174,37.75006942028295],[-122.49349532890638,37.75011571657927],[-122.49359949557312,37.750243031394184],[-122.49366894001763,37.75045136472767],[-122.49370366223987,37.75074071657973],[-122.49370366223987,37.751111086950374],[-122.49371523631396,37.751469883246926],[-122.4937383844621,37.7518171054694],[-122.49377310668436,37.75215275361779],[-122.49381940298068,37.75247682769211],[-122.49388884742518,37.752835623988666],[-122.49398144001785,37.75322914250747],[-122.49409718075867,37.75365738324852],[-122.49423606964766,37.75412034621182],[-122.49432866224032,37.75458330917512],[-122.49437495853667,37.755046272138415],[-122.49437495853667,37.75550923510171],[-122.49432866224029,37.75597219806501],[-122.49432866224029,37.75631942028748],[-122.49437495853664,37.75655090176913],[-122.4944675511293,37.75666664250996],[-122.49460644001829,37.75666664250996],[-122.49473375483319,37.75670136473221],[-122.49484949557404,37.75677080917671],[-122.49495366224077,37.756874975843445],[-122.49504625483343,37.75701386473244],[-122.49510412520385,37.75725692028817],[-122.495127273352,37.757604142510644],[-122.49511569927792,37.75805553139986],[-122.49506940298161,37.758611086955824],[-122.49506940298161,37.75907404991912],[-122.49511569927792,37.75944442028977],[-122.49520829187058,37.75972219806774],[-122.49534718075958,37.75990738325306],[-122.49545134742633,37.76015043880879],[-122.49552079187082,37.760451364734934],[-122.49555551409307,37.76081016103149],[-122.49555551409307,37.761226827698465],[-122.49557866224123,37.76165506843951],[-122.49562495853755,37.76209488325465],[-122.49569440298205,37.762546272143865],[-122.49578699557472,37.76300923510716],[-122.49583329187104,37.76339117955189],[-122.49583329187104,37.76369210547803],[-122.49578699557472,37.7639120128856],[-122.49569440298205,37.764050901774596],[-122.49562495853755,37.764212938811745],[-122.49557866224123,37.76439812399707],[-122.49555551409307,37.76460645733055],[-122.49555551409307,37.76483793881221],[-122.49557866224123,37.76502312399752],[-122.49562495853755,37.76516201288652],[-122.49569440298205,37.76525460547917],[-122.49578699557472,37.765300901775504],[-122.49585644001921,37.765381920294075],[-122.49590273631554,37.7654976610349],[-122.4959258844637,37.76564812399798],[-122.4959258844637,37.76583330918329],[-122.49597218076003,37.76606479066495],[-122.49606477335269,37.76634256844292],[-122.49620366224167,37.76666664251724],[-122.496388847427,37.76703701288787],[-122.49652773631598,37.767430531406674],[-122.49662032890865,37.767847198073646],[-122.49666662520498,37.76828701288878],[-122.49666662520498,37.76874997585209],[-122.49660875483457,37.76909719807456],[-122.49649301409374,37.76932867955621],[-122.49631940298251,37.769444420297035],[-122.49608792150086,37.769444420297035],[-122.4959258844637,37.76947914251928],[-122.49583329187105,37.76954858696378],[-122.49581014372289,37.76965275363052],[-122.4958564400192,37.76979164251951],[-122.49596060668594,37.76990738326033],[-122.49612264372311,37.76999997585299],[-122.49634255113068,37.77006942029749],[-122.49662032890865,37.770115716593814],[-122.49684023631622,37.77018516103831],[-122.49700227335339,37.77027775363098],[-122.49710644002013,37.7703934943718],[-122.49715273631645,37.770532383260786],[-122.49717588446461,37.770694420297936],[-122.49717588446461,37.77087960548326],[-122.49715273631645,37.77108793881674],[-122.49710644002013,37.7713194202984],[-122.49707171779788,37.771631920298624],[-122.4970485696497,37.77202543881743],[-122.49703699557563,37.772499975854814],[-122.49703699557563,37.77305553141076],[-122.49706014372379,37.77350692029998],[-122.49710644002013,37.77385414252245],[-122.49717588446462,37.77409719807819],[-122.49726847705728,37.774236086967186],[-122.49740736594627,37.77434025363392],[-122.49759255113159,37.77440969807842],[-122.49782403261324,37.77444442030067],[-122.49810181039122,37.77444442030067],[-122.49829856965061,37.77450229067108],[-122.49841431039147,37.774618031411904],[-122.4984490326137,37.77479164252314],[-122.49840273631736,37.77502312400479],[-122.49827542150246,37.775196735116026],[-122.49806708816897,37.77531247585685],[-122.4977777363169,37.77537034622727],[-122.49740736594627,37.77537034622727],[-122.49714116224237,37.775405068449516],[-122.49697912520521,37.775474512894014],[-122.4969212548348,37.77557867956075],[-122.49696755113112,37.77571756844974],[-122.49707171779787,37.7758101610424],[-122.49723375483504,37.775856457338726],[-122.4974536622426,37.77585645733873],[-122.49773144002057,37.7758101610424],[-122.4980439400208,37.77577543882016],[-122.4983911622433,37.77575229067199],[-122.49877310668802,37.77574071659791],[-122.49918977335498,37.77574071659791],[-122.49953699557746,37.775775438820155],[-122.49981477335545,37.775844883264654],[-122.50002310668893,37.7759490499314],[-122.50016199557793,37.77608793882038],[-122.50032403261508,37.77619210548712],[-122.50050921780038,37.77626154993162],[-122.50071755113387,37.776296272153864],[-122.50094903261552,37.776296272153864],[-122.50112264372676,37.77634256845019],[-122.50123838446758,37.776435161042855],[-122.501296254838,37.776574049931845],[-122.501296254838,37.77675923511716],[-122.50131940298616,37.77690969808024],[-122.50136569928249,37.77702543882106],[-122.50143514372698,37.77710645733964],[-122.50152773631964,37.77715275363597],[-122.5015624585419,37.77729164252496],[-122.50153931039372,37.777523124006606],[-122.50145829187515,37.77784719808092],[-122.50131940298617,37.77826386474789],[-122.50118051409719,37.77855321659995],[-122.50104162520819,37.7787152536371],[-122.50090273631919,37.77874997585935],[-122.5007638474302,37.7786573832667],[-122.50060181039305,37.778599512896285],[-122.50041662520772,37.77857636474811],[-122.50020829187423,37.7785879388222],[-122.49997681039258,37.778634235118524],[-122.49974532891093,37.77872682771118],[-122.49951384742928,37.77886571660018],[-122.49928236594764,37.779050901785496],[-122.49905088446599,37.77928238326715],[-122.49885412520659,37.77950229067472],[-122.49869208816943,37.7797106240082],[-122.49856477335452,37.779907383267606],[-122.49847218076185,37.78009256845292],[-122.4983680140951,37.78023145734191],[-122.49825227335428,37.78032404993457],[-122.49812495853938,37.7803703462309],[-122.4979860696504,37.7803703462309],[-122.49792819927998,37.780441218998675],[-122.49795134742816,37.78058296453423],[-122.4980555140949,37.78079558283757],[-122.4982406992802,37.78107907390867],[-122.49851847705818,37.78128530776395],[-122.49888884742883,37.7814142844034],[-122.49935181039213,37.781466003827006],[-122.4999073659481,37.781440466034795],[-122.5003819029855,37.78143784288948],[-122.50077542150429,37.78145813439108],[-122.5010879215045,37.78150134053959],[-122.50131940298616,37.781567461335015],[-122.50149301409739,37.7817327926724],[-122.50160875483823,37.781997334551754],[-122.50166662520864,37.78236108697308],[-122.50166662520864,37.782824049936394],[-122.50164347706047,37.78318284623295],[-122.50159718076415,37.78343747586277],[-122.50152773631964,37.78358793882583],[-122.50143514372698,37.783634235122165],[-122.50136569928249,37.78355321660358],[-122.50131940298616,37.783344883270104],[-122.501296254838,37.78300923512171],[-122.501296254838,37.782546272158406],[-122.50114579187492,37.78219904993593],[-122.50084486594878,37.781967568454284],[-122.50039347705956,37.78185182771346],[-122.49979162520727,37.78185182771346],[-122.49934023631805,37.781898124009786],[-122.49903931039191,37.78199071660245],[-122.49888884742883,37.78212960549144],[-122.49888884742883,37.78231479067676],[-122.49893514372516,37.782488401788],[-122.49902773631781,37.78265043882515],[-122.49916662520681,37.78280090178822],[-122.49935181039213,37.78293979067722],[-122.49946755113295,37.7830786795662],[-122.49951384742928,37.7832175684552],[-122.49949069928113,37.78335645734418],[-122.49939810668847,37.78349534623317],[-122.49934023631806,37.7836689573444],[-122.4993170881699,37.78387729067789],[-122.49932866224398,37.78412034623363],[-122.4993749585403,37.7843981240116],[-122.49938653261438,37.78464117956734],[-122.49936338446622,37.78484951290082],[-122.4993055140958,37.785023124012056],[-122.49921292150313,37.785162012901054],[-122.49905088446599,37.78526617956779],[-122.49881940298434,37.78533562401229],[-122.49851847705818,37.78537034623454],[-122.49814810668755,37.78537034623454],[-122.49780088446508,37.785381920308616],[-122.49747681039076,37.78540506845678],[-122.49717588446461,37.78543979067903],[-122.49689810668664,37.78548608697536],[-122.49666662520498,37.785462938827195],[-122.49648144001966,37.785370346234544],[-122.49634255113068,37.78520830919739],[-122.49624995853803,37.78497682771574],[-122.49611106964905,37.7848032166045],[-122.4959258844637,37.78468747586368],[-122.49569440298205,37.78462960549326],[-122.49541662520409,37.78462960549326],[-122.49515042150018,37.784652753641424],[-122.49489579187036,37.78469904993775],[-122.49465273631463,37.78476849438225],[-122.49442125483297,37.78486108697491],[-122.49424764372174,37.78496525364165],[-122.49413190298091,37.785080994382476],[-122.4940740326105,37.78520830919738],[-122.4940740326105,37.78534719808638],[-122.49402773631417,37.785451364753115],[-122.49393514372152,37.785520809197614],[-122.49379625483252,37.78555553141986],[-122.4936110696472,37.78555553141986],[-122.49346060668412,37.78550923512353],[-122.4933448659433,37.78541664253086],[-122.49326384742473,37.78527775364188],[-122.4932175511284,37.785092568456555],[-122.49311338446165,37.78488423512307],[-122.4929513474245,37.784652753641424],[-122.49273144001693,37.7843981240116],[-122.49245366223894,37.78412034623363],[-122.49221060668322,37.78394673512239],[-122.49200227334973,37.78387729067789],[-122.49182866223849,37.783912012900146],[-122.4916897733495,37.78405090178913],[-122.49146986594194,37.784155068455874],[-122.4911689400158,37.78422451290037],[-122.49078699557107,37.78425923512262],[-122.49032403260776,37.78425923512262],[-122.4899652363112,37.784223545138985],[-122.48971060668138,37.784152165171704],[-122.48956014371831,37.78404509522079],[-122.48951384742199,37.78390233528624],[-122.48933576970114,37.78380134231131],[-122.48902591055577,37.78374211629598],[-122.48858426998589,37.783724657240285],[-122.48801084799152,37.783748965144184],[-122.48704398147605,37.78379164857587],[-122.48568367043951,37.78385270753533],[-122.48392991488191,37.783932142022564],[-122.48178271480323,37.78402995203758],[-122.48016129099796,37.783946433015586],[-122.47906564346607,37.7836815849566],[-122.4784957722076,37.78323540786061],[-122.47845167722251,37.782607901727616],[-122.47836904450695,37.782137272127876],[-122.47824787406091,37.78182351906138],[-122.47808816588442,37.78166664252814],[-122.47788991997744,37.78166664252814],[-122.47770651332497,37.78163192030589],[-122.47753794592698,37.78156247586139],[-122.4773842177835,37.78145830919465],[-122.47724532889451,37.781319420305664],[-122.47707171778328,37.78123840178709],[-122.47686338444977,37.78121525363892],[-122.47662032889404,37.78124997586117],[-122.47634255111606,37.78134256845383],[-122.47612264370849,37.78134256845383],[-122.47596060667134,37.78124997586117],[-122.47585644000459,37.78106479067585],[-122.47581014370829,37.78078701289787],[-122.47571755111562,37.780601827712545],[-122.47557866222662,37.780509235119894],[-122.47539347704131,37.780509235119894],[-122.47516199555965,37.78060182771256],[-122.47487264370758,37.780787012897875],[-122.47452542148511,37.78106479067585],[-122.47412032889223,37.78143516104649],[-122.47365736592891,37.78189812400979],[-122.47325227333604,37.782326364750844],[-122.47290505111356,37.78271988326965],[-122.4726156992615,37.78307867956621],[-122.47238421777985,37.78340275364051],[-122.47218745852044,37.783715253640736],[-122.4720254214833,37.78401617956688],[-122.47189810666839,37.784305531418944],[-122.47180551407571,37.784583309196925],[-122.47171292148305,37.78479164253041],[-122.4716203288904,37.784930531419405],[-122.47152773629773,37.7849999758639],[-122.47143514370507,37.7849999758639],[-122.47127310666792,37.785092568456555],[-122.47104162518627,37.78527775364188],[-122.47074069926012,37.78555553141985],[-122.47037032888949,37.7859259017905],[-122.47009255111152,37.786238401790726],[-122.46990736592619,37.786493031420534],[-122.46981477333352,37.78668979067994],[-122.46981477333352,37.786828679568934],[-122.46978005111129,37.78694442030976],[-122.46971060666678,37.78703701290242],[-122.46960644000004,37.78710645734691],[-122.46946755111105,37.78715275364324],[-122.46934023629615,37.78725692030998],[-122.4692244955553,37.787418957347136],[-122.46912032888856,37.787638864754705],[-122.46902773629591,37.78791664253268],[-122.46906245851815,37.78811340179208],[-122.46922449555532,37.788229142532906],[-122.46951384740738,37.78826386475516],[-122.46993051407433,37.788217568458826],[-122.4702893103709,37.78814772686587],[-122.47059023629706,37.78805433997629],[-122.47083329185278,37.787937407790075],[-122.47101847703811,37.78779693030723],[-122.47107634740851,37.787680395269476],[-122.471006902964,37.787587802676825],[-122.47081014370461,37.787519152529256],[-122.47048606963031,37.78747444482677],[-122.47025458814866,37.787394617753584],[-122.47011569925967,37.78727967130968],[-122.47006940296333,37.787129605495075],[-122.47011569925968,37.78694442030976],[-122.47024301407458,37.78680553142077],[-122.47045134740807,37.78671293882811],[-122.47074069926013,37.78666664253178],[-122.47111106963077,37.78666664253178],[-122.47146986592732,37.786678216605864],[-122.47181708814979,37.78670136475402],[-122.47215273629818,37.78673608697627],[-122.47247681037251,37.7867823832726],[-122.47271986592824,37.78684025364301],[-122.4728819029654,37.786909698087506],[-122.47296292148397,37.786990716606084],[-122.47296292148397,37.78708330919875],[-122.47303474492813,37.78714117956916],[-122.47317839181642,37.78716432771732],[-122.47339386214888,37.78715275364324],[-122.47368115592549,37.78710645734691],[-122.47390582133238,37.787118031420995],[-122.47406785836954,37.78718747586549],[-122.47416726703696,37.7873147906804],[-122.47420404733467,37.787499975865714],[-122.47418533626163,37.78767358697696],[-122.47411113381779,37.78783562401411],[-122.47398144000323,37.787986086977185],[-122.4737962548179,37.78812497586617],[-122.473668940003,37.788310161051484],[-122.47359949555852,37.78854164253313],[-122.47358792148444,37.788819420311114],[-122.47363421778074,37.78914349438543],[-122.47355319926217,37.78940969808933],[-122.47334486592868,37.789618031422805],[-122.47300921778029,37.78976849438588],[-122.47254625481699,37.78986108697854],[-122.47219903259452,37.7900231240157],[-122.47196755111287,37.790254605497346],[-122.47185181037204,37.790555531423486],[-122.47185181037204,37.79092590179413],[-122.47189810666836,37.79120367957211],[-122.47199069926103,37.79138886475743],[-122.47212958815003,37.79148145735009],[-122.47231477333534,37.79148145735009],[-122.47254625481699,37.7915393277205],[-122.47282403259499,37.791655068461324],[-122.4731481066693,37.79182867957256],[-122.47351847703993,37.79206016105421],[-122.47380782889198,37.7922684943877],[-122.47401616222547,37.792453679573015],[-122.47414347704037,37.79261571661017],[-122.47418977333672,37.79275460549917],[-122.47418977333672,37.79291664253632],[-122.47414347704039,37.79310182772164],[-122.47405088444772,37.793310161055125],[-122.47391199555874,37.79354164253677],[-122.4737383844475,37.79371525364801],[-122.47353005111401,37.793830994388834],[-122.47328699555828,37.793888864759246],[-122.47300921778032,37.793888864759246],[-122.4727545881505,37.79391201290741],[-122.47252310666883,37.79395830920374],[-122.47231477333534,37.79402775364824],[-122.47212958815003,37.7941203462409],[-122.47206014370553,37.794247661055806],[-122.47210644000185,37.794409698092956],[-122.47226847703902,37.79460645735236],[-122.47254625481699,37.794837938834014],[-122.47275458815048,37.7950462721675],[-122.47289347703949,37.79523145735282],[-122.47296292148397,37.79539349438997],[-122.47296292148397,37.79553238327895],[-122.47287032889132,37.795671272167944],[-122.472685143706,37.79581016105694],[-122.472407365928,37.79594904994593],[-122.47203699555736,37.796087938834916],[-122.47168977333489,37.79618053142758],[-122.47136569926059,37.796226827723906],[-122.47106477333443,37.79622682772391],[-122.47078699555647,37.79618053142758],[-122.47059023629706,37.79607636476084],[-122.47047449555623,37.795914327723686],[-122.470439773334,37.79569442031612],[-122.4704860696303,37.795416642538136],[-122.47047449555622,37.79521988327873],[-122.47040505111173,37.79510414253791],[-122.47027773629682,37.79506942031566],[-122.4700925511115,37.795115716611996],[-122.46993051407435,37.79523145735282],[-122.46979162518537,37.79541664253814],[-122.46967588444454,37.79567127216796],[-122.46958329185186,37.79599534624226],[-122.46945597703696,37.79627312402024],[-122.4692939399998,37.796504605501895],[-122.4690971807404,37.79668979068721],[-122.46886569925876,37.7968286795762],[-122.46869208814752,37.79697914253927],[-122.4685763474067,37.79714117957642],[-122.46851847703628,37.797314790687665],[-122.46851847703628,37.79749997587298],[-122.46847218073995,37.79763886476198],[-122.4683795881473,37.79773145735463],[-122.4682406992583,37.79777775365096],[-122.46805551407299,37.79777775365096],[-122.4678471807395,37.79781247587321],[-122.46761569925783,37.79788192031771],[-122.46736106962803,37.79798608698445],[-122.46708329185006,37.798124975873435],[-122.46682866222025,37.79822914254018],[-122.46659718073859,37.79829858698468],[-122.4663888474051,37.798333309206924],[-122.46620366221978,37.798333309206924],[-122.46604162518261,37.79837960550326],[-122.46590273629363,37.79847219809591],[-122.4657869955528,37.798611086984906],[-122.46569440296014,37.79879627217022],[-122.46556708814522,37.79892358698513],[-122.46540505110808,37.798993031429625],[-122.46520829184868,37.799004605503704],[-122.46497681036703,37.79895830920737],[-122.4648031992558,37.79895830920737],[-122.46468745851496,37.799004605503704],[-122.46462958814455,37.79909719809636],[-122.46462958814455,37.79923608698536],[-122.46458329184821,37.7993402536521],[-122.46449069925556,37.799409698096596],[-122.46435181036658,37.79944442031884],[-122.46416662518124,37.79944442031884],[-122.46395829184776,37.79946756846701],[-122.46372681036611,37.799513864763334],[-122.46347218073629,37.79958330920783],[-122.46319440295832,37.7996759018005],[-122.4629397733285,37.799768494393156],[-122.46270829184685,37.79986108698581],[-122.46249995851338,37.799953679578465],[-122.46231477332805,37.80004627217113],[-122.46214116221681,37.800162012911954],[-122.46197912517965,37.80030090180095],[-122.46182866221658,37.8004629388381],[-122.46168977332759,37.80064812402342],[-122.46151616221636,37.80078701291241],[-122.46130782888287,37.80087960550507],[-122.46106477332714,37.8009259018014],[-122.46078699554914,37.8009259018014],[-122.46057866221565,37.80090275365323],[-122.46043977332667,37.80085645735691],[-122.46037032888218,37.80078701291241],[-122.46037032888218,37.80069442031975],[-122.4602893103636,37.800590253653006],[-122.46012727332645,37.80047451291218],[-122.45988421777072,37.80034719809728],[-122.45956014369641,37.80020830920829],[-122.45922449554801,37.799999975874805],[-122.45887727332554,37.79972219809682],[-122.45851847702897,37.79937497587435],[-122.45814810665833,37.79895830920738],[-122.4577661622136,37.798634235133065],[-122.45737264369481,37.798402753651416],[-122.45696755110191,37.798263864762426],[-122.45655088443496,37.7982175684661],[-122.45619208813841,37.798194420317934],[-122.45589116221225,37.798194420317934],[-122.45564810665651,37.7982175684661],[-122.4554629214712,37.798263864762426],[-122.4553240325822,37.798402753651416],[-122.45523143998955,37.798634235133065],[-122.45518514369321,37.79895830920738],[-122.45518514369321,37.79937497587435],[-122.45509255110056,37.799652753652325],[-122.45490736591522,37.79979164254132],[-122.45462958813724,37.79979164254132],[-122.4542592177666,37.799652753652325],[-122.4540045881368,37.79947914254109],[-122.4538656992478,37.799270809207606],[-122.45384255109964,37.79902775365187],[-122.4539351436923,37.798749975873896],[-122.4540045881368,37.79843747587367],[-122.45405088443313,37.798090253651196],[-122.45407403258129,37.79770830920647],[-122.45407403258129,37.7972916425395],[-122.45403931035905,37.79695599439111],[-122.45396986591454,37.79670136476129],[-122.4538656992478,37.796527753650054],[-122.45372681035882,37.79643516105739],[-122.45362264369207,37.79628469809432],[-122.45355319924757,37.796076364760836],[-122.45351847702533,37.795810161056934],[-122.45351847702533,37.795486086982635],[-122.453472180729,37.79521988327873],[-122.45337958813634,37.795011549945244],[-122.45324069924735,37.79486108698217],[-122.45305551406203,37.794768494389515],[-122.45291662517303,37.794791642537675],[-122.4528240325804,37.79493053142667],[-122.45277773628405,37.79518516105649],[-122.45277773628405,37.79555553142713],[-122.45269671776548,37.79582173513103],[-122.45253468072832,37.79598377216818],[-122.45229162517258,37.79604164253859],[-122.45196755109826,37.79599534624226],[-122.45166662517212,37.79591432772368],[-122.45138884739413,37.795798586982855],[-122.45113421776432,37.795648124019785],[-122.45090273628267,37.79546293883447],[-122.45065968072694,37.7953124758714],[-122.45040505109714,37.795196735130574],[-122.45013884739322,37.795115716611996],[-122.44986106961525,37.79506942031566],[-122.44965273628176,37.79509256846383],[-122.44951384739275,37.79518516105648],[-122.44944440294827,37.79534719809364],[-122.44944440294827,37.795578679575286],[-122.44937495850377,37.79575229068652],[-122.44923606961478,37.79586803142735],[-122.4490277362813,37.795925901797766],[-122.44874995850333,37.795925901797766],[-122.44848375479944,37.79594904994593],[-122.4482291251696,37.79599534624226],[-122.44798606961388,37.796064790686756],[-122.44775458813223,37.79615738327942],[-122.4474999585024,37.79622682772391],[-122.44722218072445,37.79627312402024],[-122.4469212547983,37.796296272168405],[-122.44659718072397,37.796296272168405],[-122.4463772733164,37.79619895705742],[-122.44626153257558,37.796004326835444],[-122.4462499585015,37.79571238150248],[-122.44634255109416,37.795323121058544],[-122.44628468072375,37.79507062046616],[-122.44607634739026,37.79495487972534],[-122.44571755109371,37.79497589883607],[-122.44520829183406,37.79513367779836],[-122.44482634738934,37.79533303053866],[-122.44457171775954,37.79557395705696],[-122.44444440294463,37.79585645735327],[-122.44444440294463,37.79618053142758],[-122.44438653257421,37.796423586983316],[-122.44427079183339,37.796585624020466],[-122.44409718072215,37.796666642539044],[-122.44386569924049,37.796666642539044],[-122.443657365907,37.79668979068721],[-122.4434721807217,37.796736086983536],[-122.44331014368454,37.796805531428035],[-122.44317125479554,37.79689812402069],[-122.44299764368432,37.79696756846519],[-122.44278931035082,37.79701386476152],[-122.44254625479508,37.79703701290968],[-122.44226847701711,37.79703701290968],[-122.44203699553545,37.79706016105785],[-122.44185181035013,37.797106457354175],[-122.44171292146115,37.797175901798674],[-122.4416203288685,37.79726849439133],[-122.44146986590542,37.79733793883583],[-122.44126153257193,37.79738423513216],[-122.44099532886804,37.79740738328032],[-122.44067125479373,37.79740738328032],[-122.44040505108983,37.79738423513216],[-122.44019671775635,37.79733793883583],[-122.44004625479327,37.79726849439133],[-122.43995366220061,37.797175901798674],[-122.43983792145978,37.797106457354175],[-122.43969903257079,37.79706016105785],[-122.43953699553363,37.79703701290968],[-122.43935181034831,37.79703701290968],[-122.43913190294074,37.79707173513193],[-122.43887727331094,37.79714117957643],[-122.43858792145888,37.797245346243166],[-122.43826384738455,37.797384235132164],[-122.43802079182882,37.79741895735441],[-122.43785875479166,37.79734951290991],[-122.43777773627309,37.797175901798674],[-122.43777773627309,37.79689812402069],[-122.43775458812492,37.79665506846496],[-122.43770829182859,37.79644673513148],[-122.4376388473841,37.796273124020246],[-122.43754625479143,37.79613423513125],[-122.43741893997652,37.79604164253859],[-122.43725690293937,37.79599534624226],[-122.43706014367997,37.79599534624226],[-122.43682866219832,37.79604164253859],[-122.43665505108709,37.79612266105717],[-122.43653931034626,37.79623840179799],[-122.43648143997585,37.79638886476107],[-122.43648143997585,37.796574049946386],[-122.43640042145726,37.79667050994251],[-122.43623838442012,37.79667824474942],[-122.43599532886438,37.79659725436713],[-122.43567125479007,37.79642753879564],[-122.43512727330818,37.79633838541215],[-122.43436338441873,37.79632979421667],[-122.43337958812172,37.7964017652092],[-122.43217588441713,37.79655429838972],[-122.43119208812013,37.79671929016919],[-122.43042819923069,37.796896740547595],[-122.4298842177488,37.79708664952494],[-122.4295601436745,37.79728901710122],[-122.4292244955261,37.79744079278343],[-122.42887727330363,37.79754197657158],[-122.42851847700706,37.797592568465646],[-122.42814810663641,37.797592568465646],[-122.42778931033985,37.79761571661381],[-122.4274420881174,37.79766201291014],[-122.42710643996901,37.79773145735464],[-122.4267823658947,37.797824049947295],[-122.42645829182038,37.79789349439179],[-122.42613421774608,37.79793979068812],[-122.42581014367177,37.797962938836285],[-122.42548606959745,37.797962938836285],[-122.42512727330089,37.79792821661404],[-122.4247337547821,37.79785877216954],[-122.42430551404104,37.7977546055028],[-122.42384255107771,37.797615716613805],[-122.423460606633,37.797465253650735],[-122.42315968070685,37.79730321661358],[-122.42293977329928,37.79712960550234],[-122.4228008844103,37.796944420317026],[-122.42266199552131,37.796793957353955],[-122.42252310663231,37.79667821661313],[-122.42238421774333,37.79659719809455],[-122.42224532885434,37.79655090179822],[-122.4221411621876,37.79646988327964],[-122.42207171774311,37.79635414253882],[-122.42203699552086,37.79620367957575],[-122.42203699552086,37.796018494390424],[-122.42199069922452,37.79589117957552],[-122.42189810663187,37.79582173513102],[-122.42175921774287,37.79581016105694],[-122.42157403255754,37.79585645735327],[-122.42140042144631,37.79587960550143],[-122.42123838440915,37.79587960550143],[-122.42108792144607,37.79585645735327],[-122.42094903255709,37.79581016105694],[-122.42072912514952,37.795775438834696],[-122.42042819922338,37.79575229068652],[-122.42004625477865,37.79574071661244],[-122.41958329181534,37.79574071661244],[-122.41916662514838,37.79575229068652],[-122.41879625477773,37.795775438834696],[-122.41847218070342,37.79581016105694],[-122.41819440292545,37.79585645735327],[-122.4179629214438,37.79591432772368],[-122.4177777362585,37.79598377216818],[-122.4176388473695,37.796064790686756],[-122.41754625477684,37.79615738327942],[-122.41743051403601,37.79622682772391],[-122.41729162514702,37.79627312402024],[-122.41712958810986,37.796296272168405],[-122.41694440292454,37.796296272168405],[-122.41679393996147,37.79623840179799],[-122.41667819922064,37.79612266105717],[-122.41659718070207,37.79594904994593],[-122.41655088440574,37.795717568464276],[-122.41642356959083,37.79555553142712],[-122.41621523625733,37.79546293883446],[-122.41592588440527,37.795439790686295],[-122.41555551403464,37.79548608698263],[-122.41525458810848,37.79555553142713],[-122.41502310662683,37.795648124019785],[-122.41486106958968,37.79576386476061],[-122.41476847699703,37.79590275364961],[-122.41478005107112,37.796006920316344],[-122.41489579181192,37.79607636476084],[-122.41511569921948,37.79611108698309],[-122.4154397732938,37.79611108698309],[-122.41575227329403,37.79620367957575],[-122.41605319922017,37.79638886476107],[-122.41634255107223,37.796666642539044],[-122.41662032885021,37.79703701290969],[-122.41685181033186,37.79728006846542],[-122.41703699551718,37.79739580920624],[-122.41717588440618,37.797384235132164],[-122.41726847699886,37.797245346243166],[-122.41740736588785,37.79714117957643],[-122.41759255107317,37.79707173513193],[-122.41782403255482,37.79703701290968],[-122.41810181033279,37.79703701290968],[-122.41836801403667,37.79701386476152],[-122.41862264366651,37.79696756846519],[-122.41886569922224,37.79689812402069],[-122.41909718070389,37.796805531428035],[-122.41934023625961,37.79678238327987],[-122.41959486588942,37.7968286795762],[-122.41986106959334,37.796944420317026],[-122.4201388473713,37.79712960550234],[-122.42038190292705,37.79731479068766],[-122.42059023626055,37.79749997587298],[-122.42076384737177,37.797685161058304],[-122.42090273626077,37.79787034624362],[-122.4210184770016,37.79815969809569],[-122.42111106959425,37.798553216614486],[-122.42118051403875,37.79905090180004],[-122.42122681033506,37.799652753652325],[-122.4212036621869,37.80009256846746],[-122.42111106959425,37.80037034624544],[-122.42094903255709,37.80048608698627],[-122.42071755107544,37.800439790689936],[-122.42048606959378,37.80041664254178],[-122.42025458811214,37.80041664254178],[-122.42002310663048,37.800439790689936],[-122.41979162514883,37.80048608698627],[-122.41959486588944,37.80062497587525],[-122.41943282885228,37.80085645735691],[-122.41930551403738,37.801180531431214],[-122.41921292144472,37.801597198098186],[-122.41915505107431,37.801967568468825],[-122.41913190292615,37.80229164254314],[-122.41914347700023,37.80256942032112],[-122.41918977329655,37.80280090180277],[-122.41917819922247,37.80299766106217],[-122.41910875477797,37.80315969809932],[-122.41898143996306,37.80328701291423],[-122.41879625477775,37.80337960550689],[-122.41865736588875,37.803483772173635],[-122.41856477329608,37.80359951291446],[-122.41851847699976,37.80372682772936],[-122.41851847699976,37.803865716618354],[-122.41847218070342,37.80396988328509],[-122.41837958811078,37.80403932772959],[-122.41824069922178,37.804074049951836],[-122.41805551403647,37.804074049951836],[-122.41788190292523,37.80405090180367],[-122.41771986588807,37.804004605507345],[-122.417569402925,37.803935161062846],[-122.41743051403601,37.80384256847019],[-122.4173726436656,37.80369210550711],[-122.41739579181376,37.803483772173635],[-122.4174999584805,37.803217568469734],[-122.41768514366584,37.80289349439542],[-122.41768514366584,37.80269673513602],[-122.4174999584805,37.802627290691525],[-122.41712958810987,37.80268516106194],[-122.41657403255388,37.80287034624726],[-122.41608792144243,37.802997661062165],[-122.41567125477545,37.80306710550666],[-122.41532403255297,37.80307867958074],[-122.415046254775,37.80303238328441],[-122.41483792144152,37.80289349439542],[-122.41469903255252,37.80266201291377],[-122.41462958810803,37.802337938839464],[-122.41462958810803,37.80192127217249],[-122.41464116218211,37.80155090180185],[-122.41466431033028,37.80122682772755],[-122.41469903255253,37.800949049949566],[-122.41474532884885,37.80071756846792],[-122.41487264366376,37.80054395735668],[-122.41508097699726,37.800428216615856],[-122.41537032884932,37.800370346245444],[-122.41574069921995,37.800370346245444],[-122.41600690292384,37.80032404994911],[-122.41616893996101,37.80023145735646],[-122.41622681033142,37.80009256846746],[-122.41618051403509,37.79990738328215],[-122.41605319922019,37.79976849439315],[-122.4158448658867,37.7996759018005],[-122.41555551403464,37.799629605504165],[-122.41518514366399,37.799629605504165],[-122.41481477329336,37.799606457356],[-122.41444440292273,37.799560161059674],[-122.41407403255208,37.799490716615175],[-122.41370366218143,37.79939812402252],[-122.41346060662569,37.79929395735577],[-122.41334486588487,37.79917821661495],[-122.41335643995896,37.799050901800044],[-122.41349532884794,37.798912012911046],[-122.41359949551469,37.798761549947976],[-122.4136689399592,37.798599512910826],[-122.41370366218143,37.79842590179958],[-122.41370366218143,37.798240716614266],[-122.41361106958877,37.7981481240216],[-122.41342588440345,37.7981481240216],[-122.41314810662547,37.798240716614266],[-122.41277773625482,37.79842590179958],[-122.4124652362546,37.79856479068857],[-122.41221060662478,37.79865738328124],[-122.41201384736537,37.798703679577564],[-122.41187495847639,37.798703679577564],[-122.41175921773555,37.79873840179981],[-122.4116666251429,37.79880784624431],[-122.41159718069841,37.798912012911046],[-122.41155088440209,37.799050901800044],[-122.41144671773534,37.79915506846678],[-122.41128468069817,37.79922451291128],[-122.4110647732906,37.799259235133526],[-122.41078699551264,37.799259235133526],[-122.41053236588282,37.79922451291128],[-122.41030088440117,37.79915506846678],[-122.41009255106769,37.799050901800044],[-122.40990736588236,37.798912012911046],[-122.40973375477112,37.798842568466554],[-122.40957171773397,37.798842568466554],[-122.40942125477089,37.798912012911046],[-122.40928236588191,37.799050901800044],[-122.40913190291883,37.799131920318615],[-122.40896986588169,37.79915506846679],[-122.40879625477045,37.799120346244536],[-122.4086110695851,37.79902775365187],[-122.40840273625163,37.79896988328146],[-122.40817125476998,37.798946735133285],[-122.40791662514016,37.79895830920737],[-122.4076388473622,37.799004605503704],[-122.40733792143604,37.79903932772595],[-122.40701384736172,37.79906247587412],[-122.40666662513925,37.7990740499482],[-122.40629625476862,37.7990740499482],[-122.40599532884248,37.79905090180004],[-122.40576384736083,37.79900460550371],[-122.40560181032367,37.79893516105921],[-122.405509217731,37.798842568466554],[-122.40539347699017,37.798773124022055],[-122.40525458810119,37.79872682772573],[-122.40509255106403,37.798703679577564],[-122.40490736587871,37.798703679577564],[-122.40476847698972,37.79879627217022],[-122.40467588439705,37.798981457355545],[-122.40462958810073,37.79925923513352],[-122.40462958810073,37.799629605504165],[-122.40458329180439,37.799942105504385],[-122.40449069921175,37.80019673513421],[-122.40435181032275,37.8003934943936],[-122.40416662513744,37.8005323832826],[-122.40403931032252,37.80068284624567],[-122.40396986587803,37.80084488328283],[-122.40395829180395,37.801018494394064],[-122.40400458810026,37.80120367957938],[-122.40408560661885,37.80134256846837],[-122.40420134735967,37.80143516106103],[-122.40435181032274,37.80148145735736],[-122.40453699550807,37.80148145735736],[-122.4047106066193,37.801446735135116],[-122.40487264365646,37.80137729069062],[-122.40502310661954,37.80127312402388],[-122.40516199550852,37.80113423513488],[-122.40535875476792,37.80105321661631],[-122.40561338439774,37.80103006846814],[-122.40592588439797,37.80106479069039],[-122.4062962547686,37.801157383283055],[-122.40657403254659,37.80124997587571],[-122.40675921773192,37.801342568468364],[-122.40685181032457,37.80143516106102],[-122.40685181032457,37.80152775365369],[-122.40675921773192,37.801608772172266],[-122.40657403254659,37.801678216616764],[-122.4062962547686,37.80173608698718],[-122.40592588439797,37.8017823832835],[-122.40565968069407,37.80187497587616],[-122.40549764365691,37.80201386476516],[-122.4054397732865,37.802199049950474],[-122.40548606958284,37.80243053143213],[-122.4054397732865,37.802604142543366],[-122.4053008843975,37.80271988328419],[-122.40506940291586,37.8027777536546],[-122.40474532884154,37.8027777536546],[-122.40445597698948,37.80276617958052],[-122.40420134735967,37.80274303143236],[-122.4039814399521,37.80270830921011],[-122.40379625476679,37.80266201291378],[-122.40364579180371,37.80267358698786],[-122.40353005106292,37.80274303143235],[-122.40344903254433,37.80287034624726],[-122.40340273624798,37.80305553143258],[-122.40332171772941,37.80317127217341],[-122.40320597698857,37.803217568469734],[-122.4030555140255,37.803194420321574],[-122.4028703288402,37.80310182772891],[-122.40271986587712,37.80296293883992],[-122.40260412513628,37.802777753654595],[-122.4025231066177,37.80254627217295],[-122.40247681032136,37.80226849439497],[-122.40240736587687,37.80206016106149],[-122.40231477328422,37.80192127217249],[-122.4021990325434,37.801851827728],[-122.4020601436544,37.801851827728],[-122.40189810661724,37.80188654995025],[-122.40171292143194,37.801955994394746],[-122.40150458809845,37.80206016106149],[-122.4012731066168,37.802199049950474],[-122.40105319920923,37.8022453462468],[-122.40084486587574,37.802199049950474],[-122.40064810661633,37.80206016106148],[-122.40046292143101,37.801828679579835],[-122.4003356066161,37.80163192032043],[-122.40026616217159,37.80146988328328],[-122.40025458809751,37.80134256846837],[-122.40030088439389,37.80124997587571],[-122.4002198658753,37.80111108698672],[-122.40001153254181,37.8009259018014],[-122.39967588439342,37.80069442031975],[-122.39921292143012,37.80041664254177],[-122.39885725952107,37.80025036202861],[-122.39860889866625,37.800195578780276],[-122.3984678388657,37.80025229279676],[-122.39843408011936,37.800420504078076],[-122.39826872118462,37.800626239664055],[-122.39797176206149,37.80086949955472],[-122.39754320274992,37.801150283750054],[-122.39698304324989,37.80146859225007],[-122.39663000883922,37.80177087886507],[-122.39648409951789,37.80205714359505],[-122.39654531528586,37.80232738644003],[-122.39681365614318,37.80258160739998],[-122.39715197019683,37.802701121379954],[-122.39756025744683,37.80268592837996],[-122.39803851789318,37.80253602839997],[-122.3985867515359,37.80225142144001],[-122.39901758689291,37.802059952220034],[-122.39933102396427,37.80196162074006],[-122.39952706274994,37.801956427000064],[-122.3996057032499,37.802044371000065],[-122.39953148906608,37.802188718222936],[-122.3993044201984,37.802389468668686],[-122.39892449664688,37.802646622337306],[-122.39839171841157,37.80296017922879],[-122.39801808874134,37.80321241971086],[-122.39780360763618,37.8034033437835],[-122.39774827509616,37.80353295144671],[-122.39785209112125,37.80360124270051],[-122.39803131394869,37.8035984109659],[-122.39828594357851,37.803524456242876],[-122.39861598001069,37.803379378531446],[-122.39902142324524,37.80316317783161],[-122.39934692666509,37.803025160382866],[-122.39959249027021,37.80296532618522],[-122.39975811406063,37.80298367523868],[-122.39984379803636,37.80308020754323],[-122.39979873076814,37.80321735552164],[-122.39962291225598,37.80339511917392],[-122.3993163424999,37.80361349850006],[-122.39887902149991,37.80387249350007],[-122.3985700800624,37.80408827668758],[-122.3983895181874,37.80426084806258],[-122.39833733587491,37.80439020762508],[-122.39841353312491,37.80447635537508],[-122.39859267149993,37.80446976287507],[-122.39887475099994,37.804370430125076],[-122.39925977162494,37.80417835712507],[-122.39974773337491,37.80389354387506],[-122.40014395443741,37.803686011250065],[-122.40044843481243,37.80355575925006],[-122.40066117449993,37.80350278787507],[-122.40078217349992,37.80352709712508],[-122.40087056102458,37.803611956844314],[-122.40092633707388,37.80375736703278],[-122.40094950164783,37.80396332769048],[-122.40094005474643,37.804229838817406],[-122.40090004354573,37.80459423069337],[-122.40082946804571,37.80505650331837],[-122.4007283282464,37.80561665669239],[-122.40059662414782,37.80627469081544],[-122.40053480312305,37.80678889306229],[-122.40054286517213,37.807159263432936],[-122.40062081029507,37.80738580192737],[-122.40076863849184,37.80746850854558],[-122.40099287552773,37.807432426292195],[-122.40129352140274,37.807277555167204],[-122.40167057611684,37.807003895170595],[-122.40212403967007,37.80661144630237],[-122.40250275958499,37.806345154276215],[-122.4028067358616,37.806205019092104],[-122.40303596849992,37.80619104075006],[-122.40319045749993,37.80630321925006],[-122.40324289767975,37.806466343346536],[-122.40319328903936,37.80668041303949],[-122.40304163157879,37.8069454283289],[-122.40278792529803,37.8072613892148],[-122.40262126928069,37.80751258539797],[-122.40254166352676,37.8076990168784],[-122.40254910803628,37.80782068365611],[-122.40264360280923,37.807877585731084],[-122.4027876677034,37.8078337711096],[-122.40298130271877,37.80768923979165],[-122.40322450785537,37.80744399177724],[-122.40351728311319,37.807098027066374],[-122.40378442511906,37.80686306972072],[-122.40402593387297,37.806739119740286],[-122.40424180937492,37.80672617712507],[-122.40443205162495,37.80682424187508],[-122.40452434856245,37.80700855762508],[-122.40451870018742,37.80727912437507],[-122.40441510649993,37.80763594212507],[-122.40421356749994,37.808079010875055],[-122.40409222893743,37.80841889793754],[-122.40405109081243,37.808655603312545],[-122.40409015312494,37.80878912700004],[-122.40420941587493,37.80881946900004],[-122.40435721131243,37.808717347937545],[-122.40453353943744,37.80848276381255],[-122.40473840024993,37.80811571662505],[-122.40497179374995,37.80761620637506],[-122.40518321399995,37.80725987118756],[-122.40537266099992,37.80704671106256],[-122.40554013474991,37.80697672600006],[-122.40568563524994,37.807049916000054],[-122.40580860218765,37.80728232568018],[-122.40590903556307,37.80767395504043],[-122.40598693537623,37.80822480408081],[-122.40604230162714,37.80893487280131],[-122.40612699994008,37.809467122161564],[-122.40624103031507,37.809821552161566],[-122.40638439275213,37.809998162801314],[-122.40655708725126,37.809996954080816],[-122.40667587231309,37.80985997447794],[-122.40674074793765,37.809587223992686],[-122.40675171412494,37.80917870262506],[-122.4067087708749,37.80863441037506],[-122.40677054785127,37.808246825689366],[-122.40693704505401,37.80801594856797],[-122.40720826248312,37.807941779010875],[-122.4075842001386,37.80802431701807],[-122.40792402375062,37.80812094274572],[-122.4082277333192,37.80823165619381],[-122.4084953288443,37.80835645736236],[-122.40872681032594,37.80849534625135],[-122.40891199551126,37.80863423514033],[-122.40905088440024,37.80877312402933],[-122.40914347699291,37.80891201291831],[-122.40918977328923,37.80905090180731],[-122.40925921773373,37.80915506847405],[-122.4093518103264,37.80922451291855],[-122.40946755106722,37.80925923514079],[-122.4096064399562,37.80925923514079],[-122.40973375477112,37.809305531437126],[-122.40984949551195,37.809398124029784],[-122.4099536621787,37.809537012918774],[-122.41004625477136,37.80972219810409],[-122.41011569921585,37.80994210551165],[-122.41016199551218,37.810196735141474],[-122.41018514366034,37.810486086993535],[-122.41018514366034,37.81081016106785],[-122.41025155698676,37.8110416425495],[-122.41038438363958,37.811180531438495],[-122.4105836236188,37.81122682773482],[-122.41084927692444,37.81118053143849],[-122.41105154802176,37.81111108699399],[-122.41119043691074,37.81101849440133],[-122.4112659435914,37.81090275366051],[-122.41127806806377,37.810763864771516],[-122.4112292910476,37.81059025366028],[-122.41111961254295,37.8103819203268],[-122.4109490325498,37.81013886477106],[-122.41071755106813,37.80986108699308],[-122.41055551403097,37.80961803143735],[-122.41046292143832,37.80940969810386],[-122.41043977329016,37.80923608699263],[-122.41048606958648,37.80909719810364],[-122.41057866217915,37.8089930314369],[-122.41071755106815,37.8089235869924],[-122.41090273625346,37.808888864770154],[-122.41113421773511,37.808888864770154],[-122.41131940292043,37.8089235869924],[-122.41145829180942,37.8089930314369],[-122.41155088440209,37.80909719810364],[-122.41159718069841,37.80923608699263],[-122.411678199217,37.8093171055112],[-122.41179393995779,37.80934025365937],[-122.41194440292088,37.80930553143712],[-122.41212958810621,37.80921293884446],[-122.41238421773602,37.80915506847405],[-122.41270829181036,37.80913192032588],[-122.41310181032915,37.80914349439997],[-122.41356477329245,37.8091897906963],[-122.41398031365634,37.80921836378475],[-122.41434843142079,37.80922921366533],[-122.41466912658584,37.809222340338025],[-122.41494239915147,37.80919774380284],[-122.41536571801319,37.80932382846396],[-122.415939083171,37.809600594321374],[-122.41666249462492,37.81002804137508],[-122.41753595237492,37.810606169625075],[-122.41829788162732,37.811028697698774],[-122.4189482823821,37.81129562559618],[-122.4194871546393,37.81140695331729],[-122.4199144983989,37.811362680862096],[-122.42004743452472,37.8112021617058],[-122.41988596301677,37.810925395848386],[-122.41943008387503,37.81053238328987]],[[-122.49761569927976,37.77016201289015],[-122.49775458816875,37.770023124001156],[-122.49795134742816,37.76991895733442],[-122.49820597705798,37.76984951288992],[-122.4985184770582,37.769814790667674],[-122.49888884742883,37.769814790667674],[-122.49920134742905,37.76984951288992],[-122.49945597705887,37.76991895733442],[-122.49965273631828,37.770023124001156],[-122.49979162520727,37.77016201289015],[-122.49989579187401,37.77031247585322],[-122.49996523631852,37.77047451289037],[-122.49999995854076,37.77064812400161],[-122.49999995854076,37.770833309186926],[-122.49995366224442,37.77099534622408],[-122.49986106965177,37.77113423511307],[-122.49972218076279,37.77124997585389],[-122.49953699557744,37.771342568446556],[-122.49935181039213,37.771412012891055],[-122.49916662520683,37.77145830918738],[-122.49898144002151,37.77148145733555],[-122.49879625483617,37.77148145733555],[-122.49861106965085,37.77150460548371],[-122.49842588446552,37.771550901780046],[-122.4982406992802,37.771620346224545],[-122.4980555140949,37.771712938817195],[-122.4979166252059,37.77172451289128],[-122.49782403261324,37.77165506844678],[-122.4977777363169,37.77150460548371],[-122.4977777363169,37.771273124002064],[-122.49775458816875,37.77106479066858],[-122.49770829187241,37.77087960548326],[-122.49763884742792,37.77071756844611],[-122.49754625483526,37.77057867955711],[-122.497511532613,37.77043979066812],[-122.49753468076118,37.77030090177914],[-122.49761569927976,37.77016201289015]],[[-122.42594903256075,37.806921272176126],[-122.42571755107909,37.80659719810183],[-122.42549764367152,37.806249975879346],[-122.42528931033804,37.80587960550871],[-122.42509255107865,37.8054860869899],[-122.4249073658933,37.80506942032293],[-122.42481477330065,37.8047569203227],[-122.42481477330065,37.80454858698921],[-122.4249073658933,37.804444420322476],[-122.42509255107865,37.804444420322476],[-122.42525458811579,37.80450229069289],[-122.42539347700479,37.80461803143371],[-122.42550921774561,37.80479164254495],[-122.42560181033826,37.805023124026604],[-122.42567125478277,37.80524303143417],[-122.42571755107909,37.80545136476765],[-122.42574069922726,37.80564812402706],[-122.42574069922726,37.805833309212375],[-122.42576384737542,37.80600692032362],[-122.42581014367175,37.80616895736077],[-122.42587958811625,37.80631942032384],[-122.42597218070891,37.806458309212836],[-122.42611106959791,37.806550901805494],[-122.42629625478322,37.80659719810182],[-122.42652773626487,37.80659719810182],[-122.42680551404285,37.80655090180549],[-122.42702542145042,37.80657404995365],[-122.42718745848758,37.80666664254631],[-122.42729162515433,37.80682867958347],[-122.42733792145063,37.807060161065124],[-122.42730319922839,37.80723377217636],[-122.42718745848757,37.807349512917185],[-122.42699069922816,37.8074073832876],[-122.42671292145019,37.8074073832876],[-122.42644671774629,37.80732636476902],[-122.4261920881165,37.80716432773186],[-122.42594903256075,37.806921272176126]],[[-122.47097218074178,37.80796293884355],[-122.47087958814912,37.80796293884355],[-122.47068282888972,37.80781247588048],[-122.47038190296358,37.807511549954334],[-122.4699768103707,37.80706016106512],[-122.46946755111102,37.80645830921283],[-122.46905088444406,37.805995346249524],[-122.46872681036976,37.80567127217522],[-122.46849532888811,37.8054860869899],[-122.46835643999911,37.80543979069357],[-122.46820597703604,37.805358772175],[-122.46804393999889,37.80524303143417],[-122.46787032888767,37.805092568471096],[-122.46768514370234,37.80490738328578],[-122.46753468073928,37.80472219810046],[-122.46741893999842,37.80453701291514],[-122.46733792147985,37.80435182772982],[-122.46729162518355,37.8041666425445],[-122.46721060666496,37.804004605507345],[-122.46709486592412,37.80386571661836],[-122.46694440296105,37.80374997587754],[-122.46675921777573,37.80365738328487],[-122.46662032888673,37.803506920321794],[-122.46652773629407,37.803298586988305],[-122.46648143999775,37.80303238328441],[-122.46648143999775,37.80270830921011],[-122.46646986592366,37.802442105506216],[-122.46644671777551,37.80223377217273],[-122.46641199555326,37.80208330920965],[-122.46636569925693,37.801990716616984],[-122.46634255110877,37.801851827728],[-122.46634255110877,37.80166664254268],[-122.46636569925693,37.80143516106103],[-122.46641199555326,37.801157383283055],[-122.46649301407183,37.800937475875486],[-122.46660875481265,37.800775438838336],[-122.46675921777573,37.80067127217159],[-122.46694440296105,37.80062497587526],[-122.46709486592412,37.8005323832826],[-122.46721060666496,37.8003934943936],[-122.46729162518355,37.80020830920829],[-122.46733792147985,37.79997682772664],[-122.46741893999842,37.799780068467236],[-122.46753468073928,37.799618031430086],[-122.46768514370234,37.799490716615175],[-122.46787032888767,37.79939812402252],[-122.46804393999889,37.799259235133526],[-122.46820597703604,37.7990740499482],[-122.46835643999911,37.798842568466554],[-122.46849532888811,37.79856479068857],[-122.46868051407343,37.79831016105876],[-122.46891199555508,37.79807867957711],[-122.46918977333306,37.79787034624362],[-122.46951384740738,37.797685161058304],[-122.46980319925945,37.79758099439156],[-122.47005782888925,37.79755784624339],[-122.47027773629682,37.797615716613805],[-122.47046292148214,37.7977546055028],[-122.47067125481563,37.79785877216954],[-122.47090273629729,37.79792821661404],[-122.4711573659271,37.797962938836285],[-122.47143514370507,37.797962938836285],[-122.47164347703855,37.79798608698445],[-122.47178236592754,37.79803238328078],[-122.47185181037204,37.798101827725276],[-122.47185181037204,37.79819442031794],[-122.4718055140757,37.79829858698468],[-122.47171292148306,37.7984143277255],[-122.47157403259406,37.798541642540414],[-122.47138884740875,37.7986805314294],[-122.47118051407526,37.79879627217022],[-122.47094903259361,37.79888886476287],[-122.4706944029638,37.79895830920737],[-122.47041662518582,37.799004605503704],[-122.47015042148192,37.799062475874116],[-122.46989579185211,37.799131920318615],[-122.46965273629637,37.799212938837194],[-122.46942125481472,37.79930553142985],[-122.46925921777756,37.799421272170676],[-122.4691666251849,37.79956016105967],[-122.46914347703674,37.79972219809682],[-122.46918977333306,37.79990738328214],[-122.4692939399998,37.80004627217113],[-122.46945597703697,37.800138864763795],[-122.46967588444454,37.80018516106012],[-122.46995366222251,37.80018516106012],[-122.4702893103709,37.800138864763795],[-122.47068282888972,37.80004627217113],[-122.47113421777894,37.79990738328214],[-122.47164347703855,37.79972219809682],[-122.47203699555736,37.79954858698558],[-122.47231477333536,37.79938654994843],[-122.47247681037251,37.79923608698536],[-122.47252310666883,37.79909719809636],[-122.4726156992615,37.79901617957779],[-122.4727545881505,37.79899303142962],[-122.47293977333581,37.79902775365187],[-122.47317125481746,37.799120346244536],[-122.47341431037319,37.799201364763114],[-122.47366894000301,37.79927080920761],[-122.47393514370691,37.79932867957802],[-122.47421292148488,37.79937497587435],[-122.47444440296653,37.79946756846701],[-122.47462958815187,37.79960645735599],[-122.47476847704085,37.799791642541315],[-122.4748610696335,37.80002312402297],[-122.47497681037432,37.80017358698604],[-122.47511569926331,37.80024303143054],[-122.47527773630047,37.80023145735646],[-122.47546292148579,37.800138864763795],[-122.47564810667112,37.800069420319296],[-122.47583329185643,37.80002312402297],[-122.47601847704175,37.799999975874805],[-122.47620366222708,37.799999975874805],[-122.47634255111606,37.80005784624522],[-122.47643514370873,37.80017358698604],[-122.47648144000506,37.80034719809728],[-122.47648144000506,37.800578679578926],[-122.47641199556057,37.80078701291241],[-122.47627310667157,37.80097219809773],[-122.4760647733381,37.80113423513488],[-122.47578699556011,37.80127312402388],[-122.47553236593029,37.80134256846837],[-122.47530088444864,37.80134256846837],[-122.47509255111517,37.80127312402388],[-122.47490736592982,37.80113423513488],[-122.47472218074451,37.80097219809773],[-122.4745369955592,37.80078701291241],[-122.47435181037389,37.800578679578926],[-122.47416662518854,37.80034719809728],[-122.47398144000323,37.80017358698604],[-122.4737962548179,37.80005784624522],[-122.47361106963258,37.799999975874805],[-122.47342588444728,37.799999975874805],[-122.4732754214842,37.80005784624522],[-122.47315968074336,37.80017358698604],[-122.4730786622248,37.80034719809728],[-122.47303236592846,37.800578679578926],[-122.47292819926173,37.80078701291241],[-122.47276616222457,37.80097219809773],[-122.47254625481699,37.80113423513488],[-122.47226847703902,37.80127312402388],[-122.47207171777961,37.80141201291286],[-122.47195597703876,37.80155090180186],[-122.47192125481652,37.801689790690844],[-122.4719675511129,37.801828679579835],[-122.47197912518698,37.80195599439474],[-122.47195597703882,37.80207173513556],[-122.47189810666839,37.80217590180231],[-122.47180551407571,37.802268494394966],[-122.47173606963122,37.80238423513579],[-122.47168977333489,37.80252312402479],[-122.47166662518673,37.80268516106194],[-122.47166662518673,37.80287034624726],[-122.47155088444589,37.803009235136244],[-122.47131940296426,37.80310182772891],[-122.47097218074178,37.80314812402524],[-122.47050921777847,37.80314812402524],[-122.470161995556,37.80318284624749],[-122.46993051407436,37.80325229069199],[-122.46981477333352,37.803356457358724],[-122.46981477333352,37.803495346247715],[-122.46986106962987,37.80359951291445],[-122.46995366222251,37.80366895735895],[-122.4700925511115,37.8037036795812],[-122.47027773629682,37.8037036795812],[-122.47047449555623,37.80372682772936],[-122.47068282888971,37.80377312402569],[-122.47090273629728,37.80384256847019],[-122.47113421777894,37.803935161062846],[-122.4712962548161,37.80405090180367],[-122.47138884740875,37.80418979069266],[-122.4714119955569,37.80435182772982],[-122.47136569926059,37.804537012915134],[-122.471284680742,37.80467590180413],[-122.47116894000118,37.80476849439678],[-122.47101847703811,37.804814790693115],[-122.47083329185278,37.804814790693115],[-122.47065968074155,37.80484951291536],[-122.47049764370439,37.80491895735986],[-122.47034718074131,37.805023124026604],[-122.47020829185233,37.80516201291559],[-122.47012727333376,37.80530090180458],[-122.47010412518559,37.805439790693576],[-122.47013884740784,37.80557867958257],[-122.4702314400005,37.80571756847155],[-122.47035875481541,37.80581016106421],[-122.47052079185255,37.805856457360534],[-122.47071755111196,37.80585645736054],[-122.47094903259361,37.80581016106421],[-122.47111106963077,37.80591432773095],[-122.47120366222342,37.806168957360775],[-122.47122681037158,37.80657404995366],[-122.47118051407527,37.80712960550961],[-122.47112264370486,37.80754627217658],[-122.47105319926035,37.80782404995456],[-122.47097218074178,37.80796293884355]],[[-122.40546292143468,37.804166642544494],[-122.40527773624936,37.80398145735918],[-122.40519671773077,37.80381942032203],[-122.40521986587893,37.80368053143303],[-122.40534718069384,37.80356479069221],[-122.4055786621755,37.80347219809954],[-122.40576384736082,37.80346062402546],[-122.4059027362498,37.80353006846996],[-122.40599532884247,37.80368053143303],[-122.40604162513878,37.80391201291469],[-122.40605319921286,37.80409719810001],[-122.4060300510647,37.80423608698899],[-122.40597218069429,37.80432867958165],[-122.40587958810164,37.804374975877984],[-122.40576384736083,37.8043634018039],[-122.40562495847183,37.8042939573594],[-122.40546292143468,37.804166642544494]],[[-122.45374995850698,37.8033101610624],[-122.45365736591431,37.8031712721734],[-122.4535994955439,37.802974512914005],[-122.45357634739574,37.80271988328418],[-122.45358792146982,37.80240738328396],[-122.45363421776617,37.80203701291332],[-122.45369208813658,37.8017245129131],[-122.45376153258107,37.801469883283275],[-122.45384255109964,37.80127312402388],[-122.4539351436923,37.80113423513488],[-122.45405088443313,37.80105321661631],[-122.45418977332211,37.80103006846814],[-122.45435181035927,37.80106479069039],[-122.45453699554459,37.801157383283055],[-122.45462958813724,37.80127312402388],[-122.45462958813724,37.80141201291286],[-122.45453699554459,37.80157404995002],[-122.45435181035927,37.801759235135336],[-122.45423606961845,37.801955994394746],[-122.45418977332211,37.80216432772822],[-122.45421292147027,37.80238423513579],[-122.45430551406294,37.80261571661744],[-122.45434023628518,37.80282404995093],[-122.454317088137,37.803009235136244],[-122.45423606961843,37.8031712721734],[-122.45409718072945,37.8033101610624],[-122.45396986591454,37.80337960550689],[-122.45385412517372,37.80337960550689],[-122.45374995850698,37.8033101610624]],[[-122.47493051407801,37.7894907166079],[-122.47451384741103,37.789398124015236],[-122.4742707918553,37.78930553142258],[-122.4742013474108,37.78921293882993],[-122.47430551407754,37.78912034623727],[-122.47458329185552,37.7890277536446],[-122.47483792148533,37.788958309200105],[-122.47506940296698,37.78891201290378],[-122.47527773630047,37.78888886475561],[-122.47546292148579,37.78888886475561],[-122.4755902363007,37.78893516105194],[-122.4756596807452,37.7890277536446],[-122.47567125481928,37.789166642533594],[-122.47562495852296,37.78935182771891],[-122.47548606963396,37.78946756845974],[-122.47525458815231,37.78951386475607],[-122.47493051407801,37.7894907166079]],[[-122.48356477334357,37.78854164253313],[-122.4834721807509,37.788310161051484],[-122.48344903260272,37.78814812401433],[-122.48349532889905,37.788055531421676],[-122.48361106963989,37.78803238327351],[-122.48379625482522,37.78807867956984],[-122.48391199556605,37.78815969808842],[-122.4839582918624,37.788275438829245],[-122.48393514371422,37.788425901792316],[-122.48384255112155,37.78861108697763],[-122.48374995852889,37.78869210549621],[-122.48365736593624,37.78866895734804],[-122.48356477334357,37.78854164253313]],[[-122.48303236593578,37.78759256845837],[-122.48233792149081,37.78759256845837],[-122.48186338445342,37.787569420310206],[-122.48160875482363,37.78752312401388],[-122.48157403260137,37.78745367956938],[-122.4817592177867,37.787361086976716],[-122.48203699556467,37.787291642532225],[-122.4824073659353,37.7872453462359],[-122.4828703288986,37.78722219808773],[-122.48342588445459,37.78722219808773],[-122.48383097704748,37.7872453462359],[-122.48408560667727,37.787291642532225],[-122.48418977334401,37.787361086976716],[-122.48414347704771,37.78745367956938],[-122.48393514371422,37.78752312401388],[-122.48356477334357,37.787569420310206],[-122.48303236593578,37.78759256845837]],[[-122.49182866223849,37.78641201290196],[-122.4916897733495,37.78636571660563],[-122.49158560668276,37.78626154993889],[-122.49151616223827,37.786099512901735],[-122.49148144001602,37.785879605494166],[-122.49148144001602,37.785601827716185],[-122.49153931038643,37.78542821660495],[-122.49165505112725,37.78535877216045],[-122.49182866223849,37.7853934943827],[-122.49206014372014,37.785532383271686],[-122.49221060668322,37.785682846234764],[-122.49228005112771,37.78584488327191],[-122.49226847705363,37.78601849438316],[-122.49217588446096,37.78620367956847],[-122.49207171779422,37.786330994383384],[-122.4919559770534,37.786400438827876],[-122.49182866223849,37.78641201290196]],[[-122.50456014372926,37.77817127215523],[-122.50451384743295,37.77793979067358],[-122.50449069928477,37.77768516104376],[-122.50449069928477,37.77740738326579],[-122.50451384743295,37.77710645733964],[-122.50456014372926,37.77678238326533],[-122.50462958817377,37.77652775363551],[-122.50472218076644,37.77634256845019],[-122.50483792150726,37.77622682770937],[-122.50497681039624,37.77618053141304],[-122.50508097706299,37.776284698079785],[-122.5051504215075,37.77653932770961],[-122.50518514372973,37.77694442030249],[-122.50518514372973,37.77749997585844],[-122.5051504215075,37.77792821659949],[-122.50508097706299,37.77822914252564],[-122.50497681039624,37.778402753636875],[-122.50483792150726,37.77844904993321],[-122.50472218076644,37.77842590178504],[-122.50462958817377,37.778333309192384],[-122.50456014372926,37.77817127215523]],[[-122.50317125483937,37.771041642520416],[-122.50293977335771,37.77099534622408],[-122.50278931039463,37.770891179557346],[-122.50271986595014,37.77072914252019],[-122.50273144002422,37.77050923511262],[-122.5028240326169,37.77023145733464],[-122.50292819928364,37.76999997585299],[-122.50304394002447,37.769814790667674],[-122.50317125483937,37.76967590177868],[-122.50331014372837,37.769583309186025],[-122.50344903261737,37.76957173511194],[-122.50358792150632,37.76964117955644],[-122.50372681039532,37.76979164251951],[-122.50386569928432,37.770023124001156],[-122.50393514372881,37.770243031408725],[-122.50393514372881,37.7704513647422],[-122.50386569928432,37.77064812400161],[-122.50372681039532,37.770833309186926],[-122.50356477335816,37.77096062400184],[-122.50337958817286,37.77103006844633],[-122.50317125483937,37.771041642520416]],[[-122.49909718076232,37.76812497585163],[-122.4992360696513,37.76798608696264],[-122.49935181039213,37.7678124758514],[-122.49944440298479,37.76760414251792],[-122.49951384742928,37.76736108696218],[-122.49956014372562,37.76708330918421],[-122.49965273631827,37.766886549924806],[-122.49979162520727,37.76677080918398],[-122.49997681039258,37.76673608696173],[-122.50020829187423,37.76678238325806],[-122.50040505113364,37.76687497585071],[-122.50056708817078,37.76701386473971],[-122.5006944029857,37.767199049925026],[-122.50078699557837,37.767430531406674],[-122.50081014372654,37.76760414251791],[-122.5007638474302,37.767719883258735],[-122.50064810668938,37.767777753629154],[-122.50046292150407,37.767777753629154],[-122.5002430140965,37.7678124758514],[-122.49998838446668,37.7678819202959],[-122.49969903261461,37.76798608696264],[-122.4993749585403,37.76812497585163],[-122.49916662520681,37.76819442029612],[-122.49907403261416,37.76819442029612],[-122.49909718076232,37.76812497585163]],[[-122.49967588446646,37.766018494368616],[-122.49958329187378,37.7658333091833],[-122.49958329187378,37.76568284622023],[-122.49967588446644,37.765567105479406],[-122.49986106965176,37.76548608696083],[-122.50013884742975,37.765439790664495],[-122.50030088446691,37.76546293881266],[-122.50034718076324,37.76555553140531],[-122.50027773631874,37.76571756844247],[-122.50009255113342,37.76594904992412],[-122.49993051409626,37.76607636473902],[-122.49979162520728,37.766099512887195],[-122.49967588446646,37.766018494368616]],[[-122.49543977335223,37.73999997583118],[-122.49511569927793,37.73999997583118],[-122.49486106964811,37.73993053138669],[-122.4946758844628,37.73979164249769],[-122.49456014372197,37.73958330916421],[-122.49451384742564,37.739305531386236],[-122.49458329187013,37.73908562397867],[-122.49476847705547,37.73892358694152],[-122.49506940298161,37.73881942027477],[-122.49548606964856,37.73877312397844],[-122.49581014372288,37.738807846200686],[-122.49604162520454,37.73892358694151],[-122.49618051409354,37.73912034620091],[-122.49622681038986,37.739398123978894],[-122.49623838446394,37.73961803138646],[-122.49621523631578,37.73978006842361],[-122.49615736594535,37.73988423509036],[-122.49606477335269,37.73993053138668],[-122.49591431038962,37.73996525360893],[-122.49570597705613,37.7399884017571],[-122.49543977335223,37.73999997583118]],[[-122.49393514372152,37.735763864716986],[-122.49384255112885,37.73553238323534],[-122.49377310668436,37.73525460545736],[-122.49372681038804,37.73493053138304],[-122.49370366223987,37.73456016101241],[-122.49370366223987,37.73414349434544],[-122.49369208816579,37.73378469804888],[-122.49366894001761,37.73348377212274],[-122.49363421779537,37.733240716567],[-122.49358792149904,37.73305553138169],[-122.49358792149904,37.73290506841862],[-122.49363421779537,37.73278932767779],[-122.49372681038803,37.732708309159214],[-122.49386569927701,37.73266201286288],[-122.49398144001783,37.73267358693696],[-122.4940740326105,37.73274303138146],[-122.49414347705499,37.73287034619637],[-122.49418977335132,37.73305553138169],[-122.49422449557358,37.733368031381914],[-122.49424764372172,37.73380784619705],[-122.49425921779581,37.734374975827095],[-122.49425921779581,37.73506942027204],[-122.49424764372172,37.73559025360575],[-122.49422449557358,37.73593747582822],[-122.49418977335132,37.73611108693947],[-122.49414347705499,37.73611108693947],[-122.49408560668458,37.73605321656905],[-122.49401616224009,37.73593747582822],[-122.49393514372152,37.735763864716986]],[[-122.50567125484119,37.73497682767938],[-122.50562495854487,37.73483793879039],[-122.5056018103967,37.734641179530996],[-122.5056018103967,37.734386549901174],[-122.50562495854487,37.73407404990095],[-122.50567125484119,37.73370367953031],[-122.50576384743385,37.73341432767824],[-122.50590273632285,37.73320599434476],[-122.50608792150817,37.733078679529854],[-122.50631940298982,37.73303238323352],[-122.5064582918788,37.73311340175211],[-122.50650458817515,37.73332173508558],[-122.50645829187881,37.733657383233975],[-122.50631940298982,37.73412034619728],[-122.50619208817491,37.73449071656792],[-122.50607634743409,37.73476849434589],[-122.50597218076734,37.734953679531216],[-122.50587958817468,37.735046272123874],[-122.50579856965611,37.73508099434612],[-122.50572912521162,37.73505784619796],[-122.50567125484119,37.73497682767938]],[[-122.49870366224351,37.730879605454184],[-122.49870366224351,37.7306018276762],[-122.49873838446575,37.73035877212047],[-122.49880782891026,37.730150438786985],[-122.498911995577,37.72997682767575],[-122.49905088446599,37.72983793878675],[-122.49915505113273,37.72968747582368],[-122.49922449557724,37.72952543878653],[-122.49925921779948,37.72935182767529],[-122.49925921779948,37.72916664248997],[-122.49929394002172,37.729016179526894],[-122.49936338446622,37.72890043878607],[-122.49946755113297,37.7288194202675],[-122.49960644002195,37.728773123971166],[-122.49972218076279,37.72866895730443],[-122.49981477335544,37.72850692026727],[-122.49988421779993,37.7282870128597],[-122.49993051409626,37.72800923508172],[-122.4999652363185,37.727685161007415],[-122.49998838446668,37.72731479063677],[-122.49999995854076,37.726898123969804],[-122.49999995854076,37.726435161006506],[-122.49995366224442,37.72605321656178],[-122.49986106965177,37.72575229063564],[-122.49972218076279,37.72553238322807],[-122.49953699557744,37.72539349433908],[-122.49939810668846,37.72525460545009],[-122.49930551409581,37.725115716561106],[-122.49925921779948,37.724976827672116],[-122.49925921779948,37.72483793878312],[-122.49934023631806,37.72473377211638],[-122.4995022733552,37.72466432767188],[-122.49974532891093,37.724629605449636],[-122.50006940298525,37.724629605449636],[-122.50026616224466,37.72457173507922],[-122.50033560668915,37.7244559943384],[-122.50027773631874,37.72428238322716],[-122.50009255113342,37.724050901745514],[-122.50004625483709,37.72385414248611],[-122.50013884742975,37.723692105448954],[-122.5003703289114,37.72356479063404],[-122.50074069928203,37.72347219804138],[-122.5009606066896,37.723356457300554],[-122.50103005113411,37.72321756841157],[-122.50094903261552,37.72305553137441],[-122.50071755113387,37.7228703461891],[-122.50052079187446,37.722685161003774],[-122.50035875483732,37.72249997581846],[-122.50023144002242,37.722314790633135],[-122.50013884742975,37.72212960544782],[-122.50006940298525,37.72193284618841],[-122.50002310668893,37.721724512854934],[-122.49999995854076,37.721504605447365],[-122.49999995854076,37.721273123965716],[-122.4999768103926,37.721064790632234],[-122.49993051409626,37.72087960544691],[-122.49986106965177,37.72071756840975],[-122.49976847705909,37.72057867952077],[-122.49964116224419,37.72045136470586],[-122.49947912520705,37.720335623965035],[-122.49928236594764,37.7202314572983],[-122.49905088446599,37.72013886470563],[-122.49883097705842,37.72001154989072],[-122.49862264372493,37.719849512853564],[-122.49842588446553,37.71965275359416],[-122.49824069928022,37.71942127211251],[-122.49809023631714,37.71915506840862],[-122.49797449557632,37.71885414248247],[-122.49789347705774,37.718518494334084],[-122.4978471807614,37.71814812396344],[-122.49782403261324,37.71781247581505],[-122.49782403261324,37.717511549888904],[-122.4978471807614,37.71724534618501],[-122.49789347705774,37.71701386470336],[-122.49806708816898,37.716851827666204],[-122.49836801409512,37.71675923507354],[-122.49879625483618,37.71673608692538],[-122.49935181039213,37.716782383221705],[-122.4998263474295,37.716863401740284],[-122.50021986594831,37.71697914248111],[-122.50053236594854,37.717129605444185],[-122.5007638474302,37.7173147906295],[-122.50093745854144,37.717499975814825],[-122.50105319928227,37.71768516100014],[-122.50111106965268,37.717870346185464],[-122.50111106965268,37.71805553137078],[-122.50116894002309,37.71819442025978],[-122.50128468076392,37.71828701285243],[-122.50145829187515,37.71833330914876],[-122.5016897733568,37.71833330914876],[-122.50189810669029,37.71835645729693],[-122.5020832918756,37.71840275359325],[-122.50224532891276,37.718472198037745],[-122.50238421780175,37.71856479063041],[-122.50248838446849,37.718668957297155],[-122.50255782891298,37.71878469803798],[-122.50259255113524,37.71891201285288],[-122.50259255113524,37.71905090174188],[-122.50253468076482,37.71920136470495],[-122.502418940024,37.71936340174211],[-122.50224532891276,37.719537012853344],[-122.50201384743112,37.71972219803866],[-122.5018170881717,37.7198958091499],[-122.50165505113456,37.72005784618705],[-122.50152773631964,37.720208309150124],[-122.50143514372698,37.72034719803912],[-122.50140042150474,37.72054395729852],[-122.5014235696529,37.72079858692834],[-122.50150458817147,37.72111108692856],[-122.50164347706047,37.721481457299205],[-122.50178236594945,37.721782383225346],[-122.50192125483845,37.722013864706994],[-122.50206014372745,37.72217590174415],[-122.50219903261643,37.72226849433682],[-122.50236106965359,37.72234951285539],[-122.5025462548389,37.72241895729989],[-122.5027545881724,37.72247682767029],[-122.50298606965406,37.722523123966624],[-122.50317125483937,37.722604142485196],[-122.50331014372837,37.72271988322602],[-122.50340273632104,37.7228703461891],[-122.50344903261734,37.72305553137441],[-122.50346060669142,37.72320599433749],[-122.50343745854327,37.723321735078315],[-122.50337958817286,37.72340275359689],[-122.5032869955802,37.72344904989322],[-122.50322912520977,37.72357636470813],[-122.50320597706161,37.72378469804161],[-122.50321755113569,37.72407404989367],[-122.50326384743204,37.72444442026432],[-122.50333329187653,37.724768494338626],[-122.5034258844692,37.7250462721166],[-122.50354162521002,37.725277753598256],[-122.503680514099,37.72546293878357],[-122.50371523632126,37.725636549894816],[-122.50364579187675,37.725798586931965],[-122.50347218076551,37.725949049895036],[-122.50319440298753,37.72608793878403],[-122.50298606965406,37.72624997582118],[-122.50284718076506,37.726435161006506],[-122.50277773632057,37.72664349433999],[-122.50277773632057,37.72687497582164],[-122.5027545881724,37.72707173508104],[-122.50270829187608,37.7272337721182],[-122.50263884743157,37.72736108693311],[-122.50254625483892,37.72745367952576],[-122.50245366224627,37.727627290636995],[-122.50236106965357,37.72788192026682],[-122.50226847706092,37.72821756841521],[-122.50217588446827,37.728634235082176],[-122.50207171780153,37.7289467350824],[-122.5019559770607,37.72915506841589],[-122.50182866224579,37.72925923508263],[-122.5016897733568,37.72925923508263],[-122.50151616224557,37.72934025360121],[-122.50130782891208,37.729502290638365],[-122.50106477335635,37.7297453461941],[-122.50078699557838,37.7300694202684],[-122.50053236594856,37.730312475824135],[-122.5003008844669,37.73047451286129],[-122.5000925511334,37.73055553137987],[-122.49990736594809,37.73055553137987],[-122.4997106066887,37.730601827676196],[-122.4995022733552,37.73069442026886],[-122.49928236594764,37.73083330915785],[-122.49905088446599,37.73101849434317],[-122.49887727335476,37.73108793878767],[-122.49876153261391,37.73104164249134],[-122.49870366224351,37.730879605454184]],[[-122.50293977335771,37.71872682766757],[-122.50280088446873,37.71849534618592],[-122.50266199557973,37.7183101610006],[-122.50252310669073,37.718171272111604],[-122.50238421780175,37.718078679518946],[-122.50224532891276,37.718032383222614],[-122.50212958817194,37.717951364704035],[-122.50203699557927,37.71783562396321],[-122.50196755113478,37.71768516100014],[-122.50192125483844,37.717499975814825],[-122.50193282891252,37.717361086925834],[-122.50200227335702,37.717268494333176],[-122.50212958817194,37.71722219803684],[-122.50231477335726,37.71722219803684],[-122.50245366224625,37.71725692025909],[-122.5025462548389,37.71732636470359],[-122.50259255113524,37.717430531370326],[-122.50259255113524,37.71756942025932],[-122.50262727335748,37.71770830914831],[-122.50269671780198,37.717847198037305],[-122.50280088446873,37.71798608692629],[-122.50293977335771,37.71812497581527],[-122.50304394002445,37.71827543877835],[-122.50311338446896,37.7184374758155],[-122.5031481066912,37.71861108692674],[-122.5031481066912,37.71879627211206],[-122.50311338446896,37.718877290630644],[-122.50304394002445,37.71885414248247],[-122.50293977335771,37.71872682766757]]],[[[-122.39662032883561,37.80094057787845],[-122.39708329179892,37.800703448349395],[-122.39740653861114,37.80050386506628],[-122.39759006927227,37.80034182802913],[-122.39763388378235,37.80021733723793],[-122.39753798214136,37.80013039269268],[-122.39734394480561,37.80013772722907],[-122.39705177177511,37.80023934084711],[-122.39666146304987,37.80043523354678],[-122.3961730186299,37.8007254053281],[-122.39583703108933,37.80095150973734],[-122.39565350042818,37.80111354677449],[-122.39562242664644,37.801211516439565],[-122.39574380974413,37.80124541873255],[-122.39595058780823,37.80121156307003],[-122.39624276083873,37.801109949452],[-122.39662032883561,37.80094057787845]]],[[[-122.41870366218508,37.79979164254132],[-122.41870366218508,37.799652753652325],[-122.41864579181467,37.79954858698559],[-122.41853005107384,37.79947914254109],[-122.41835643996261,37.79944442031884],[-122.41812495848096,37.79944442031884],[-122.4179629214438,37.79947914254109],[-122.41787032885115,37.79954858698559],[-122.41784718070299,37.799652753652325],[-122.4178934769993,37.79979164254132],[-122.41797449551788,37.79989580920806],[-122.4180902362587,37.79996525365256],[-122.41824069922177,37.799999975874805],[-122.4184258844071,37.799999975874805],[-122.41856477329608,37.79996525365256],[-122.41865736588875,37.79989580920806],[-122.41870366218508,37.79979164254132]]],[[[-122.41541662514565,37.79831016105876],[-122.41532403255299,37.79780090179913],[-122.41520829181216,37.79740738328032],[-122.41506940292317,37.79712960550234],[-122.41490736588601,37.79696756846519],[-122.41472218070069,37.79692127216886],[-122.41457171773762,37.79694442031703],[-122.41445597699679,37.79703701290968],[-122.41437495847822,37.79719904994684],[-122.41432866218189,37.79743053142849],[-122.41430551403373,37.797696735132384],[-122.41430551403373,37.79799766105853],[-122.41432866218189,37.798333309206924],[-122.41437495847822,37.798703679577564],[-122.41447912514496,37.798969883281465],[-122.41464116218212,37.79913192031862],[-122.41486106958969,37.799189790689034],[-122.41513884736767,37.7991434943927],[-122.41532403255299,37.798981457355545],[-122.41541662514565,37.798703679577564],[-122.41541662514565,37.79831016105876]]],[[[-122.41805551403647,37.79881942031839],[-122.41824069922178,37.798773124022055],[-122.41837958811078,37.7986805314294],[-122.41847218070342,37.798541642540414],[-122.41851847699976,37.79835645735509],[-122.41851847699976,37.798124975873435],[-122.41844903255526,37.7979513647622],[-122.41831014366628,37.797835624021374],[-122.41810181033279,37.79777775365096],[-122.41782403255482,37.79777775365096],[-122.41755782885093,37.797847198095454],[-122.4173031992211,37.79798608698445],[-122.41706014366537,37.798194420317934],[-122.41682866218372,37.79847219809591],[-122.41668977329472,37.79869210550348],[-122.41664347699839,37.79885414254063],[-122.41668977329472,37.79895830920737],[-122.4168286621837,37.799004605503704],[-122.41697912514678,37.79902775365187],[-122.41714116218392,37.79902775365187],[-122.41731477329517,37.799004605503704],[-122.4174999584805,37.79895830920737],[-122.41768514366582,37.79891201291104],[-122.41787032885114,37.79886571661471],[-122.41805551403647,37.79881942031839]]],[[[-122.39462958809342,37.79842590179958],[-122.39499995846407,37.798240716614266],[-122.3952666954496,37.79807867957711],[-122.39542979905005,37.79793979068812],[-122.3954892692654,37.797824049947295],[-122.39544510609562,37.79773145735464],[-122.39530728376992,37.79772221937648],[-122.39507580228828,37.797796336012844],[-122.39475066165068,37.79795380726371],[-122.39433186185714,37.798194633129086],[-122.39404091016014,37.798384490506265],[-122.3938778065597,37.79852337939525],[-122.39384255105581,37.79861129979605],[-122.39393514364848,37.798648251708656],[-122.39409718068563,37.79862966934678],[-122.39432866216728,37.798555552710425],[-122.39462958809342,37.79842590179958]]],[[[-122.4632175511065,37.79807867957711],[-122.46363421777345,37.79803238328078],[-122.46396986592184,37.79796293883628],[-122.46422449555166,37.79787034624363],[-122.4643981066629,37.7977546055028],[-122.46449069925556,37.797615716613805],[-122.46452542147782,37.797465253650735],[-122.46450227332964,37.79730321661358],[-122.46442125481106,37.79712960550234],[-122.46428236592207,37.796944420317026],[-122.46408560666266,37.7968981240207],[-122.46383097703284,37.79699071661335],[-122.46351847703262,37.797222198095],[-122.46314810666199,37.797592568465646],[-122.46297449555075,37.79785877216954],[-122.46299764369893,37.7980208092067],[-122.4632175511065,37.79807867957711]]],[[[-122.39400458809295,37.797712565890464],[-122.39432866216727,37.79754565059326],[-122.39455626480263,37.79739274850016],[-122.39468739599906,37.79725385961116],[-122.39472205575655,37.797128983926285],[-122.39466024407507,37.79701812144552],[-122.39454831971577,37.797004419029435],[-122.39438628267862,37.79708787667805],[-122.39417413296361,37.79726849439134],[-122.39391187057076,37.79754627216931],[-122.3937961922947,37.797712876678496],[-122.39382709813543,37.79776830791888],[-122.39400458809295,37.797712565890464]]],[[[-122.46729162518355,37.79736108698399],[-122.46733792147985,37.797083309206016],[-122.46732634740577,37.79686340179845],[-122.46725690296128,37.7967013647613],[-122.46712958814638,37.79659719809455],[-122.46694440296106,37.79655090179822],[-122.46680551407206,37.796585624020466],[-122.46671292147943,37.79670136476129],[-122.46666662518308,37.79689812402069],[-122.46666662518308,37.797175901798674],[-122.46670134740533,37.79739580920624],[-122.46677079184983,37.7975578462434],[-122.46687495851657,37.79766201291014],[-122.46701384740557,37.79770830920647],[-122.46712958814639,37.79767358698422],[-122.46722218073904,37.79755784624339],[-122.46729162518355,37.79736108698399]]],[[[-122.43217588441713,37.79655342568113],[-122.43337958812172,37.79640076718836],[-122.43428236590016,37.7962477578174],[-122.43488421775244,37.79609439756825],[-122.4351851436786,37.795940686440915],[-122.4351851436786,37.79578662443541],[-122.43513884738226,37.79567107793127],[-122.43504625478961,37.79559404692851],[-122.43490736590061,37.79555553142713],[-122.4347221807153,37.79555553142713],[-122.43456014367814,37.79559025364937],[-122.43442125478916,37.79565969809387],[-122.43430551404833,37.79576386476061],[-122.43421292145567,37.79590275364961],[-122.43405088441851,37.79601849439043],[-122.43381940293688,37.79611108698309],[-122.43351847701072,37.79618053142758],[-122.43314810664008,37.79622682772391],[-122.43277773626944,37.79626154994615],[-122.4324073658988,37.796284698094325],[-122.43203699552815,37.796296272168405],[-122.43166662515752,37.796296272168405],[-122.43135412515728,37.79627312402024],[-122.43109949552746,37.79622682772391],[-122.43090273626807,37.79615738327942],[-122.43076384737908,37.796064790686756],[-122.43064810663826,37.79594904994593],[-122.4305555140456,37.795810161056934],[-122.4304860696011,37.795648124019785],[-122.43043977330477,37.79546293883447],[-122.4303587547862,37.795335624019565],[-122.43024301404535,37.795266179575066],[-122.43009255108228,37.79525460550098],[-122.42990736589695,37.79530090179731],[-122.42975690293389,37.79539349438997],[-122.42964116219306,37.79553238327895],[-122.42956014367448,37.795717568464276],[-122.42951384737817,37.79594904994593],[-122.42949069923,37.796157383279414],[-122.42949069923,37.79634256846474],[-122.42951384737817,37.796504605501895],[-122.42956014367448,37.79664349439088],[-122.42964116219306,37.796743322663616],[-122.42975690293389,37.79680409032011],[-122.42990736589695,37.79682579736034],[-122.43009255108228,37.79680844378432],[-122.43053236589742,37.79675726397912],[-122.43122681034237,37.79667225794472],[-122.43217588441713,37.79655342568113]]],[[[-122.39372681031499,37.79587960550143],[-122.39349532883334,37.79560182772346],[-122.39327567555893,37.79537064932394],[-122.39306785049172,37.795186070302904],[-122.39287185363176,37.79504809066033],[-122.39268768497902,37.79495671039622],[-122.39247985991182,37.79494319491573],[-122.39224837843017,37.79500754421884],[-122.39199324053408,37.79514975830557],[-122.39171444622349,37.7953698371759],[-122.39153655376344,37.79556059204751],[-122.39145956315389,37.79572202292038],[-122.39148347439485,37.79585412979453],[-122.3916082874863,37.79595691266996],[-122.39177703842216,37.795999606202585],[-122.39198972720244,37.79598221039241],[-122.39224635382713,37.79590472523944],[-122.39254691829626,37.795767150743686],[-122.39283960836917,37.79570993756988],[-122.39312442404592,37.79573308571805],[-122.3934013653265,37.79583659518818],[-122.39367043221088,37.79602046598026],[-122.39381436200375,37.79608892462984],[-122.39383315470513,37.796041971136894],[-122.39372681031499,37.79587960550143]]],[[[-122.43689810664283,37.79595453467102],[-122.43754625479143,37.795872333944146],[-122.43802079182882,37.795659700670825],[-122.43832171775497,37.795316634851076],[-122.43844903256988,37.79484313648488],[-122.43840273627356,37.79423920557224],[-122.4383101436809,37.793786257387765],[-122.4381712547919,37.79348429193145],[-122.43798606960658,37.79333330920329],[-122.43775458812492,37.79333330920329],[-122.43754625479143,37.79336803142554],[-122.43736106960611,37.793437475870036],[-122.43719903256896,37.79354164253678],[-122.43706014367997,37.793680531425764],[-122.43702542145772,37.7937846980925],[-122.43709486590222,37.793854142537],[-122.43726847701346,37.793888864759246],[-122.43754625479144,37.793888864759246],[-122.43774301405084,37.79392358698149],[-122.43785875479166,37.79399303142599],[-122.43789347701392,37.79409719809273],[-122.43784718071757,37.794236086981726],[-122.43770829182859,37.794340253648464],[-122.43747681034694,37.79440969809296],[-122.43715273627262,37.79444442031521],[-122.43673606960567,37.79444442031521],[-122.43636569923503,37.79442127216704],[-122.43604162516071,37.79437497587072],[-122.43576384738273,37.79430553142622],[-122.43553236590107,37.79421293883356],[-122.43530088441942,37.79416664253723],[-122.43506940293777,37.79416664253723],[-122.43483792145612,37.79421293883356],[-122.43460643997447,37.79430553142622],[-122.43435181034465,37.79437497587072],[-122.43407403256668,37.79442127216704],[-122.43377310664053,37.79444442031521],[-122.43344903256622,37.79444442031521],[-122.43317125478825,37.794479142537455],[-122.4329397733066,37.79454858698195],[-122.43275458812127,37.79465275364869],[-122.43261569923229,37.79479164253768],[-122.43256940293594,37.794907383278506],[-122.43261569923229,37.794999975871164],[-122.43275458812127,37.79506942031566],[-122.43298606960292,37.795115716611996],[-122.43325227330682,37.79513886476016],[-122.43355319923296,37.79513886476016],[-122.43388884738135,37.795115716611996],[-122.434259217752,37.79506942031566],[-122.43464116219673,37.79503469809342],[-122.43503468071555,37.795011549945244],[-122.43543977330843,37.794999975871164],[-122.43585643997538,37.794999975871164],[-122.43616893997562,37.79502312401933],[-122.4363772733091,37.795069420315656],[-122.43648143997585,37.795138864760155],[-122.43648143997585,37.79523145735281],[-122.43642356960544,37.79531247587139],[-122.43630782886461,37.79538192031588],[-122.43613421775336,37.795439790686295],[-122.43590273627171,37.79548608698263],[-122.43575227330865,37.795553453225764],[-122.43568282886415,37.795641889415705],[-122.43569440293822,37.79575139555246],[-122.4357869955309,37.79588197163601],[-122.43601847701255,37.795959353516956],[-122.4363888473832,37.79598354119529],[-122.43689810664283,37.79595453467102]],[[-122.43712958812446,37.795347198093644],[-122.43694440293915,37.79520830920465],[-122.43688653256874,37.79510414253791],[-122.43695597701324,37.79503469809341],[-122.43715273627264,37.794999975871164],[-122.43747681034695,37.794999975871164],[-122.43768514368044,37.79503469809341],[-122.43777773627309,37.79510414253791],[-122.43775458812492,37.79520830920465],[-122.43761569923593,37.795347198093644],[-122.43746523627286,37.795416642538136],[-122.4373031992357,37.795416642538136],[-122.43712958812446,37.795347198093644]]],[[[-122.45555551406385,37.79546293883446],[-122.45555551406385,37.795277753649145],[-122.45553236591567,37.7951041425379],[-122.45548606961935,37.79494210550075],[-122.45541662517486,37.79479164253768],[-122.4553240325822,37.79465275364869],[-122.4552545881377,37.79444442031521],[-122.45520829184139,37.79416664253723],[-122.45518514369321,37.793819420314755],[-122.45518514369321,37.79340275364778],[-122.45519671776731,37.79303238327714],[-122.45521986591545,37.79270830920284],[-122.4552545881377,37.792430531424856],[-122.45530088443402,37.7921990499432],[-122.45527773628586,37.79202543883196],[-122.45518514369321,37.79190969809114],[-122.45502310665606,37.79185182772073],[-122.4547916251744,37.79185182772073],[-122.45461801406316,37.791955994387465],[-122.45450227332233,37.792164327720954],[-122.45444440295192,37.79247682772118],[-122.45444440295192,37.79289349438815],[-122.45447912517416,37.793263864758785],[-122.45454856961867,37.7935879388331],[-122.45465273628541,37.79386571661108],[-122.4547916251744,37.79409719809273],[-122.45489579184114,37.79432867957438],[-122.45496523628564,37.794560161056026],[-122.45499995850788,37.79479164253768],[-122.45499995850788,37.79502312401933],[-122.45503468073014,37.79521988327873],[-122.45510412517463,37.79538192031588],[-122.45520829184137,37.795509235130794],[-122.45534718073036,37.79560182772346],[-122.4554513473971,37.79562497587162],[-122.4555207918416,37.79557867957529],[-122.45555551406385,37.79546293883446]]],[[[-122.46555551407116,37.7945138647597],[-122.46555551407116,37.794189790685394],[-122.46543977333032,37.79391201290741],[-122.46520829184868,37.793680531425764],[-122.46486106962621,37.79349534624045],[-122.4643981066629,37.79335645735145],[-122.46405088444043,37.79328701290696],[-122.46381940295879,37.79328701290696],[-122.46370366221795,37.79335645735145],[-122.46370366221795,37.79349534624045],[-122.46366893999571,37.79363423512943],[-122.46359949555121,37.79377312401843],[-122.46349532888446,37.79391201290741],[-122.46335643999548,37.794050901796396],[-122.46336801406956,37.79415506846314],[-122.4635300511067,37.79422451290764],[-122.46384255110694,37.794259235129886],[-122.46430551407025,37.794259235129886],[-122.46465273629272,37.7943171055003],[-122.46488421777437,37.79443284624112],[-122.4649999585152,37.79460645735236],[-122.4649999585152,37.794837938834014],[-122.46503468073743,37.79499997587117],[-122.46510412518192,37.79509256846383],[-122.46520829184867,37.795115716611996],[-122.46534718073767,37.79506942031566],[-122.46545134740441,37.79495367957484],[-122.4655207918489,37.794768494389515],[-122.46555551407116,37.7945138647597]]],[[[-122.4451941385631,37.79490166712273],[-122.4457090591311,37.794836127957105],[-122.44602580511263,37.79472233985572],[-122.44614437650765,37.79456030281856],[-122.44606477331618,37.79435001684564],[-122.4457869955382,37.79409148193696],[-122.4454513473898,37.79389758075545],[-122.445057828871,37.7937683133011],[-122.44460643998178,37.79370367957393],[-122.44409718072215,37.79370367957393],[-122.44365736590701,37.79369210549985],[-122.44328699553637,37.793668957351684],[-122.44298606961023,37.79363423512944],[-122.44275458812857,37.793587938833106],[-122.44258097701733,37.793530068462694],[-122.4424652362765,37.793460624018195],[-122.44240736590609,37.79337960549962],[-122.44240736590609,37.79328701290696],[-122.4424652362765,37.79320599438838],[-122.44258097701733,37.79313654994389],[-122.44275458812857,37.793078679573476],[-122.44298606961023,37.79303238327714],[-122.44321755109188,37.79302080920306],[-122.44344903257353,37.79304395735123],[-122.44368051405517,37.79310182772164],[-122.44391199553682,37.79319442031431],[-122.44422449553706,37.7932638647588],[-122.44461801405585,37.793310161055125],[-122.44509255109324,37.79333330920329],[-122.4456481066492,37.79333330920329],[-122.44612264368658,37.793379605499624],[-122.4465161622054,37.793472198092275],[-122.44682866220563,37.79361108698127],[-122.44706014368728,37.79379627216659],[-122.44730319924301,37.79396988327783],[-122.44755782887285,37.79413192031498],[-122.44782403257673,37.79428238327805],[-122.4481018103547,37.79442127216704],[-122.44831014368819,37.794479142537455],[-122.44844903257717,37.79445599438929],[-122.44851847702168,37.794351827722544],[-122.44851847702168,37.79416664253723],[-122.44848375479943,37.79400460550007],[-122.44841431035493,37.79386571661108],[-122.44831014368819,37.793749975870256],[-122.44817125479919,37.7936573832776],[-122.44802079183611,37.79350692031453],[-122.44785875479897,37.79329858698104],[-122.44768514368772,37.793032383277136],[-122.4474999585024,37.79270830920284],[-122.44737264368749,37.7923958092026],[-122.44730319924298,37.79209488327646],[-122.4472916251689,37.791805531424394],[-122.44733792146528,37.79152775364642],[-122.4473263473912,37.79131942031293],[-122.44725690294669,37.79118053142395],[-122.44712958813177,37.79111108697945],[-122.44694440294646,37.79111108697945],[-122.44668977331663,37.79119210549803],[-122.44636569924232,37.791354142535184],[-122.44597218072352,37.79159719809092],[-122.4455092177602,37.79192127216522],[-122.44513884738956,37.79214117957279],[-122.44486106961159,37.79225692031362],[-122.44467588442627,37.7922684943877],[-122.44458329183361,37.79217590179504],[-122.44424764368523,37.79210645735054],[-122.44366893998111,37.792060161054216],[-122.44284718072124,37.79203701290605],[-122.44178236590565,37.79203701290605],[-122.44103005109028,37.792060161054216],[-122.44059023627514,37.79210645735054],[-122.44046292146024,37.79217590179504],[-122.44064810664555,37.7922684943877],[-122.44078699553455,37.792442105498935],[-122.44087958812719,37.79269673512876],[-122.44092588442354,37.79303238327714],[-122.44092588442354,37.793449049944115],[-122.44099532886801,37.793761549944335],[-122.44113421775702,37.793969883277825],[-122.44134255109051,37.79407404994457],[-122.44162032886848,37.79407404994457],[-122.44182866220197,37.79413192031498],[-122.44196755109098,37.794247661055806],[-122.44203699553546,37.79442127216704],[-122.44203699553546,37.79465275364869],[-122.4420832918318,37.79483793883401],[-122.44217588442444,37.794976827723005],[-122.44231477331344,37.79506942031566],[-122.44249995849876,37.795115716611996],[-122.4427415987274,37.79513886476016],[-122.44303969399934,37.79513886476016],[-122.4433942443146,37.795115716611996],[-122.44380524967319,37.79506942031566],[-122.44424223383413,37.79501831330201],[-122.44470519679743,37.79496239557103],[-122.4451941385631,37.79490166712273]]],[[[-122.41537032884932,37.794351827722544],[-122.41537032884932,37.79416664253723],[-122.41533560662707,37.793993031425984],[-122.41526616218258,37.793830994388834],[-122.41516199551583,37.793680531425764],[-122.41502310662683,37.79354164253678],[-122.41488421773784,37.7934606240182],[-122.41474532884888,37.79343747587003],[-122.41460643995988,37.793472198092275],[-122.41446755107089,37.79356479068494],[-122.41436338440414,37.793668957351684],[-122.41429393995965,37.79378469809251],[-122.4142592177374,37.79391201290741],[-122.4142592177374,37.794050901796396],[-122.41422449551516,37.79418979068539],[-122.41415505107065,37.794328679574384],[-122.4140508844039,37.794467568463375],[-122.41391199551492,37.79460645735236],[-122.41388884736676,37.7947106240191],[-122.4139814399594,37.7947800684636],[-122.41418977329289,37.79481479068585],[-122.4145138473672,37.79481479068585],[-122.4147800510711,37.79480321661177],[-122.41498838440458,37.794780068463595],[-122.41513884736766,37.79474534624135],[-122.41523143996032,37.794699049945024],[-122.41530088440481,37.794618031426445],[-122.41534718070115,37.79450229068562],[-122.41537032884932,37.794351827722544]]],[[[-122.45122681035697,37.794236086981726],[-122.45118051406067,37.79409719809273],[-122.45106477331984,37.79400460550007],[-122.4508795881345,37.79395830920374],[-122.45062495850469,37.79395830920374],[-122.45030088443039,37.79400460550007],[-122.45006940294874,37.79406247587048],[-122.44993051405974,37.79413192031498],[-122.44988421776341,37.79421293883356],[-122.44993051405973,37.79430553142622],[-122.45004625480055,37.79437497587072],[-122.45023143998588,37.79442127216704],[-122.45048606961569,37.79444442031521],[-122.45081014369,37.79444442031521],[-122.45104162517165,37.79440969809296],[-122.45118051406064,37.794340253648464],[-122.45122681035697,37.794236086981726]]],[[[-122.43678236590199,37.793819420314755],[-122.43673606960566,37.79377312401842],[-122.43660875479075,37.793738401796176],[-122.43640042145728,37.79371525364802],[-122.4361110696052,37.79370367957393],[-122.43574069923456,37.79370367957393],[-122.43546292145658,37.7937268277221],[-122.43527773627125,37.79377312401842],[-122.4351851436786,37.79384256846292],[-122.4351851436786,37.79393516105558],[-122.43528931034533,37.79399303142599],[-122.43549764367881,37.79401617957416],[-122.43581014367905,37.79400460550007],[-122.43622681034603,37.79395830920374],[-122.43652773627217,37.793912012907406],[-122.43671292145748,37.79386571661108],[-122.43678236590199,37.793819420314755]]],[[[-122.4113425510686,37.792523124017514],[-122.41162032884657,37.79210645735054],[-122.41174764366149,37.7918055314244],[-122.41172449551334,37.79162034623908],[-122.41155088440209,37.79155090179459],[-122.41122681032776,37.79159719809092],[-122.41094903254978,37.79173608697991],[-122.41071755106813,37.79196756846156],[-122.41053236588282,37.792291642535865],[-122.41039347699383,37.79270830920284],[-122.41033560662342,37.79300923512898],[-122.41035875477158,37.7931944203143],[-122.41046292143832,37.79326386475879],[-122.41064810662364,37.79321756846247],[-122.41085643995712,37.79307867957347],[-122.41108792143876,37.79284719809182],[-122.4113425510686,37.792523124017514]]],[[[-122.45263884739506,37.79282404994366],[-122.45291662517303,37.792731457351],[-122.4531365325806,37.79262729068426],[-122.45329856961777,37.792511549943434],[-122.45340273628452,37.79238423512853],[-122.45344903258082,37.79224534623953],[-122.45333329184,37.792141179572795],[-122.45305551406202,37.792071735128296],[-122.45261569924689,37.79203701290605],[-122.4520138473946,37.79203701290605],[-122.4514119955423,37.792013864757884],[-122.45081014369002,37.79196756846156],[-122.45020829183773,37.79189812401706],[-122.44960643998543,37.7918055314244],[-122.44917819924439,37.79177080920215],[-122.44892356961456,37.79179395735032],[-122.44884255109598,37.79187497586889],[-122.44893514368864,37.79201386475788],[-122.44907403257763,37.79211803142462],[-122.44925921776294,37.79218747586912],[-122.44949069924459,37.792222198091366],[-122.44976847702257,37.792222198091366],[-122.44999995850422,37.79225692031361],[-122.45018514368954,37.79232636475811],[-122.45032403257854,37.792430531424856],[-122.45041662517121,37.79256942031384],[-122.45059023628247,37.79268516105466],[-122.45084486591227,37.79277775364733],[-122.45118051406067,37.79284719809183],[-122.45159718072762,37.79289349438815],[-122.45197912517234,37.79290506846224],[-122.45232634739483,37.79288192031407],[-122.45263884739506,37.79282404994366]]],[[[-122.4288888473777,37.79275460549917],[-122.4288888473777,37.79261571661017],[-122.42884255108137,37.79249997586935],[-122.42874995848872,37.79240738327669],[-122.42861106959973,37.79233793883219],[-122.42842588441441,37.792291642535865],[-122.42827542145133,37.79219904994321],[-122.42815968071054,37.79206016105421],[-122.42807866219195,37.79187497586889],[-122.42803236589558,37.791643494387245],[-122.42791662515475,37.791504605498254],[-122.42773143996945,37.79145830920193],[-122.42747681033963,37.79150460549826],[-122.42715273626531,37.791643494387245],[-122.42693282885774,37.79181710549848],[-122.42681708811692,37.79202543883197],[-122.42680551404284,37.7922684943877],[-122.4268981066355,37.79254627216568],[-122.42701384737633,37.792731457351],[-122.42715273626533,37.79282404994366],[-122.42731477330248,37.79282404994366],[-122.4274999584878,37.792731457351],[-122.42770829182129,37.79268516105467],[-122.42793977330294,37.79268516105467],[-122.42819440293275,37.792731457351],[-122.42847218071074,37.79282404994366],[-122.42868051404423,37.792858772165914],[-122.42881940293321,37.79283562401774],[-122.4288888473777,37.79275460549917]]],[[[-122.41458329181171,37.79282404994366],[-122.41467588440437,37.792731457351],[-122.41474532884887,37.79260414253609],[-122.4147916251452,37.79244210549894],[-122.41481477329336,37.79224534623954],[-122.41481477329336,37.79201386475789],[-122.41476847699703,37.791840253646654],[-122.41467588440436,37.79172451290583],[-122.41453699551536,37.79166664253541],[-122.41435181033005,37.79166664253541],[-122.41421292144105,37.79174766105399],[-122.41412032884838,37.791909698091146],[-122.41407403255207,37.79215275364688],[-122.41407403255207,37.79247682772118],[-122.41409718070022,37.79271988327692],[-122.41414347699654,37.79288192031407],[-122.41421292144105,37.79296293883265],[-122.41430551403373,37.79296293883265],[-122.4143981066264,37.792939790684486],[-122.41449069921904,37.79289349438816],[-122.41458329181171,37.79282404994366]]],[[[-122.45828699554733,37.792453679573015],[-122.45837958813998,37.792361086980364],[-122.45857634739937,37.792291642535865],[-122.45887727332553,37.79224534623953],[-122.45928236591843,37.792222198091366],[-122.45979162517806,37.792222198091366],[-122.46017356962278,37.79218747586912],[-122.4604281992526,37.79211803142462],[-122.46055551406751,37.79201386475788],[-122.46055551406751,37.79187497586889],[-122.46047449554894,37.791770809202156],[-122.46031245851177,37.79170136475766],[-122.46006940295604,37.79166664253541],[-122.45974532888172,37.79166664253541],[-122.45943282888149,37.79168979068358],[-122.45913190295535,37.7917360869799],[-122.45884255110329,37.7918055314244],[-122.4585647733253,37.79189812401706],[-122.45827542147325,37.79196756846156],[-122.4579744955471,37.792013864757884],[-122.45766199554687,37.79203701290605],[-122.45733792147256,37.79203701290605],[-122.45709486591682,37.792071735128296],[-122.45693282887967,37.792141179572795],[-122.45685181036109,37.79224534623953],[-122.45685181036109,37.79238423512853],[-122.45693282887967,37.79248840179527],[-122.45709486591682,37.79255784623977],[-122.45733792147256,37.79259256846201],[-122.45766199554687,37.79259256846201],[-122.45792819925077,37.792569420313846],[-122.45813653258426,37.792523124017514],[-122.45828699554733,37.792453679573015]]],[[[-122.43914347701482,37.79206016105421],[-122.43918977331114,37.79182867957256],[-122.43917819923706,37.791655068461324],[-122.43910875479258,37.7915393277205],[-122.43898143997768,37.79148145735009],[-122.43879625479234,37.79148145735009],[-122.43864579182926,37.791435161053755],[-122.43853005108846,37.791342568461104],[-122.43844903256988,37.79120367957211],[-122.43840273627356,37.79101849438679],[-122.43827542145864,37.79089117957188],[-122.43806708812515,37.79082173512739],[-122.43777773627309,37.79081016105331],[-122.43740736590244,37.79085645734963],[-122.43711801405038,37.7909490499423],[-122.4369096807169,37.79108793883128],[-122.43678236590199,37.791273124016605],[-122.43673606960566,37.791504605498254],[-122.43677079182791,37.79167821660949],[-122.43688653256875,37.791793957350315],[-122.43708329182815,37.79185182772073],[-122.43736106960611,37.79185182772073],[-122.43760412516184,37.79188654994297],[-122.43781245849533,37.79195599438747],[-122.43798606960658,37.79206016105421],[-122.43812495849556,37.79219904994321],[-122.43827542145864,37.792303216609945],[-122.4384374584958,37.79237266105444],[-122.43861106960702,37.79240738327669],[-122.43879625479236,37.79240738327669],[-122.43894671775544,37.79234951290627],[-122.43906245849624,37.792233772165446],[-122.43914347701482,37.79206016105421]]],[[[-122.46791662518399,37.79173608697991],[-122.46800921777665,37.791412012905596],[-122.46804393999889,37.79118053142395],[-122.46802079185073,37.79104164253495],[-122.46793977333216,37.790995346238624],[-122.46780088444316,37.79104164253496],[-122.46770829185051,37.7911458092017],[-122.46766199555418,37.79130784623885],[-122.46766199555418,37.79152775364642],[-122.4677082918505,37.791805531424394],[-122.46776616222091,37.791932846239305],[-122.4678356066654,37.791909698091146],[-122.46791662518399,37.79173608697991]]],[[[-122.42986106960063,37.79131942031294],[-122.42976847700797,37.79108793883128],[-122.42966431034122,37.79094904994229],[-122.42954856960043,37.790902753645966],[-122.42942125478551,37.7909490499423],[-122.42928236589651,37.79108793883128],[-122.4292360696002,37.79121525364619],[-122.42928236589651,37.79133099438702],[-122.4294212547855,37.791435161053755],[-122.42965273626714,37.79152775364642],[-122.42980319923021,37.79153932772051],[-122.42987264367471,37.79146988327601],[-122.42986106960063,37.79131942031294]]],[[[-122.45219903257993,37.79129627216477],[-122.45243051406158,37.79129627216477],[-122.45265042146914,37.791273124016605],[-122.45285875480263,37.79122682772028],[-122.45305551406203,37.79115738327579],[-122.45324069924735,37.79106479068312],[-122.45343745850676,37.790995346238624],[-122.45364579184023,37.7909490499423],[-122.4538656992478,37.79092590179413],[-122.45409718072945,37.79092590179413],[-122.45428236591476,37.790898652266705],[-122.45442125480376,37.790844153211864],[-122.45451384739641,37.790762404629604],[-122.45456014369276,37.79065340651991],[-122.4544096807297,37.79060916168458],[-122.4540624585072,37.79062967012361],[-122.45351847702533,37.79071493183699],[-122.45277773628405,37.790864946824726],[-122.45223375480217,37.79099035199418],[-122.45188653257968,37.791091147345355],[-122.4517360696166,37.791167332878246],[-122.45178236591295,37.79121890859286],[-122.45187495850561,37.79125759037882],[-122.4520138473946,37.791283378236116],[-122.45219903257993,37.79129627216477]]],[[[-122.45256940295056,37.79088920683404],[-122.45317125480284,37.79075573666982],[-122.453472180729,37.79065563404666],[-122.453472180729,37.79058889896454],[-122.45317125480284,37.79055553142349],[-122.45256940295056,37.79055553142349],[-122.45211801406134,37.79058889896454],[-122.45181708813519,37.79065563404666],[-122.45166662517212,37.79075573666982],[-122.45166662517212,37.79088920683404],[-122.45181708813519,37.79095594191615],[-122.45211801406134,37.79095594191615],[-122.45256940295056,37.79088920683404]]],[[[-122.46402773629225,37.79030090179368],[-122.46449069925555,37.790254605497346],[-122.46483792147802,37.79015043883061],[-122.46506940295967,37.78998840179346],[-122.46518514370051,37.78976849438589],[-122.46518514370051,37.78949071660791],[-122.46508097703376,37.789282383274426],[-122.46487264370028,37.78914349438543],[-122.46456014370004,37.789074049940936],[-122.46414347703309,37.789074049940936],[-122.46377310666244,37.7890971980891],[-122.46344903258813,37.78914349438543],[-122.46317125481015,37.78921293882993],[-122.4629397733285,37.789305531422585],[-122.46276616221726,37.78942127216341],[-122.46265042147644,37.7895601610524],[-122.46259255110603,37.78972219808956],[-122.46259255110603,37.78990738327487],[-122.46263884740236,37.79005784623795],[-122.46273143999501,37.790173586978774],[-122.46287032888401,37.790254605497346],[-122.46305551406932,37.79030090179368],[-122.46331014369915,37.79032404994184],[-122.46363421777343,37.79032404994184],[-122.46402773629225,37.79030090179368]]],[[[-122.46673606962757,37.78990738327487],[-122.4667823659239,37.78972219808956],[-122.46680551407206,37.78951386475607],[-122.46680551407206,37.78928238327442],[-122.4667823659239,37.7890277536446],[-122.46673606962757,37.78874997586662],[-122.46662032888675,37.78855321660722],[-122.46643514370145,37.78843747586639],[-122.46618051407162,37.78840275364414],[-122.4658564399973,37.788449049940475],[-122.46561338444157,37.788518494384974],[-122.46545134740441,37.78861108697763],[-122.46537032888584,37.788726827718456],[-122.46537032888584,37.788865716607454],[-122.46541662518217,37.78898145734828],[-122.46550921777482,37.789074049940936],[-122.4656481066638,37.78914349438543],[-122.46583329184915,37.78918979068176],[-122.46597218073813,37.78928238327441],[-122.46606477333079,37.78942127216341],[-122.46611106962712,37.789606457348725],[-122.46611106962712,37.78983793883038],[-122.46614579184936,37.79001154994162],[-122.46621523629386,37.79012729068244],[-122.46631940296061,37.790185161052854],[-122.46645829184959,37.790185161052854],[-122.46657403259043,37.79013886475653],[-122.46666662518308,37.79004627216386],[-122.46673606962757,37.78990738327487]]],[[[-122.45937746773862,37.78840275364414],[-122.45935380268917,37.78807867956984],[-122.4592860646467,37.787916642532686],[-122.45917425361122,37.787916642532686],[-122.45901836958272,37.78807867956984],[-122.45881841256124,37.78840275364414],[-122.45872435031285,37.78864580919988],[-122.45873618283757,37.788807846237034],[-122.45885391013542,37.78888886475561],[-122.45907753220635,37.78888886475561],[-122.4592393324972,37.788807846237034],[-122.45933931100797,37.78864580919988],[-122.45937746773862,37.78840275364414]]],[[[-122.39168977327647,37.78798608697718],[-122.3914582917948,37.78775460549553],[-122.39129625475765,37.787638864754705],[-122.391203662165,37.787638864754705],[-122.39118051401684,37.78775460549553],[-122.39122681031316,37.78798608697718],[-122.39130782883174,37.788159698088414],[-122.39142356957257,37.78827543882924],[-122.39157403253563,37.78833330919965],[-122.39175921772097,37.78833330919965],[-122.39184023623955,37.78827543882924],[-122.39181708809139,37.788159698088414],[-122.39168977327647,37.78798608697718]]],[[[-122.4494906992446,37.78708330919875],[-122.44939810665194,37.786990716606084],[-122.44927079183702,37.786921272161585],[-122.44910875479987,37.78687497586526],[-122.44891199554047,37.78685182771709],[-122.44868051405882,37.78685182771709],[-122.44849532887352,37.78688654993934],[-122.44835643998454,37.78695599438384],[-122.44826384739187,37.787060161050576],[-122.44821755109552,37.787199049939574],[-122.44827542146594,37.78729164253223],[-122.4484374585031,37.78733793882856],[-122.448703662207,37.78733793882856],[-122.44907403257763,37.78729164253223],[-122.44932866220745,37.78723377216182],[-122.44946755109645,37.78716432771732],[-122.4494906992446,37.78708330919875]]],[[[-122.38641199549485,37.78687497586526],[-122.38636569919848,37.78664349438361],[-122.38627310660581,37.78643516105013],[-122.38613421771686,37.786249975864806],[-122.38594903253153,37.78608793882765],[-122.38571755104988,37.785949049938665],[-122.38548606956823,37.78584488327192],[-122.38525458808658,37.78577543882742],[-122.38502310660493,37.785740716605176],[-122.38479162512328,37.785740716605176],[-122.38462274301824,37.785843802817354],[-122.3845164602898,37.786049975241724],[-122.38447277693798,37.786359233878265],[-122.38449169296274,37.78677157872699],[-122.38462846579004,37.78707034374401],[-122.38488309541987,37.787255528929336],[-122.38525558185219,37.78732713428295],[-122.38574592508705,37.78728515980487],[-122.3861021084391,37.78719580857589],[-122.3863241319084,37.787059080596016],[-122.38641199549485,37.78687497586526]]],[[[-122.43131940293505,37.786597198087286],[-122.43145829182403,37.78655090179095],[-122.43164347700936,37.78651617956871],[-122.43187495849101,37.786493031420534],[-122.43215273626899,37.786481457346454],[-122.4324768103433,37.786481457346454],[-122.43271986589903,37.78645830919829],[-122.43288190293617,37.78641201290196],[-122.43296292145476,37.786342568457464],[-122.43296292145476,37.786249975864806],[-122.43285875478801,37.78618053142031],[-122.43265042145453,37.78613423512398],[-122.43233792145429,37.786111086975815],[-122.43192125478734,37.786111086975815],[-122.43159718071303,37.78614580919806],[-122.43136569923138,37.78621525364256],[-122.4312268103424,37.7863194203093],[-122.43118051404605,37.786458309198295],[-122.43118051404605,37.78655090179095],[-122.43122681034238,37.786597198087286],[-122.43131940293505,37.786597198087286]]],[[[-122.44877310665149,37.784560161048766],[-122.44918977331847,37.784513864752434],[-122.44951384739278,37.784444420307935],[-122.44974532887443,37.78435182771528],[-122.44988421776341,37.78423608697445],[-122.44993051405973,37.78409719808546],[-122.44987264368933,37.783993031418724],[-122.44971060665219,37.783923586974225],[-122.44944440294829,37.78388886475198],[-122.44907403257764,37.78388886475198],[-122.44873838442923,37.78387729067789],[-122.4484374585031,37.783854142529734],[-122.4481712547992,37.78381942030748],[-122.44793977331756,37.783773124011155],[-122.44777773628041,37.78379627215932],[-122.44768514368772,37.78388886475197],[-122.44766199553956,37.78405090178913],[-122.44770829183588,37.784282383270785],[-122.4477661622063,37.78445599438202],[-122.44783560665081,37.784571735122846],[-122.44791662516938,37.78462960549326],[-122.44800921776203,37.78462960549326],[-122.44818282887329,37.78461803141918],[-122.44843745850308,37.78459488327101],[-122.44877310665149,37.784560161048766]]],[[[-122.47846634739295,37.7826068963301],[-122.47851134363574,37.78323373219808],[-122.47908083313033,37.78367957416156],[-122.48017481587672,37.78394442222055],[-122.48179329187494,37.78402827637505],[-122.48393626112491,37.78393113662505],[-122.48568684356101,37.78385179090905],[-122.48704503918322,37.78379023922704],[-122.48801084799152,37.78374648157902],[-122.48858426998589,37.78372051796501],[-122.48900276240761,37.783656130647074],[-122.48926632525664,37.78355331962524],[-122.48937495853298,37.7834120848995],[-122.48932866223666,37.78323242646985],[-122.48938653260707,37.78309768264762],[-122.48954856964423,37.78300785343279],[-122.48981477334813,37.78296293882538],[-122.49018514371878,37.78296293882538],[-122.49048606964493,37.78293979067721],[-122.49071755112658,37.782893494380886],[-122.49087958816374,37.78282404993639],[-122.49097218075639,37.78273145734373],[-122.49103005112678,37.782615716602905],[-122.49105319927496,37.782476827713914],[-122.49104162520088,37.78231479067676],[-122.49099532890455,37.78212960549144],[-122.49092588446005,37.7819559943802],[-122.49083329186739,37.78179395734305],[-122.49071755112656,37.78164349437998],[-122.49057866223758,37.78150460549098],[-122.4904397733486,37.78140043882424],[-122.4903008844596,37.78133099437974],[-122.4901619955706,37.7812962721575],[-122.49002310668162,37.7812962721575],[-122.48986106964446,37.78126154993525],[-122.48967588445913,37.78119210549075],[-122.48946755112566,37.781087938824015],[-122.48923606964401,37.78094904993503],[-122.4889698659401,37.78083330919421],[-122.48866894001397,37.78074071660154],[-122.48833329186557,37.78067127215704],[-122.48796292149493,37.78062497586072],[-122.48760412519837,37.780590253638465],[-122.48725690297589,37.780567105490306],[-122.4869212548275,37.78055553141622],[-122.4865971807532,37.78055553141622],[-122.4862615326048,37.780567105490306],[-122.48591431038231,37.780590253638465],[-122.48555551408575,37.78062497586072],[-122.48518514371511,37.78067127215704],[-122.48490736593715,37.78067127215704],[-122.48472218075182,37.78062497586072],[-122.48462958815915,37.78053238326805],[-122.48462958815915,37.78039349437907],[-122.48457171778875,37.780277753638245],[-122.4844559770479,37.78018516104558],[-122.48428236593668,37.78011571660109],[-122.48405088445503,37.780069420304756],[-122.48384255112154,37.780057846230676],[-122.48365736593624,37.78008099437884],[-122.48349532889907,37.780138864749254],[-122.48335644001008,37.78023145734191],[-122.4832754214915,37.78033562400866],[-122.48325227334334,37.78045136474948],[-122.48328699556559,37.780578679564385],[-122.48337958815824,37.780717568453376],[-122.48337958815824,37.78084488326828],[-122.48328699556559,37.780960624009104],[-122.48310181038028,37.78106479067585],[-122.48282403260228,37.78115738326851],[-122.48254625482431,37.78118053141667],[-122.48226847704632,37.78113423512034],[-122.48199069926834,37.781018494379516],[-122.48171292149036,37.7808333091942],[-122.48146986593463,37.780648124008884],[-122.48126153260114,37.78046293882356],[-122.4810879214899,37.78027775363824],[-122.48094903260092,37.78009256845292],[-122.48091431037867,37.7799073832676],[-122.48098375482317,37.779722198082275],[-122.48115736593441,37.77953701289696],[-122.48143514371239,37.77935182771164],[-122.48166662519404,37.77916664252633],[-122.48185181037935,37.778981457341004],[-122.48199069926834,37.77879627215568],[-122.482083291861,37.778611086970365],[-122.48208329186099,37.778472198081374],[-122.48199069926834,37.77837960548871],[-122.48180551408302,37.778333309192384],[-122.48152773630505,37.778333309192384],[-122.48120366223074,37.77836803141463],[-122.4808332918601,37.77843747585913],[-122.48041662519313,37.778541642525866],[-122.47995366222982,37.778680531414864],[-122.47957171778509,37.778830994377934],[-122.47927079185895,37.778993031415084],[-122.47905088445138,37.77916664252633],[-122.4789119955624,37.77935182771164],[-122.4787796392643,37.779490716600634],[-122.47865381555708,37.7795833091933],[-122.47853452444073,37.779629605489625],[-122.47842176591527,37.779629605489625],[-122.47834135113771,37.77968747586004],[-122.47829328010803,37.77980321660086],[-122.47827755282624,37.7799768277121],[-122.47829416929234,37.780208309193746],[-122.47833066715674,37.78038192030498],[-122.47838704641947,37.78049766104581],[-122.47846330708052,37.78055553141622],[-122.47855944913988,37.78055553141622],[-122.47863155568439,37.78061340178664],[-122.47867962671407,37.78072914252746],[-122.47870366222891,37.7809027536387],[-122.47870366222891,37.78113423512035],[-122.4786846116539,37.781319420305664],[-122.47864651050388,37.78145830919466],[-122.47858935877886,37.78155090178731],[-122.47851315647883,37.781597198083645],[-122.4784672538145,37.78178862927288],[-122.47845165078587,37.782125195355036],[-122.47846634739295,37.7826068963301]],[[-122.48497681038164,37.78270830919556],[-122.48483792149264,37.78266201289924],[-122.48472218075182,37.78259256845474],[-122.48462958815917,37.78249997586208],[-122.48456014371467,37.782384235121256],[-122.48451384741833,37.78224534623226],[-122.48456014371466,37.78214117956552],[-122.48469903260364,37.78207173512102],[-122.48493051408529,37.782037012898776],[-122.4852545881596,37.782037012898776],[-122.4854629214931,37.78208330919511],[-122.48555551408575,37.78217590178777],[-122.48553236593759,37.78231479067676],[-122.48539347704859,37.78249997586208],[-122.48525458815959,37.782627290676984],[-122.48511569927064,37.78269673512148],[-122.48497681038164,37.78270830919556]]],[[[-122.45314810665468,37.78324071660336],[-122.45314810665468,37.78305553141804],[-122.45307866221019,37.782916642529045],[-122.45293977332119,37.782824049936394],[-122.4527314399877,37.78277775364006],[-122.45245366220973,37.78277775364006],[-122.45219903257991,37.78280090178823],[-122.45196755109826,37.78284719808455],[-122.45175921776479,37.782916642529045],[-122.45157403257946,37.78300923512171],[-122.45143514369047,37.783113401788455],[-122.45134255109781,37.78322914252928],[-122.45129625480148,37.78335645734418],[-122.45129625480148,37.78349534623317],[-122.4514119955423,37.78358793882583],[-122.45164347702395,37.78363423512216],[-122.45199069924642,37.783634235122165],[-122.45245366220973,37.78358793882583],[-122.45280088443221,37.78350692030726],[-122.45303236591386,37.783391179566436],[-122.45314810665468,37.78324071660336]]],[[[-122.44388884738866,37.78277775364006],[-122.4442592177593,37.78277775364006],[-122.4445254214632,37.782754605491895],[-122.44468745850035,37.78270830919557],[-122.44474532887077,37.78263886475108],[-122.44469903257445,37.78254627215841],[-122.44458329183362,37.78249997586208],[-122.4443981066483,37.78249997586208],[-122.44414347701849,37.78254627215841],[-122.44381940294417,37.78263886475108],[-122.4436689399811,37.78270830919557],[-122.44369208812927,37.782754605491895],[-122.44388884738866,37.78277775364006]]],[[[-122.386296254754,37.78277775364006],[-122.38666662512465,37.78277775364006],[-122.38694440290263,37.782754605491895],[-122.38712958808794,37.78270830919557],[-122.38722218068061,37.78263886475108],[-122.38722218068061,37.78254627215841],[-122.38712958808794,37.78249997586208],[-122.38694440290263,37.78249997586208],[-122.38666662512465,37.78254627215841],[-122.386296254754,37.78263886475108],[-122.38611106956868,37.78270830919557],[-122.38611106956868,37.782754605491895],[-122.386296254754,37.78277775364006]]],[[[-122.44958329183726,37.78245367956575],[-122.44967588442994,37.78236108697308],[-122.44959486591137,37.78229164252859],[-122.44934023628154,37.782245346232266],[-122.44891199554048,37.7822221980841],[-122.44831014368819,37.7822221980841],[-122.44785875479897,37.782245346232266],[-122.44755782887283,37.78229164252859],[-122.44740736590975,37.78236108697308],[-122.44740736590975,37.78245367956575],[-122.44753468072467,37.78252312401025],[-122.4477893103545,37.78256942030657],[-122.4481712547992,37.78259256845474],[-122.44868051405882,37.78259256845474],[-122.4490856066517,37.78256942030657],[-122.44938653257785,37.78252312401025],[-122.44958329183726,37.78245367956575]]],[[[-122.38648143993932,37.78183890879866],[-122.38685181030996,37.7818302961888],[-122.38712958808796,37.7818028417357],[-122.38731477327327,37.78175654543937],[-122.38740736586593,37.7816914072998],[-122.38740736586593,37.78160742731701],[-122.3872916251251,37.78154444232992],[-122.38706014364345,37.781502452338515],[-122.38671292142098,37.78148145734282],[-122.38624995845768,37.78148145734282],[-122.38592588438338,37.78150460549099],[-122.38574069919804,37.78155090178731],[-122.38569440290172,37.78162034623181],[-122.38578699549437,37.78171293882447],[-122.38594903253153,37.781780230116496],[-122.38618051401318,37.7818222201079],[-122.38648143993932,37.78183890879866]]],[[[-122.45287032887668,37.78166664252814],[-122.45342588443268,37.78166664252814],[-122.45390042147005,37.78165506845406],[-122.45429393998884,37.781631920305884],[-122.45460643998908,37.781597198083645],[-122.45483792147074,37.78155090178731],[-122.45501153258198,37.78148145734282],[-122.4551272733228,37.78138886475016],[-122.45518514369321,37.78127312400934],[-122.45518514369321,37.78113423512034],[-122.45510412517464,37.781018494379516],[-122.45494208813747,37.78092590178686],[-122.45469903258174,37.78085645734237],[-122.45437495850743,37.780810161046034],[-122.45410875480353,37.7806365499348],[-122.45390042147005,37.78033562400866],[-122.45374995850698,37.7799073832676],[-122.45365736591431,37.77935182771164],[-122.45348375480307,37.77892358697059],[-122.45322912517325,37.778622661044444],[-122.45289347702486,37.77844904993321],[-122.45247681035791,37.778402753636875],[-122.45210643998726,37.77842590178504],[-122.45178236591295,37.7785184943777],[-122.45150458813497,37.77868053141486],[-122.45127310665332,37.77891201289651],[-122.45104162517167,37.77908562400775],[-122.45081014369002,37.77920136474857],[-122.45057866220837,37.779259235118985],[-122.45034718072671,37.779259235118985],[-122.45012727331914,37.7793171054894],[-122.44991893998566,37.77943284623022],[-122.44972218072627,37.77960645734146],[-122.44953699554092,37.77983793882311],[-122.44938653257785,37.780069420304756],[-122.44927079183705,37.780300901786404],[-122.44918977331847,37.78053238326805],[-122.44914347702212,37.78076386474971],[-122.44913190294804,37.78096062400911],[-122.4491550510962,37.78112266104626],[-122.44921292146661,37.78124997586117],[-122.44930551405928,37.78134256845383],[-122.4494328288742,37.78142358697241],[-122.44959486591135,37.78149303141691],[-122.44979162517075,37.78155090178731],[-122.4500231066524,37.781597198083645],[-122.45030088443039,37.781631920305884],[-122.45062495850468,37.78165506845406],[-122.45099532887532,37.78166664252814],[-122.45141199554232,37.78166664252814],[-122.45186338443153,37.78166664252814],[-122.45234949554298,37.78166664252814],[-122.45287032887668,37.78166664252814]]],[[[-122.44409718072215,37.78148145734282],[-122.44423606961114,37.78148145734282],[-122.44434023627788,37.78142358697241],[-122.44440968072239,37.781307846231584],[-122.44444440294463,37.78113423512035],[-122.44444440294463,37.7809027536387],[-122.44447912516688,37.78071756845338],[-122.44454856961137,37.780578679564385],[-122.44465273627812,37.78048608697173],[-122.4447916251671,37.780439790675395],[-122.44489579183384,37.78033562400865],[-122.44496523627834,37.7801735869715],[-122.44499995850059,37.77995367956393],[-122.44499995850059,37.77967590178596],[-122.44490736590792,37.779467568452475],[-122.44472218072261,37.77932867956348],[-122.44444440294463,37.779259235118985],[-122.44407403257398,37.779259235118985],[-122.44376153257375,37.77928238326715],[-122.44350690294395,37.77932867956348],[-122.44331014368454,37.77939812400797],[-122.44317125479554,37.779490716600634],[-122.4430786622029,37.77960645734146],[-122.44303236590656,37.779745346230456],[-122.44303236590656,37.779907383267606],[-122.44307866220288,37.78009256845292],[-122.44315968072145,37.78023145734191],[-122.44327542146229,37.78032404993457],[-122.44342588442537,37.7803703462309],[-122.44361106961068,37.7803703462309],[-122.44374995849968,37.780439790675395],[-122.44384255109233,37.780578679564385],[-122.44388884738866,37.78078701289787],[-122.44388884738866,37.78106479067585],[-122.4439235696109,37.78127312400933],[-122.44399301405541,37.78141201289833],[-122.44409718072215,37.78148145734282]]],[[[-122.43701384738364,37.77923608697082],[-122.43724532886529,37.77909719808183],[-122.43736106960611,37.778969883266925],[-122.43736106960611,37.77885414252609],[-122.43724532886529,37.77874997585935],[-122.43701384738364,37.7786573832667],[-122.43681708812423,37.778611086970365],[-122.43665505108709,37.778611086970365],[-122.43652773627218,37.7786573832667],[-122.4364351436795,37.77874997585935],[-122.43638884738317,37.77885414252609],[-122.43638884738317,37.778969883266925],[-122.4364351436795,37.77909719808183],[-122.43652773627218,37.77923608697082],[-122.43665505108709,37.77930553141531],[-122.43681708812423,37.77930553141531],[-122.43701384738364,37.77923608697082]]],[[[-122.4025231066177,37.779050901785496],[-122.40247681032136,37.77891201289651],[-122.4023842177287,37.77880784622977],[-122.40224532883971,37.77873840178527],[-122.40206014365441,37.77870367956302],[-122.40182866217276,37.77870367956302],[-122.4016781992097,37.778749975859355],[-122.40160875476519,37.778842568452006],[-122.40162032883927,37.778981457341004],[-122.40171292143194,37.77916664252632],[-122.40182866217276,37.77929395734123],[-122.40196755106174,37.77936340178572],[-122.40212958809889,37.77937497585981],[-122.40231477328422,37.77932867956348],[-122.40244208809912,37.779259235118985],[-122.40251153254363,37.77916664252632],[-122.4025231066177,37.779050901785496]]],[[[-122.47076384740829,37.77900460548917],[-122.47090273629728,37.77895830919284],[-122.47099532888994,37.77888886474834],[-122.47104162518627,37.77879627215569],[-122.47104162518627,37.778680531414864],[-122.47099532888993,37.778541642525866],[-122.47091431037134,37.77843747585913],[-122.47079856963055,37.77836803141463],[-122.47064810666747,37.778333309192384],[-122.47046292148215,37.778333309192384],[-122.47031245851907,37.77836803141463],[-122.47019671777825,37.77843747585913],[-122.47011569925968,37.778541642525866],[-122.47006940296333,37.778680531414864],[-122.47006940296333,37.77879627215569],[-122.47011569925968,37.77888886474834],[-122.47020829185233,37.77895830919284],[-122.47034718074131,37.77900460548917],[-122.4704860696303,37.77902775363734],[-122.4706249585193,37.77902775363734],[-122.47076384740829,37.77900460548917]]],[[[-122.49576384742656,37.778263864747885],[-122.49590273631554,37.77821756845156],[-122.49600690298229,37.77814812400706],[-122.4960763474268,37.778055531414395],[-122.49611106964903,37.77793979067357],[-122.49611106964903,37.77780090178459],[-122.49605319927862,37.777673586969684],[-122.4959374585378,37.77755784622886],[-122.49576384742656,37.777453679562115],[-122.4955323659449,37.77736108696945],[-122.4953240326114,37.777314790673124],[-122.49513884742609,37.777314790673124],[-122.49497681038893,37.77736108696945],[-122.49483792149995,37.777453679562115],[-122.49468745853687,37.77751154993253],[-122.49452542149973,37.7775346980807],[-122.4943518103885,37.77752312400661],[-122.49416662520315,37.77747682771028],[-122.49403931038825,37.77749997585845],[-122.49396986594377,37.7775925684511],[-122.49395829186969,37.777754605488255],[-122.494004588166,37.777986086969904],[-122.49409718075867,37.77813654993298],[-122.49423606964766,37.77820599437747],[-122.49442125483297,37.77819442030339],[-122.49465273631463,37.778101827710735],[-122.49486106964812,37.7780555314144],[-122.49504625483343,37.7780555314144],[-122.49520829187058,37.778101827710735],[-122.49534718075958,37.77819442030339],[-122.49548606964856,37.778252290673805],[-122.49562495853756,37.77827543882197],[-122.49576384742656,37.778263864747885]]],[[[-122.4979166252059,37.77775460548826],[-122.49800921779857,37.777615716599264],[-122.4979860696504,37.777523124006606],[-122.4978471807614,37.77747682771028],[-122.49759255113159,37.77747682771028],[-122.49722218076094,37.77752312400661],[-122.49694440298296,37.77759256845111],[-122.49675921779765,37.77768516104376],[-122.49666662520498,37.77780090178459],[-122.49666662520498,37.77793979067357],[-122.49673606964947,37.778032383266236],[-122.49687495853846,37.77807867956256],[-122.49708329187195,37.77807867956257],[-122.49736106964994,37.778032383266236],[-122.49759255113159,37.777962938821744],[-122.4977777363169,37.777870346229086],[-122.4979166252059,37.77775460548826]]],[[[-122.38879625475582,37.7766666425245],[-122.38935181031181,37.7766666425245],[-122.38976847697877,37.77664349437634],[-122.39004625475675,37.77659719808001],[-122.39018514364574,37.77652775363552],[-122.39018514364574,37.776435161042855],[-122.39023143994207,37.77631942030203],[-122.39032403253472,37.77618053141303],[-122.3904629214237,37.77601849437588],[-122.39064810660904,37.77583330919057],[-122.3909374584611,37.77559025363483],[-122.3913309769799,37.77528932770869],[-122.39182866216545,37.77493053141213],[-122.39243051401775,37.77451386474516],[-122.39290505105512,37.77416664252269],[-122.3932522732776,37.773888864744706],[-122.39347218068517,37.77368053141122],[-122.39356477327783,37.77354164252223],[-122.39374995846316,37.77335645733692],[-122.39402773624113,37.77312497585526],[-122.39439810661177,37.77284719807728],[-122.39486106957509,37.77252312400298],[-122.39523143994572,37.772280068447245],[-122.3955092177237,37.77211803141009],[-122.39569440290902,37.77203701289151],[-122.39578699550168,37.77203701289151],[-122.39592588439068,37.77196756844702],[-122.396111069576,37.77182867955803],[-122.39634255105764,37.771620346224545],[-122.39662032883561,37.77134256844656],[-122.39689810661358,37.77108793881675],[-122.39717588439157,37.7708564573351],[-122.39745366216957,37.77064812400161],[-122.39773143994753,37.770462938816294],[-122.3978934769847,37.77028932770505],[-122.39793977328102,37.7701272906679],[-122.39787032883653,37.769976827704824],[-122.39768514365122,37.76983793881584],[-122.39754625476222,37.76971062400093],[-122.39745366216957,37.769594883260105],[-122.39740736587324,37.76949071659337],[-122.39740736587324,37.7693981240007],[-122.39734949550282,37.76930553140804],[-122.397233754762,37.769212938815386],[-122.39706014365076,37.76912034622272],[-122.3968286621691,37.76902775363006],[-122.39659718068745,37.76888886474107],[-122.3963656992058,37.76870367955575],[-122.39613421772415,37.7684721980741],[-122.3959027362425,37.76819442029612],[-122.39568282883494,37.767951364740384],[-122.39547449550145,37.76774303140691],[-122.39527773624204,37.76756942029567],[-122.39509255105672,37.767430531406674],[-122.39489579179732,37.76730321659177],[-122.39468745846384,37.767187475850946],[-122.39446755105627,37.7670833091842],[-122.39423606957462,37.76699071659154],[-122.39400458809297,37.76685182770255],[-122.39377310661132,37.76666664251723],[-122.39354162512967,37.76643516103558],[-122.39331014364802,37.7661573832576],[-122.39303236587006,37.765891179553705],[-122.39270829179571,37.76563654992388],[-122.39233792142508,37.765393494368155],[-122.3919212547581,37.765162012886506],[-122.39160875475788,37.7649652536271],[-122.39140042142441,37.764803216589954],[-122.39129625475766,37.76467590177504],[-122.39129625475766,37.764583309182385],[-122.391203662165,37.76443284621931],[-122.39101847697968,37.76422451288583],[-122.3907406992017,37.76395830918193],[-122.39037032883105,37.76363423510762],[-122.39003468068266,37.76339117955189],[-122.38973375475652,37.76322914251474],[-122.38946755105262,37.76314812399616],[-122.38923606957097,37.76314812399616],[-122.38905088438565,37.76310182769983],[-122.38891199549666,37.76300923510718],[-122.388819402904,37.76287034621818],[-122.38877310660767,37.76268516103286],[-122.3886920880891,37.76256942029203],[-122.38857634734825,37.762523123995706],[-122.38842588438519,37.76254627214387],[-122.38824069919986,37.76263886473653],[-122.38812495845903,37.762743031403275],[-122.38807866216271,37.7628587721441],[-122.38810181031087,37.762986086959],[-122.38819440290354,37.763124975847994],[-122.38824069919987,37.7632522906629],[-122.38824069919987,37.76336803140372],[-122.38819440290354,37.76347219807047],[-122.38810181031087,37.763564790663125],[-122.38797449549597,37.7636458091817],[-122.38781245845882,37.763715253626195],[-122.38761569919942,37.76377312399661],[-122.38738421771775,37.76381942029294],[-122.38717590352519,37.76388886473744],[-122.38699075662174,37.7639814573301],[-122.3868287770074,37.76409719807092],[-122.38668996468215,37.76423608695991],[-122.38658583629729,37.76440969807115],[-122.3865163918528,37.76461803140463],[-122.38648163134867,37.764861086960366],[-122.38648155478494,37.76513886473835],[-122.38641205291765,37.76543979066449],[-122.38627312574678,37.7657638647388],[-122.38606477327235,37.766111086961274],[-122.38578699549439,37.76648145733192],[-122.3855786621609,37.76681710548031],[-122.38543977327188,37.767118031406454],[-122.3853703288274,37.76738423511035],[-122.3853703288274,37.767615716592],[-122.38534718067923,37.767813826249245],[-122.3853008843829,37.767978564082085],[-122.38523143993841,37.768109930090525],[-122.38513884734574,37.768207924274556],[-122.38506940290125,37.76832612221324],[-122.38502310660492,37.76846452390656],[-122.38499995845676,37.76862312935454],[-122.38499995845676,37.76880193855715],[-122.385034680679,37.76900573350144],[-122.3851041251235,37.7692345141874],[-122.38520829179025,37.769488280615036],[-122.38534718067923,37.76976703278435],[-122.38531510334518,37.76992281572144],[-122.38511205978809,37.76995562942632],[-122.38473805000793,37.769865473898975],[-122.38419307400471,37.769652349139406],[-122.38377057893982,37.76951601981973],[-122.38347056481321,37.769456485939955],[-122.3832930316249,37.769473747500065],[-122.38323797937491,37.76956780450006],[-122.38336984539887,37.7697028364122],[-122.38368862969679,37.76987884323648],[-122.38419433226869,37.77009582497289],[-122.38488695311457,37.77035378162144],[-122.3854527150453,37.770639841700515],[-122.38589161806088,37.77095400521011],[-122.38620366216134,37.77129627215023],[-122.38638884734668,37.77166664252087],[-122.38652773623566,37.77201386474334],[-122.38662032882831,37.77233793881766],[-122.38666662512465,37.772638864743804],[-122.38666662512465,37.77291664252178],[-122.38654919449186,37.77312743971847],[-122.38631433322625,37.77327125633387],[-122.38596204132787,37.77334809236799],[-122.38549231879668,37.77335794782081],[-122.38494888599347,37.77328185702865],[-122.38433174291822,37.77311981999149],[-122.38364088957093,37.77287183670934],[-122.38287632595159,37.77253790718221],[-122.38229897477449,37.77237911888692],[-122.38190883603963,37.77239547182346],[-122.381705909747,37.77258696599183],[-122.3816901958966,37.77295360139204],[-122.38168998458288,37.77329792574142],[-122.38170527580586,37.77361993903997],[-122.3817360695655,37.77391964128768],[-122.38178236586181,37.77419703248455],[-122.3821340086274,37.77438725817723],[-122.38279099786229,37.774490318365686],[-122.3837533335664,37.77450621304994],[-122.38502101573981,37.77443494222998],[-122.38597893090082,37.774423485356046],[-122.38662707904945,37.77447184242814],[-122.38696546018568,37.774580013446254],[-122.38699407430951,37.774747998410405],[-122.38687745068394,37.774898632579976],[-122.38661558930895,37.77503191595498],[-122.38620849018453,37.775147848535404],[-122.38565615331069,37.77524643032126],[-122.38525267005886,37.775376739732764],[-122.38499804042905,37.77553877676992],[-122.38489226442124,37.77573254143273],[-122.38493534203545,37.77595803372118],[-122.38509776134255,37.776115106927904],[-122.38537952234255,37.77620376105291],[-122.38578062503544,37.776223996096185],[-122.38630106942122,37.77617581205773],[-122.38671850571058,37.77617923759139],[-122.38703293390347,37.77623427269716],[-122.3872443539999,37.776340917375045],[-122.38735276599994,37.77649917162504],[-122.3874620460888,37.77661349290781],[-122.38757219426654,37.77668388122338],[-122.38768321053317,37.77671033657171],[-122.38779509488865,37.77669285895283],[-122.38801789704425,37.776679750738666],[-122.38835161699998,37.776671011929224],[-122.38879625475582,37.7766666425245]]],[[[-122.43560181034557,37.77601849437588],[-122.43550921775291,37.77583330919057],[-122.43537032886391,37.775694420301576],[-122.4351851436786,37.77560182770892],[-122.43495366219695,37.775555531412586],[-122.43467588441897,37.775555531412586],[-122.43451384738182,37.77550923511626],[-122.43446755108549,37.775416642523595],[-122.43453699552998,37.775277753634604],[-122.43472218071531,37.77509256844929],[-122.43481477330796,37.77494210548621],[-122.43481477330796,37.77482636474539],[-122.43472218071531,37.77474534622681],[-122.43453699552998,37.77469904993048],[-122.434259217752,37.77467590178232],[-122.43388884738135,37.77467590178232],[-122.43342588441806,37.77469904993048],[-122.4328703288621,37.77474534622681],[-122.43245366219513,37.77480321659722],[-122.43217588441713,37.77487266104172],[-122.43203699552815,37.7749536795603],[-122.43203699552815,37.77504627215296],[-122.4321295881208,37.775115716597455],[-122.43231477330613,37.77516201289378],[-122.43259255108411,37.77518516104195],[-122.43296292145476,37.77518516104195],[-122.433275421455,37.775196735116026],[-122.43353005108482,37.7752198832642],[-122.43372681034421,37.775254605486445],[-122.43386569923321,37.77530090178277],[-122.43399301404813,37.77538192030135],[-122.43410875478892,37.77549766104217],[-122.43421292145567,37.77564812400525],[-122.43430551404833,37.77583330919057],[-122.43445597701141,37.775983772153644],[-122.43466431034489,37.77609951289447],[-122.43493051404879,37.77618053141304],[-122.4352545881231,37.77622682770937],[-122.43547449553067,37.776215253635286],[-122.4355902362715,37.77614580919079],[-122.43560181034557,37.77601849437588]]],[[[-122.47465273630003,37.77523145733827],[-122.474791625189,37.77513886474562],[-122.47502310667065,37.77505784622704],[-122.47534718074496,37.774988401782544],[-122.47576384741194,37.77493053141213],[-122.47627310667158,37.7748842351158],[-122.47665505111631,37.77482636474539],[-122.4769096807461,37.774756920300895],[-122.47703699556102,37.77467590178232],[-122.47703699556102,37.77458330918966],[-122.47693282889428,37.774490716597],[-122.47672449556079,37.774398124004335],[-122.47641199556055,37.77430553141168],[-122.4759953288936,37.77421293881902],[-122.4756018103748,37.77415506844861],[-122.47523144000415,37.77413192030044],[-122.47488421778168,37.77414349437452],[-122.47456014370735,37.77418979067085],[-122.47429394000345,37.77424766104126],[-122.47408560666997,37.77431710548576],[-122.4739351437069,37.774398124004335],[-122.47384255111423,37.774490716597],[-122.47381940296606,37.774606457337825],[-122.4738656992624,37.77474534622681],[-122.47398144000323,37.774907383263965],[-122.47416662518856,37.77509256844929],[-122.47434023629981,37.77520830919011],[-122.47450227333695,37.77525460548644],[-122.47465273630003,37.77523145733827]]],[[[-122.48224532889814,37.77504627215296],[-122.48238421778714,37.7749536795603],[-122.48263884741695,37.7748842351158],[-122.4830092177876,37.77483793881947],[-122.48349532889907,37.77481479067131],[-122.48409718075135,37.77481479067131],[-122.4845948659369,37.77478006844906],[-122.4849883844557,37.77471062400456],[-122.48527773630778,37.774606457337825],[-122.4854629214931,37.77446756844883],[-122.48555551408575,37.774351827708],[-122.48555551408575,37.774259235115345],[-122.4854629214931,37.77418979067085],[-122.48527773630778,37.77414349437452],[-122.48480319927039,37.774108772152275],[-122.48403931038095,37.774085624004115],[-122.48298606963944,37.77407404993003],[-122.48164347704586,37.77407404993003],[-122.48063653260068,37.77413192030044],[-122.4799652363039,37.774247661041265],[-122.4796295881555,37.7744212721525],[-122.4796295881555,37.77465275363415],[-122.47975690297042,37.77482636474539],[-122.48001153260023,37.77494210548621],[-122.48039347704496,37.77499997585662],[-122.48090273630459,37.77499997585662],[-122.48130782889747,37.77501154993071],[-122.48160875482361,37.77503469807887],[-122.48180551408302,37.77506942030112],[-122.48189810667569,37.77511571659745],[-122.48200227334243,37.775127290671534],[-122.48211801408323,37.775104142523375],[-122.48224532889814,37.77504627215296]]],[[[-122.455717551101,37.77384256844837],[-122.45557866221202,37.7735647906704],[-122.45542819924894,37.77335645733692],[-122.45526616221179,37.77321756844792],[-122.45509255110056,37.77314812400343],[-122.45490736591522,37.77314812400343],[-122.45476847702624,37.77320599437384],[-122.45467588443358,37.77332173511466],[-122.45462958813725,37.7734953462259],[-122.45462958813725,37.773726827707556],[-122.45465273628541,37.77392358696696],[-122.45469903258174,37.77408562400411],[-122.45476847702624,37.77421293881902],[-122.4548610696189,37.77430553141168],[-122.45498838443382,37.77436340178209],[-122.45515042147096,37.774386549930256],[-122.45534718073037,37.77437497585617],[-122.45557866221202,37.77432867955984],[-122.455717551101,37.77422451289309],[-122.45576384739735,37.77406247585594],[-122.455717551101,37.77384256844837]]],[[[-122.43564810664189,37.77431146763816],[-122.43583329182724,37.77428789411339],[-122.43597218071622,37.77423591057814],[-122.43606477330887,37.77415551703241],[-122.4361110696052,37.77404671347618],[-122.4361110696052,37.773909499909465],[-122.43605319923479,37.773818163808514],[-122.43593745849397,37.773772705173315],[-122.43576384738273,37.77377312400388],[-122.43553236590107,37.773819420300214],[-122.43537032886391,37.773882765221245],[-122.43527773627126,37.77396315876698],[-122.43525458812309,37.774060600937425],[-122.43530088441943,37.77417509173257],[-122.43538190293802,37.77425506644774],[-122.43549764367881,37.774300525082936],[-122.43564810664189,37.77431146763816]]],[[[-122.45821755110283,37.77393516104104],[-122.45826384739917,37.77384256844837],[-122.45839116221407,37.77378469807796],[-122.45859949554756,37.7737615499298],[-122.45888884739962,37.77377312400388],[-122.45925921777025,37.773819420300214],[-122.45953699554823,37.77381942030021],[-122.45972218073355,37.77377312400388],[-122.45981477332622,37.77368053141122],[-122.45981477332622,37.77354164252223],[-122.4597569029558,37.77341432770733],[-122.45964116221498,37.773298586966504],[-122.45946755110374,37.77319442029976],[-122.4592360696221,37.7731018277071],[-122.45901616221452,37.77305553141077],[-122.45880782888105,37.77305553141077],[-122.45861106962164,37.7731018277071],[-122.45842588443632,37.77319442029976],[-122.45824069925101,37.77326386474426],[-122.45805551406568,37.773310161040584],[-122.45787032888036,37.77333330918875],[-122.45768514369504,37.77333330918875],[-122.4575115325838,37.77335645733692],[-122.45734949554665,37.77340275363324],[-122.45719903258357,37.77347219807774],[-122.45706014369458,37.773564790670406],[-122.456979125176,37.773668957337144],[-122.45695597702783,37.77378469807797],[-122.45699069925008,37.77391201289288],[-122.45708329184275,37.77405090178186],[-122.45721060665767,37.77414349437452],[-122.45737264369481,37.774189790670846],[-122.45756940295422,37.77418979067085],[-122.45780088443587,37.77414349437452],[-122.45798606962119,37.774085624004115],[-122.45812495851018,37.77401617955962],[-122.45821755110283,37.77393516104104]]],[[[-122.4939351437215,37.77326386474425],[-122.4942129214995,37.773217568447926],[-122.49443282890707,37.77314812400343],[-122.49459486594421,37.77305553141076],[-122.49469903261095,37.77293979066994],[-122.49474532890727,37.772800901780954],[-122.49474532890727,37.77268516104013],[-122.49469903261095,37.77259256844748],[-122.49460644001829,37.77252312400298],[-122.4944675511293,37.77247682770665],[-122.49421292149948,37.7724421054844],[-122.49384255112884,37.77241895733623],[-122.49335644001738,37.77240738326215],[-122.49275458816508,37.77240738326215],[-122.4922800511277,37.77245367955848],[-122.49193282890522,37.77254627215113],[-122.49171292149767,37.77268516104013],[-122.491620328905,37.772870346225446],[-122.49165505112725,37.77300923511444],[-122.49181708816442,37.773101827707094],[-122.49210644001649,37.77314812400343],[-122.49252310668344,37.77314812400343],[-122.49285875483183,37.77315969807751],[-122.49311338446165,37.77318284622568],[-122.49328699557289,37.773217568447926],[-122.49337958816555,37.77326386474425],[-122.49351847705455,37.77328701289242],[-122.49370366223985,37.77328701289242],[-122.4939351437215,37.77326386474425]]],[[[-122.4904397733486,37.77305553141077],[-122.4904860696449,37.77287034622545],[-122.49041662520041,37.77273145733646],[-122.49023144001511,37.772638864743804],[-122.48993051408897,37.77259256844747],[-122.48951384742197,37.77259256844747],[-122.48920134742175,37.772638864743804],[-122.48899301408827,37.77273145733646],[-122.48888884742153,37.77287034622545],[-122.48888884742153,37.77305553141077],[-122.48898144001419,37.77319442029976],[-122.48916662519952,37.77328701289242],[-122.4894444029775,37.77333330918875],[-122.48981477334813,37.77333330918875],[-122.49010412520019,37.77328701289242],[-122.4903124585337,37.77319442029976],[-122.4904397733486,37.77305553141077]]],[[[-122.45733792147256,37.773078679558935],[-122.45766199554687,37.7730323832626],[-122.45799764369526,37.77295136474403],[-122.45834486591775,37.77283562400321],[-122.4587036622143,37.77268516104013],[-122.45907403258494,37.772499975854814],[-122.45942125480741,37.772349512891736],[-122.45974532888172,37.77223377215091],[-122.46004625480788,37.772152753632334],[-122.46032403258585,37.77210645733601],[-122.460624958512,37.772071735113755],[-122.4609490325863,37.772048586965596],[-122.46129625480877,37.77203701289151],[-122.46166662517942,37.77203701289151],[-122.4620832918464,37.772071735113755],[-122.4625462548097,37.772141179558254],[-122.46305551406932,37.77224534622499],[-122.46361106962529,37.77238423511399],[-122.46403931036635,37.77245367955848],[-122.46434023629249,37.77245367955848],[-122.46451384740372,37.77238423511399],[-122.46456014370006,37.77224534622499],[-122.46446755110739,37.77211803141009],[-122.46423606962574,37.77200229066926],[-122.46386569925511,37.77189812400252],[-122.46335643999548,37.77180553140985],[-122.46296292147667,37.771712938817195],[-122.46268514369868,37.771620346224545],[-122.46252310666154,37.77152775363189],[-122.46247681036519,37.77143516103922],[-122.46236106962436,37.77136571659472],[-122.46217588443906,37.7713194202984],[-122.46192125480924,37.77129627215023],[-122.46159718073493,37.77129627215023],[-122.4613425511051,37.7713194202984],[-122.46115736591979,37.77136571659472],[-122.46104162517896,37.77143516103922],[-122.46099532888263,37.77152775363189],[-122.46084486591957,37.77159719807638],[-122.46059023628975,37.771643494372704],[-122.4602314399932,37.77166664252087],[-122.45976847702988,37.77166664252087],[-122.45937495851109,37.771689790669036],[-122.45905088443678,37.77173608696536],[-122.45879625480696,37.77180553140985],[-122.45861106962164,37.77189812400252],[-122.4584374585104,37.77201386474334],[-122.45827542147325,37.77215275363234],[-122.45812495851017,37.77231479066949],[-122.45798606962119,37.77249997585481],[-122.45782403258403,37.772662012891956],[-122.45763884739868,37.772800901780954],[-122.45743051406521,37.77291664252178],[-122.45719903258356,37.77300923511444],[-122.45710643999091,37.773067105484856],[-122.45715273628724,37.773090253633015],[-122.45733792147256,37.773078679558935]]],[[[-122.44189810664648,37.77296293881811],[-122.44217588442444,37.77296293881811],[-122.44248838442468,37.7729050684477],[-122.44283560664715,37.772789327706874],[-122.44321755109186,37.77261571659564],[-122.44363421775886,37.77238423511399],[-122.44384255109233,37.77221062400275],[-122.44384255109233,37.77209488326193],[-122.44363421775886,37.77203701289151],[-122.44321755109186,37.77203701289151],[-122.44281245849898,37.772048586965596],[-122.44241893998019,37.772071735113755],[-122.44203699553546,37.77210645733601],[-122.44166662516481,37.772152753632334],[-122.4413541251646,37.772210624002746],[-122.44109949553477,37.772280068447245],[-122.44090273627536,37.772361086965816],[-122.44076384738638,37.77245367955848],[-122.44057866220105,37.77252312400298],[-122.4403471807194,37.772569420299305],[-122.44006940294142,37.77259256844747],[-122.4397453288671,37.77259256844747],[-122.43951384738546,37.77262729066972],[-122.43937495849647,37.772696735114216],[-122.43932866220015,37.772800901780954],[-122.43937495849647,37.77293979066994],[-122.43945597701506,37.7730323832626],[-122.43957171775585,37.77307867955893],[-122.43972218071895,37.773078679558935],[-122.43990736590428,37.7730323832626],[-122.44012727331184,37.772997661040364],[-122.44038190294165,37.77297451289219],[-122.44067125479373,37.77296293881811],[-122.44099532886804,37.77296293881811],[-122.44130782886826,37.77296293881811],[-122.4416087547944,37.77296293881811],[-122.44189810664648,37.77296293881811]]],[[[-122.47918977334038,37.772060161039676],[-122.47914347704403,37.77182867955803],[-122.47908560667362,37.77162034622454],[-122.47901616222913,37.77143516103922],[-122.47893514371056,37.771273124002064],[-122.47884255111789,37.771134235113074],[-122.47886569926607,37.77101849437225],[-122.47900458815506,37.77092590177959],[-122.47925921778487,37.77085645733509],[-122.4796295881555,37.77081016103876],[-122.4799652363039,37.77075229066835],[-122.48026616223004,37.770682846223856],[-122.48053236593394,37.77060182770528],[-122.4807638474156,37.77050923511262],[-122.48098375482317,37.77046293881629],[-122.48119208815665,37.77046293881629],[-122.48138884741604,37.77050923511262],[-122.48157403260137,37.77060182770528],[-122.48173606963853,37.77063654992753],[-122.48187495852753,37.77061340177936],[-122.48199069926834,37.770532383260786],[-122.482083291861,37.7703934943718],[-122.48222218074999,37.77028932770506],[-122.4824073659353,37.77021988326056],[-122.48263884741695,37.77018516103831],[-122.48291662519493,37.77018516103831],[-122.48320597704699,37.77015043881607],[-122.48350690297315,37.77008099437157],[-122.48381940297337,37.769976827704824],[-122.4841434770477,37.76983793881584],[-122.48449069927017,37.769733772149095],[-122.48486106964081,37.7696643277046],[-122.48525458815962,37.76962960548235],[-122.48567125482657,37.76962960548235],[-122.48601847704904,37.769594883260105],[-122.48629625482704,37.769525438815606],[-122.48650458816053,37.76942127214886],[-122.48664347704951,37.76928238325988],[-122.48681708816076,37.769155068444974],[-122.48702542149425,37.76903932770415],[-122.48726847704998,37.768935161037405],[-122.48754625482795,37.76884256844474],[-122.48783560668001,37.76876154992617],[-122.48813653260615,37.76869210548167],[-122.48844903260638,37.76863423511126],[-122.48877310668071,37.76858793881493],[-122.4891087548291,37.76855321659268],[-122.48945597705158,37.76853006844452],[-122.48981477334813,37.76851849437043],[-122.49018514371878,37.76851849437043],[-122.49050921779309,37.76849534622227],[-122.49078699557106,37.76844904992594],[-122.4910184770527,37.76837960548144],[-122.49120366223805,37.76828701288878],[-122.49134255112703,37.76819442029612],[-122.49143514371968,37.76810182770347],[-122.49148144001602,37.76800923511081],[-122.49148144001602,37.767916642518145],[-122.49141199557153,37.767847198073646],[-122.49127310668253,37.76780090177732],[-122.49106477334905,37.767777753629154],[-122.49078699557106,37.767777753629154],[-122.49055551408941,37.76775460548099],[-122.4903703289041,37.76770830918466],[-122.49023144001511,37.767638864740164],[-122.49013884742244,37.767546272147506],[-122.49002310668162,37.76747682770301],[-122.48988421779262,37.76743053140668],[-122.48972218075546,37.767407383258515],[-122.48953699557015,37.767407383258515],[-122.48939810668115,37.76744210548076],[-122.4893055140885,37.76751154992526],[-122.48925921779217,37.767615716592],[-122.48925921779217,37.76775460548099],[-122.48918977334768,37.767858772147726],[-122.48905088445868,37.767928216592225],[-122.4888425511252,37.76796293881447],[-122.4885647733472,37.76796293881447],[-122.48832171779148,37.76798608696264],[-122.48811338445799,37.76803238325896],[-122.48793977334675,37.76810182770346],[-122.48780088445777,37.76819442029612],[-122.48767356964285,37.768205994370206],[-122.48755782890203,37.76813654992571],[-122.4874536622353,37.76798608696264],[-122.48736106964263,37.76775460548099],[-122.48724532890182,37.76758099436975],[-122.48710644001282,37.76746525362893],[-122.48694440297567,37.767407383258515],[-122.48675921779034,37.767407383258515],[-122.48656245853094,37.76745367955485],[-122.48635412519747,37.7675462721475],[-122.4861342177899,37.767685161036496],[-122.48590273630823,37.76787034622181],[-122.48571755112292,37.768055531407136],[-122.48557866223393,37.76824071659245],[-122.48548606964127,37.768425901777775],[-122.48543977334495,37.76861108696309],[-122.48534718075229,37.76872682770392],[-122.48520829186329,37.76877312400025],[-122.48502310667797,37.76874997585208],[-122.48479162519631,37.76865738325942],[-122.48453699556649,37.768587938814925],[-122.48425921778852,37.7685416425186],[-122.48395829186236,37.76851849437043],[-122.48363421778805,37.76851849437043],[-122.48339116223232,37.76857636474085],[-122.48322912519518,37.768692105481676],[-122.4831481066766,37.76886571659291],[-122.4831481066766,37.76909719807456],[-122.48303236593577,37.769305531408044],[-122.48280088445412,37.76949071659337],[-122.48245366223165,37.76965275363052],[-122.48199069926834,37.76979164251951],[-122.48157403260137,37.769895809186245],[-122.48120366223074,37.769965253630744],[-122.48087958815643,37.76999997585299],[-122.48060181037843,37.76999997585299],[-122.48034718074862,37.770034698075236],[-122.48011569926697,37.770104142519735],[-122.47990736593349,37.77020830918647],[-122.47972218074817,37.77034719807547],[-122.47946755111835,37.770474512890374],[-122.47914347704403,37.7705902536312],[-122.47874995852524,37.77069442029794],[-122.47828699556193,37.7707870128906],[-122.47797449556171,37.770902753631425],[-122.47781245852457,37.771041642520416],[-122.47780088445047,37.77120367955757],[-122.47793977333946,37.77138886474289],[-122.47805551408028,37.7715856240023],[-122.47814810667295,37.771793957335774],[-122.47821755111744,37.77201386474334],[-122.47826384741379,37.772245346225],[-122.47835644000645,37.772407383262156],[-122.47849532889543,37.772499975854814],[-122.47868051408074,37.77252312400298],[-122.47891199556238,37.77247682770665],[-122.47907403259953,37.77238423511399],[-122.47916662519222,37.77224534622499],[-122.47918977334038,37.772060161039676]]],[[[-122.4846758844555,37.771342568446556],[-122.48495366223347,37.77124997585389],[-122.48532403260411,37.7711805314094],[-122.48578699556742,37.771134235113074],[-122.48634255112339,37.77111108696491],[-122.486990699272,37.77111108696491],[-122.48747681038347,37.77109951289083],[-122.48780088445776,37.771076364742655],[-122.48796292149493,37.771041642520416],[-122.48796292149493,37.77099534622408],[-122.48815968075432,37.770960624001845],[-122.48855319927313,37.77093747585367],[-122.48914347705134,37.77092590177959],[-122.48993051408895,37.77092590177959],[-122.49055551408941,37.77091432770551],[-122.4910184770527,37.77089117955734],[-122.49131940297886,37.77085645733509],[-122.49145829186784,37.77081016103876],[-122.49157403260867,37.77074071659426],[-122.49166662520133,37.77064812400161],[-122.49173606964584,37.770532383260786],[-122.49178236594216,37.7703934943718],[-122.49172449557175,37.77030090177914],[-122.49156245853459,37.77025460548281],[-122.49129625483069,37.770254605482805],[-122.49092588446005,37.77030090177914],[-122.49057866223758,37.770277753630964],[-122.49025458816327,37.77018516103831],[-122.48995366223713,37.770023124001156],[-122.48967588445915,37.76979164251951],[-122.48942125482932,37.76960645733419],[-122.48918977334768,37.769467568445194],[-122.4889814400142,37.769374975852536],[-122.48879625482886,37.7693286795562],[-122.48861106964354,37.769317105482116],[-122.48842588445824,37.76934025363029],[-122.48824069927292,37.7693981240007],[-122.48805551408758,37.76949071659337],[-122.48787032890226,37.76956016103786],[-122.48768514371693,37.769606457334184],[-122.48749995853161,37.76962960548235],[-122.48731477334631,37.76962960548235],[-122.48716431038324,37.7696643277046],[-122.4870485696424,37.769733772149095],[-122.48696755112383,37.76983793881584],[-122.4869212548275,37.769976827704824],[-122.48677079186442,37.77013886474198],[-122.48651616223462,37.770324049927304],[-122.48615736593806,37.770532383260786],[-122.48569440297476,37.770763864742435],[-122.48524301408554,37.770914327705505],[-122.4848031992704,37.770983772150004],[-122.48437495852934,37.770972198075924],[-122.48395829186236,37.77087960548326],[-122.48363421778805,37.77086803140917],[-122.4834027363064,37.77093747585367],[-122.48326384741742,37.77108793881674],[-122.4832175511211,37.7713194202984],[-122.48325227334334,37.771481457335554],[-122.48336801408416,37.771574049928205],[-122.48356477334357,37.77159719807637],[-122.48384255112154,37.771550901780046],[-122.48412032889952,37.77149303140963],[-122.48439810667752,37.771423586965135],[-122.4846758844555,37.771342568446556]]],[[[-122.43618051404971,37.771273124002064],[-122.43622681034603,37.771134235113074],[-122.43619208812379,37.77100692029817],[-122.43607634738294,37.770891179557346],[-122.43587958812354,37.7707870128906],[-122.43560181034556,37.77069442029794],[-122.43539347701208,37.77067127214978],[-122.43525458812309,37.77071756844611],[-122.4351851436786,37.77083330918693],[-122.4351851436786,37.77101849437225],[-122.43524301404901,37.77116895733532],[-122.43535875478983,37.771284698076144],[-122.43553236590107,37.77136571659472],[-122.43576384738273,37.771412012891055],[-122.43594903256805,37.771412012891055],[-122.43608792145704,37.77136571659472],[-122.43618051404971,37.771273124002064]]],[[[-122.43729162516163,37.77115738326124],[-122.43733792145794,37.77106479066858],[-122.4374305140506,37.77100692029817],[-122.4375694029396,37.770983772150004],[-122.43775458812492,37.77099534622408],[-122.43798606960658,37.771041642520416],[-122.43835643997721,37.771076364742655],[-122.43886569923684,37.77109951289083],[-122.43951384738546,37.77111108696491],[-122.4403008844231,37.77111108696491],[-122.44097218071988,37.77107636474266],[-122.44152773627582,37.77100692029816],[-122.44196755109095,37.77090275363142],[-122.44229162516527,37.770763864742435],[-122.44259255109142,37.7706596980757],[-122.44287032886939,37.7705902536312],[-122.44312495849921,37.77055553140895],[-122.44335643998087,37.77055553140895],[-122.44351847701803,37.770520809186706],[-122.44361106961068,37.77045136474221],[-122.44363421775884,37.77034719807547],[-122.44358792146252,37.77020830918647],[-122.4434721807217,37.77008099437157],[-122.44328699553635,37.769965253630744],[-122.44303236590655,37.769861086964],[-122.44270829183225,37.769768494371334],[-122.44248838442468,37.76962960548235],[-122.44237264368385,37.76944442029703],[-122.44236106960977,37.76921293881538],[-122.44245366220244,37.768935161037405],[-122.44258097701734,37.768726827703915],[-122.44274301405449,37.76858793881493],[-122.4429397733139,37.76851849437043],[-122.44317125479554,37.76851849437043],[-122.44335643998086,37.76849534622227],[-122.44349532886986,37.76844904992594],[-122.44358792146252,37.76837960548144],[-122.44363421775884,37.76828701288878],[-122.4436689399811,37.76813654992571],[-122.44369208812927,37.767928216592225],[-122.44370366220335,37.76766201288832],[-122.44370366220335,37.76733793881402],[-122.44363421775886,37.76704858696196],[-122.44349532886986,37.76679395733214],[-122.44328699553637,37.76657404992457],[-122.4430092177584,37.766388864739255],[-122.44275458812858,37.766261549924344],[-122.44252310664692,37.76619210547985],[-122.44231477331343,37.76618053140577],[-122.44212958812811,37.7662268277021],[-122.44197912516503,37.76630784622068],[-122.44186338442421,37.7664235869615],[-122.44178236590564,37.76657404992458],[-122.4417360696093,37.766759235109895],[-122.4416087547944,37.76699071659155],[-122.44140042146091,37.767268494369524],[-122.44111106960885,37.76759256844383],[-122.44074069923822,37.76796293881448],[-122.44040505108983,37.76825229066654],[-122.44010412516369,37.76846062400002],[-122.43983792145978,37.76858793881493],[-122.43960643997812,37.76863423511126],[-122.43935181034831,37.7686689573335],[-122.43907403257033,37.768692105481676],[-122.43877310664419,37.768703679555756],[-122.43844903256988,37.768703679555756],[-122.43819440294006,37.76874997585209],[-122.43800921775474,37.76884256844474],[-122.43789347701392,37.76898145733374],[-122.43784718071757,37.76916664251905],[-122.43784718071757,37.76931710548213],[-122.43789347701392,37.769432846222955],[-122.43798606960658,37.769513864741526],[-122.43812495849556,37.76956016103786],[-122.43826384738455,37.76956016103785],[-122.43840273627356,37.769513864741526],[-122.43854162516254,37.76942127214886],[-122.43868051405153,37.76928238325988],[-122.43883097701462,37.76917821659314],[-122.43899301405176,37.76910877214864],[-122.439166625163,37.769074049926395],[-122.43935181034831,37.769074049926395],[-122.43952542145955,37.76910877214864],[-122.4396874584967,37.76917821659314],[-122.43983792145978,37.76928238325988],[-122.43997681034877,37.76942127214886],[-122.44010412516369,37.76958330918602],[-122.44021986590451,37.76976849437134],[-122.44032403257124,37.769976827704824],[-122.4404166251639,37.77020830918648],[-122.44038190294165,37.7703934943718],[-122.4402198659045,37.770532383260786],[-122.43993051405243,37.770624975853444],[-122.43951384738548,37.77067127214978],[-122.43920134738525,37.77067127214977],[-122.43899301405176,37.770624975853444],[-122.43888884738502,37.770532383260786],[-122.43888884738502,37.7703934943718],[-122.43877310664419,37.77033562400139],[-122.43854162516254,37.77035877214955],[-122.43819440294007,37.770462938816294],[-122.43773143997674,37.77064812400161],[-122.43739579182835,37.77081016103877],[-122.43718745849488,37.77094904992776],[-122.4371064399763,37.77106479066858],[-122.43715273627262,37.77115738326124],[-122.43719903256896,37.77120367955757],[-122.4372453288653,37.77120367955757],[-122.43729162516163,37.77115738326124]]],[[[-122.47064810666745,37.771041642520416],[-122.47083329185278,37.77099534622408],[-122.47106477333443,37.770960624001845],[-122.47134255111243,37.77093747585367],[-122.47166662518673,37.77092590177959],[-122.47203699555737,37.77092590177959],[-122.47239579185393,37.770902753631425],[-122.47274301407641,37.7708564573351],[-122.47307866222481,37.7707870128906],[-122.47340273629911,37.77069442029794],[-122.47372681037342,37.770613401779364],[-122.47405088444772,37.77054395733487],[-122.47437495852203,37.77048608696446],[-122.47469903259636,37.77043979066813],[-122.47493051407801,37.770381920297716],[-122.47506940296701,37.77031247585322],[-122.47511569926334,37.77023145733464],[-122.47506940296697,37.77013886474198],[-122.47498838444838,37.770046272149315],[-122.47487264370758,37.769953679556664],[-122.47472218074451,37.769861086964],[-122.47453699555919,37.769768494371334],[-122.47431708815162,37.76971062400092],[-122.47406245852181,37.76968747585276],[-122.47377310666975,37.76969904992685],[-122.47344903259544,37.769745346223175],[-122.47317125481746,37.769733772149095],[-122.47293977333581,37.7696643277046],[-122.47275458815048,37.76953701288969],[-122.4726156992615,37.76935182770438],[-122.47247681037251,37.769212938815386],[-122.4723379214835,37.76912034622273],[-122.47219903259452,37.769074049926395],[-122.47206014370553,37.769074049926395],[-122.47190968074244,37.76910877214864],[-122.4717476437053,37.76917821659314],[-122.47157403259406,37.76928238325988],[-122.47138884740875,37.76942127214886],[-122.47127310666792,37.76956016103785],[-122.47122681037159,37.76969904992685],[-122.47124995851976,37.76983793881584],[-122.47134255111241,37.769976827704824],[-122.47140042148283,37.770115716593814],[-122.47142356963099,37.77025460548281],[-122.4714119955569,37.7703934943718],[-122.47136569926059,37.770532383260786],[-122.47127310666792,37.77065969807569],[-122.47113421777892,37.770775438816514],[-122.47094903259361,37.77087960548326],[-122.47071755111196,37.770972198075924],[-122.47059023629706,37.771030068446336],[-122.47056708814888,37.771053216594495],[-122.47064810666745,37.771041642520416]]],[[[-122.46763884740602,37.77071756844611],[-122.46791662518399,37.77057867955711],[-122.4681133844434,37.77043979066812],[-122.4682291251842,37.77030090177914],[-122.46826384740645,37.77016201289015],[-122.46821755111014,37.770023124001156],[-122.46813653259156,37.769942105482585],[-122.46802079185073,37.76991895733441],[-122.46787032888767,37.769953679556664],[-122.46768514370234,37.77004627214933],[-122.46753468073928,37.770162012890154],[-122.46741893999842,37.77030090177914],[-122.46733792147985,37.770462938816294],[-122.46729162518355,37.77064812400161],[-122.46732634740579,37.770752290668355],[-122.46744208814661,37.77077543881652],[-122.46763884740602,37.77071756844611]]],[[[-122.46363421777346,37.77060182770528],[-122.46358792147713,37.77050923511262],[-122.4634721807363,37.77043979066812],[-122.46328699555099,37.770393494371795],[-122.46303236592117,37.77037034622363],[-122.46270829184685,37.77037034622363],[-122.46248838443928,37.770405068445875],[-122.46237264369846,37.770474512890374],[-122.46236106962438,37.77057867955711],[-122.46245366221704,37.77071756844611],[-122.46259255110604,37.77081016103877],[-122.46277773629134,37.77085645733509],[-122.46300921777299,37.77085645733509],[-122.46328699555099,37.77081016103876],[-122.46348375481038,37.77075229066835],[-122.46359949555121,37.770682846223856],[-122.46363421777346,37.77060182770528]]],[[[-122.42803236589558,37.77004627214933],[-122.42807866219195,37.769953679556664],[-122.42803236589562,37.769884235112166],[-122.42789347700662,37.76983793881584],[-122.42766199552497,37.769814790667674],[-122.42733792145064,37.769814790667674],[-122.42709486589492,37.76984951288992],[-122.42693282885776,37.76991895733442],[-122.42685181033919,37.770023124001156],[-122.42685181033919,37.77016201289015],[-122.42692125478368,37.770254605482805],[-122.42706014367268,37.77030090177913],[-122.42726847700615,37.77030090177914],[-122.42754625478413,37.770254605482805],[-122.42776616219169,37.7701967351124],[-122.42792819922883,37.7701272906679],[-122.42803236589558,37.77004627214933]]],[[[-122.47692125482021,37.7693286795562],[-122.47696755111653,37.7690046054819],[-122.47693282889429,37.76872682770392],[-122.47681708815344,37.76849534622227],[-122.47662032889404,37.76831016103695],[-122.47634255111606,37.76817127214795],[-122.4760647733381,37.768067105481215],[-122.47578699556011,37.767997661036716],[-122.47550921778213,37.76796293881447],[-122.47523144000414,37.76796293881447],[-122.47497681037433,37.7680092351108],[-122.47474532889268,37.76810182770346],[-122.47453699555919,37.76824071659245],[-122.47435181037388,37.768425901777775],[-122.47422449555896,37.76861108696309],[-122.47415505111445,37.768796272148414],[-122.47414347704037,37.76898145733374],[-122.47418977333672,37.76916664251905],[-122.47427079185529,37.7693402536303],[-122.47438653259611,37.76950229066745],[-122.47453699555919,37.76965275363052],[-122.47472218074451,37.76979164251951],[-122.47497681037433,37.769884235112166],[-122.47530088444861,37.7699305314085],[-122.47569440296743,37.7699305314085],[-122.47615736593076,37.769884235112166],[-122.47651616222731,37.76976849437134],[-122.47677079185713,37.76958330918602],[-122.47692125482021,37.7693286795562]]],[[[-122.48166662519404,37.76905090177823],[-122.48166662519404,37.768912012889245],[-122.48162032889769,37.7688078462225],[-122.48152773630505,37.768738401778],[-122.48138884741606,37.768703679555756],[-122.48120366223074,37.768703679555756],[-122.48107634741582,37.76874997585209],[-122.48100690297133,37.76884256844474],[-122.48099532889725,37.76898145733374],[-122.48104162519357,37.76916664251905],[-122.48111106963808,37.769293957333964],[-122.48120366223073,37.769363401778456],[-122.48131940297155,37.769374975852536],[-122.48145829186055,37.7693286795562],[-122.48156245852729,37.769259235111704],[-122.48163190297178,37.76916664251905],[-122.48166662519404,37.76905090177823]]],[[[-122.47916662519219,37.768796272148414],[-122.47935181037752,37.76861108696309],[-122.47952542148876,37.76848377214819],[-122.47968745852592,37.76841432770369],[-122.479837921489,37.76840275362961],[-122.47997681037798,37.76844904992594],[-122.48015042148921,37.76847219807411],[-122.4803587548227,37.76847219807411],[-122.48060181037843,37.76844904992594],[-122.48087958815643,37.76840275362961],[-122.481099495564,37.76831016103695],[-122.48126153260114,37.76817127214795],[-122.48136569926788,37.76798608696264],[-122.48141199556423,37.76775460548099],[-122.48140042149015,37.76758099436975],[-122.48133097704564,37.76746525362893],[-122.48120366223073,37.767407383258515],[-122.48101847704541,37.767407383258515],[-122.48085644000825,37.76743053140668],[-122.48071755111927,37.76747682770301],[-122.48060181037845,37.767546272147506],[-122.48050921778577,37.767638864740164],[-122.48033560667452,37.76771988325874],[-122.48008097704471,37.767789327703234],[-122.47974532889631,37.767847198073646],[-122.47932866222936,37.76789349436998],[-122.47902773630321,37.7680092351108],[-122.4788425511179,37.768194420296126],[-122.47877310667342,37.76844904992594],[-122.47881940296972,37.76877312400024],[-122.47885412519197,37.76900460548189],[-122.47887727334015,37.76914349437089],[-122.47888884741423,37.76918979066722],[-122.47888884741423,37.76914349437089],[-122.47893514371056,37.76906247585231],[-122.47902773630321,37.768946735111484],[-122.47916662519219,37.768796272148414]]],[[[-122.45706014369458,37.76856479066676],[-122.4575694029542,37.76847219807411],[-122.45790505110261,37.76836803140736],[-122.45806708813977,37.76825229066654],[-122.45805551406569,37.76812497585163],[-122.45787032888035,37.76798608696264],[-122.45767356962095,37.767905068444065],[-122.45746523628748,37.76788192029589],[-122.4572453288799,37.767916642518145],[-122.45701384739824,37.76800923511081],[-122.45675921776842,37.76809025362938],[-122.45648143999045,37.76815969807388],[-122.4561805140643,37.768217568444285],[-122.45585643998999,37.76826386474062],[-122.45561338443426,37.76833330918511],[-122.45545134739712,37.76842590177777],[-122.45537032887853,37.76854164251859],[-122.45537032887853,37.76868053140759],[-122.45542819924894,37.76877312400025],[-122.45554393998977,37.76881942029657],[-122.455717551101,37.76881942029658],[-122.45594903258265,37.76877312400025],[-122.45624995850879,37.768715253629836],[-122.45662032887944,37.768645809185344],[-122.45706014369458,37.76856479066676]]],[[[-122.46011569925237,37.76805553140713],[-122.46043977332667,37.76787034622181],[-122.46064810666016,37.767708309184655],[-122.46074069925281,37.76756942029567],[-122.46071755110465,37.76745367955485],[-122.46057866221567,37.76736108696218],[-122.46042819925259,37.76736108696218],[-122.46026616221543,37.76745367955483],[-122.4600925511042,37.76763886474016],[-122.45990736591887,37.76791664251814],[-122.45984949554847,37.768078679555295],[-122.45991893999297,37.76812497585163],[-122.46011569925237,37.76805553140713]]],[[[-122.46437495851472,37.768078679555295],[-122.46469903258904,37.76803238325897],[-122.46496523629294,37.767928216592225],[-122.46517356962642,37.767766179555075],[-122.46532403258949,37.767546272147506],[-122.46541662518216,37.767268494369524],[-122.46545134740441,37.767037012887876],[-122.46542819925624,37.76685182770255],[-122.46534718073767,37.76671293881356],[-122.46520829184867,37.766620346220904],[-122.46503468073743,37.76656247585049],[-122.46482634740394,37.766539327702326],[-122.46458329184821,37.76655090177641],[-122.46430551407025,37.76659719807274],[-122.46401616221817,37.76670136473948],[-122.46371523629203,37.76686340177664],[-122.46340273629181,37.76708330918421],[-122.4630786622175,37.76736108696218],[-122.46291662518034,37.76759256844383],[-122.46291662518034,37.767777753629154],[-122.4630786622175,37.767916642518145],[-122.46340273629181,37.76800923511081],[-122.46372681036613,37.76806710548122],[-122.46405088444041,37.76809025362938],[-122.46437495851472,37.768078679555295]]],[[[-122.4760647733381,37.767430531406674],[-122.47578699556011,37.767199049925026],[-122.47548606963397,37.76700229066562],[-122.47516199555966,37.76684025362847],[-122.47481477333717,37.76671293881356],[-122.47444440296654,37.766620346220904],[-122.47417819926264,37.766631920294984],[-122.47401616222548,37.766747661035815],[-122.47395829185507,37.766967568443384],[-122.4740045881514,37.767291642517684],[-122.47415505111448,37.7675462721475],[-122.47440968074427,37.76773145733282],[-122.47476847704084,37.767847198073646],[-122.47523144000414,37.76789349436998],[-122.47561338444885,37.767916642518145],[-122.475914310375,37.767916642518145],[-122.47613421778259,37.76789349436998],[-122.47627310667157,37.767847198073646],[-122.47630782889382,37.76775460548099],[-122.47623838444933,37.76761571659199],[-122.4760647733381,37.767430531406674]]],[[[-122.45032403257854,37.76706016103604],[-122.45041662517121,37.76682867955439],[-122.45043977331939,37.76664349436908],[-122.45039347702304,37.76650460548008],[-122.45027773628222,37.76641201288742],[-122.4500925510969,37.76636571659109],[-122.4499536622079,37.76637729066517],[-122.44986106961525,37.76644673510967],[-122.44981477331892,37.76657404992458],[-122.44981477331892,37.766759235109895],[-122.4498379214671,37.76692127214705],[-122.44988421776341,37.76706016103604],[-122.4499536622079,37.76717590177687],[-122.45004625480057,37.767268494369524],[-122.45013884739322,37.76728006844361],[-122.45023143998587,37.76721062399911],[-122.45032403257854,37.76706016103604]]],[[[-122.48553236593759,37.76682867955439],[-122.48576384741925,37.766689790665396],[-122.48597218075274,37.766539327702326],[-122.48615736593806,37.766377290665176],[-122.48631940297521,37.76620367955393],[-122.4864582918642,37.766018494368616],[-122.48652773630869,37.76585645733146],[-122.48652773630869,37.76571756844247],[-122.4864582918642,37.765601827701644],[-122.48631940297521,37.765509235108986],[-122.48615736593806,37.76543979066449],[-122.48597218075274,37.76539349436816],[-122.48576384741925,37.765370346219996],[-122.48553236593759,37.765370346219996],[-122.48534718075227,37.76540506844224],[-122.48520829186327,37.76547451288674],[-122.48511569927061,37.76557867955348],[-122.4850694029743,37.765717568442476],[-122.48499995852981,37.7658333091833],[-122.48490736593715,37.76592590177596],[-122.48479162519631,37.76599534622045],[-122.48465273630732,37.76604164251678],[-122.48454856964058,37.766122661035354],[-122.48447912519607,37.76623840177618],[-122.48444440297384,37.766388864739255],[-122.48444440297384,37.76657404992457],[-122.48449069927017,37.76672451288765],[-122.48458329186283,37.76684025362847],[-122.48472218075182,37.76692127214705],[-122.48490736593715,37.766967568443384],[-122.48510412519654,37.766967568443384],[-122.48531245853002,37.76692127214705],[-122.48553236593759,37.76682867955439]]],[[[-122.45643514369412,37.766759235109895],[-122.45652773628677,37.76657404992458],[-122.45648143999045,37.76643516103559],[-122.45629625480511,37.76634256844292],[-122.45597218073081,37.7662962721466],[-122.45550921776751,37.7662962721466],[-122.45516199554504,37.76635414251701],[-122.45493051406339,37.766469883257834],[-122.45481477332257,37.76664349436907],[-122.45481477332257,37.76687497585072],[-122.45490736591522,37.76703701288787],[-122.45509255110053,37.767129605480534],[-122.45537032887853,37.7671527536287],[-122.45574069924918,37.76710645733237],[-122.45604162517532,37.767025438813796],[-122.45627310665697,37.76690969807297],[-122.45643514369412,37.766759235109895]]],[[[-122.47988421778533,37.766319420294764],[-122.47993051408164,37.76608793881311],[-122.47990736593349,37.76592590177595],[-122.47981477334083,37.76583330918329],[-122.47965273630368,37.76581016103513],[-122.47942125482201,37.76585645733146],[-122.47925921778486,37.76594904992412],[-122.4791666251922,37.766087938813115],[-122.47914347704403,37.76627312399843],[-122.47918977334038,37.76650460548008],[-122.47925921778487,37.76666664251724],[-122.47935181037752,37.76675923510989],[-122.47946755111835,37.76678238325806],[-122.47960644000734,37.76673608696173],[-122.47972218074817,37.76664349436908],[-122.47981477334082,37.76650460548008],[-122.47988421778533,37.766319420294764]]],[[[-122.45324069924735,37.76652775362825],[-122.45342588443266,37.76643516103559],[-122.45363421776615,37.76636571659109],[-122.45386569924781,37.766319420294764],[-122.45412032887762,37.7662962721466],[-122.45439810665559,37.7662962721466],[-122.45461801406316,37.76627312399843],[-122.4547800511003,37.766226827702106],[-122.45488421776705,37.76615738325761],[-122.45493051406339,37.76606479066495],[-122.45481477332257,37.76599534622045],[-122.45453699554457,37.765949049924124],[-122.45409718072943,37.76592590177596],[-122.45349532887715,37.76592590177596],[-122.4530670881361,37.76597219807229],[-122.45281245850627,37.76606479066494],[-122.4527314399877,37.76620367955394],[-122.45282403258038,37.766388864739255],[-122.4529397733212,37.76650460548009],[-122.45307866221019,37.76655090177641],[-122.45324069924735,37.76652775362825]]],[[[-122.46944440296288,37.76627312399843],[-122.46944440296288,37.76613423510944],[-122.46934023629613,37.76604164251678],[-122.46913190296266,37.76599534622046],[-122.46881940296242,37.76599534622045],[-122.46840273629546,37.76604164251678],[-122.46810181036932,37.766111086961274],[-122.46791662518397,37.76620367955394],[-122.46784718073948,37.766319420294764],[-122.46789347703583,37.76645830918375],[-122.46802079185073,37.76655090177641],[-122.46822912518422,37.76659719807274],[-122.46851847703628,37.76659719807274],[-122.46888884740692,37.76655090177641],[-122.4691666251849,37.76648145733191],[-122.46935181037021,37.766388864739255],[-122.46944440296288,37.76627312399843]]],[[[-122.4893055140885,37.765902753627785],[-122.48958329186648,37.7657638647388],[-122.48988421779262,37.76567127214614],[-122.49020829186694,37.76562497584982],[-122.49055551408941,37.76562497584981],[-122.49092588446004,37.76567127214614],[-122.49126153260843,37.7656944202943],[-122.49156245853459,37.7656944202943],[-122.49182866223849,37.76567127214614],[-122.49206014372014,37.76562497584981],[-122.4922221807573,37.76555553140532],[-122.49231477334995,37.76546293881266],[-122.49233792149812,37.76534719807184],[-122.49229162520179,37.76520830918284],[-122.4921527363128,37.7651041425161],[-122.49192125483115,37.7650346980716],[-122.49159718075684,37.764999975849356],[-122.49118051408988,37.764999975849356],[-122.49078699557106,37.76501154992344],[-122.49041662520041,37.7650346980716],[-122.49006940297794,37.765069420293855],[-122.48974532890364,37.76511571659018],[-122.48942125482932,37.76517358696059],[-122.48909718075502,37.76524303140509],[-122.48877310668071,37.76532404992366],[-122.48844903260638,37.76541664251633],[-122.48826384742105,37.76552080918307],[-122.48821755112475,37.7656365499239],[-122.4883101437174,37.7657638647388],[-122.48854162519905,37.765902753627785],[-122.48878468075479,37.765972198072284],[-122.48903931038461,37.765972198072284],[-122.4893055140885,37.765902753627785]]],[[[-122.45983792147437,37.765578679553485],[-122.45997681036337,37.76534719807184],[-122.46004625480786,37.76516201288652],[-122.46004625480786,37.76502312399752],[-122.45997681036337,37.764930531404865],[-122.45983792147437,37.76488423510853],[-122.45973375480763,37.76491895733078],[-122.45966431036314,37.7650346980716],[-122.4596295881409,37.765231457331005],[-122.4596295881409,37.765509235108986],[-122.45966431036314,37.76565969807206],[-122.45973375480763,37.76568284622023],[-122.45983792147437,37.765578679553485]]],[[[-122.43983792145978,37.765300901775504],[-122.43997681034877,37.76525460547917],[-122.44006940294143,37.76518516103468],[-122.44011569923777,37.765092568442014],[-122.44011569923777,37.76497682770119],[-122.44006940294142,37.76483793881221],[-122.43996523627467,37.76472219807138],[-122.43980319923753,37.76462960547872],[-122.43958329182996,37.76456016103422],[-122.43930551405198,37.76451386473789],[-122.43910875479258,37.76454858696014],[-122.43899301405176,37.76466432770096],[-122.43895829182951,37.764861086960366],[-122.43900458812584,37.76513886473835],[-122.43907403257033,37.76533562399775],[-122.439166625163,37.76545136473858],[-122.43928236590382,37.76548608696083],[-122.4394212547928,37.765439790664495],[-122.43956014368179,37.76539349436816],[-122.43969903257079,37.76534719807183],[-122.43983792145978,37.765300901775504]]],[[[-122.45699069925007,37.76453701288605],[-122.4574536622134,37.764351827700736],[-122.45777773628771,37.76418979066358],[-122.45796292147304,37.764050901774596],[-122.45800921776936,37.76393516103377],[-122.45791662517668,37.763842568441106],[-122.45780088443585,37.76379627214477],[-122.45766199554687,37.76379627214477],[-122.45749995850971,37.763842568441106],[-122.4573147733244,37.76393516103377],[-122.45712958813908,37.76400460547826],[-122.45694440295375,37.76405090177459],[-122.45675921776844,37.764074049922755],[-122.45657403258312,37.764074049922755],[-122.45640042147187,37.76409719807092],[-122.45623838443471,37.76414349436725],[-122.45608792147164,37.76421293881174],[-122.45594903258265,37.7643055314044],[-122.45587958813816,37.76439812399707],[-122.45587958813816,37.76449071658972],[-122.45594903258265,37.764583309182385],[-122.45608792147164,37.76467590177504],[-122.4563078288792,37.76469904992321],[-122.45660875480536,37.76465275362688],[-122.45699069925007,37.76453701288605]]],[[[-122.40384255106312,37.76460645733055],[-122.40393514365579,37.76446756844156],[-122.40396986587803,37.764351827700736],[-122.40394671772987,37.76425923510808],[-122.4038656992113,37.76418979066358],[-122.4037268103223,37.764143494367254],[-122.4035994955074,37.764143494367254],[-122.40348375476657,37.76418979066358],[-122.40337958809982,37.764282383256244],[-122.40328699550714,37.76442127214523],[-122.40325227328489,37.76453701288605],[-122.40327542143307,37.76462960547872],[-122.40335643995165,37.76469904992321],[-122.40349532884063,37.76474534621954],[-122.40362264365555,37.764745346219534],[-122.40373838439638,37.76469904992321],[-122.40384255106312,37.76460645733055]]],[[[-122.44451384738912,37.7643055314044],[-122.44456014368544,37.76421293881174],[-122.44467588442626,37.764155068441326],[-122.44486106961159,37.76413192029317],[-122.4451156992414,37.764143494367254],[-122.44543977331571,37.76418979066358],[-122.44572912516779,37.76416664251542],[-122.4459837547976,37.764074049922755],[-122.44620366220516,37.7639120128856],[-122.4463888473905,37.76368053140395],[-122.44652773627948,37.763425901774134],[-122.44662032887213,37.76314812399616],[-122.44666662516846,37.76284719807001],[-122.44666662516846,37.762523123995706],[-122.44660875479805,37.76228006843997],[-122.44649301405722,37.76211803140282],[-122.44631940294599,37.76203701288424],[-122.44608792146434,37.76203701288424],[-122.44587958813085,37.76211803140282],[-122.44569440294555,37.76228006843997],[-122.44553236590839,37.762523123995706],[-122.4453934770194,37.76284719807001],[-122.44525458813041,37.76309025362575],[-122.44511569924141,37.7632522906629],[-122.44497681035241,37.763333309181476],[-122.44483792146343,37.763333309181476],[-122.44469903257445,37.76336803140372],[-122.44456014368544,37.76343747584822],[-122.44442125479645,37.76354164251496],[-122.44428236590747,37.763680531403956],[-122.44413190294438,37.76379627214478],[-122.44396986590723,37.76388886473744],[-122.443796254796,37.76395830918193],[-122.44361106961068,37.76400460547826],[-122.44348375479578,37.764074049922755],[-122.44341431035129,37.76416664251542],[-122.4434027362772,37.764282383256244],[-122.44344903257351,37.76442127214523],[-122.44354162516618,37.76451386473789],[-122.44368051405517,37.76456016103422],[-122.44386569924049,37.76456016103422],[-122.44409718072215,37.76451386473789],[-122.44428236590747,37.76445599436748],[-122.44442125479645,37.76438654992298],[-122.44451384738912,37.7643055314044]]],[[[-122.44777773628039,37.76377312399661],[-122.44777773628039,37.76344904992231],[-122.4477661622063,37.76314812399616],[-122.44774301405813,37.76287034621818],[-122.44770829183588,37.762615716588364],[-122.44766199553956,37.762384235106715],[-122.44759255109507,37.76221062399548],[-122.44749995850242,37.762094883254655],[-122.44738421776158,37.76203701288424],[-122.4472453288726,37.76203701288424],[-122.44714116220585,37.76211803140282],[-122.44707171776135,37.76228006843997],[-122.44703699553911,37.762523123995706],[-122.44703699553911,37.76284719807001],[-122.44706014368727,37.76315969807024],[-122.4471064399836,37.76346062399639],[-122.44717588442809,37.76374997584845],[-122.44726847702077,37.76402775362643],[-122.44736106961344,37.76422451288583],[-122.44745366220609,37.764340253626656],[-122.44754625479874,37.7643749758489],[-122.44763884739139,37.76432867955257],[-122.44770829183588,37.764212938811745],[-122.44775458813223,37.76402775362642],[-122.44777773628039,37.76377312399661]]],[[[-122.40208329180257,37.76412034621909],[-122.4019906992099,37.76402775362643],[-122.40192125476541,37.76390043881152],[-122.40187495846908,37.76373840177437],[-122.40185181032092,37.763541642514966],[-122.40185181032092,37.76331016103332],[-122.40181708809868,37.76314812399616],[-122.40174764365419,37.763055531403495],[-122.40164347698745,37.763032383255336],[-122.40150458809845,37.76307867955166],[-122.4014004214317,37.763182846218406],[-122.40133097698721,37.76334488325556],[-122.40129625476496,37.76356479066313],[-122.40129625476496,37.763842568441106],[-122.40135412513538,37.764050901774596],[-122.40146986587621,37.76418979066358],[-122.40164347698743,37.76425923510808],[-122.40187495846908,37.76425923510808],[-122.40202542143214,37.76423608695991],[-122.40209486587665,37.764189790663586],[-122.40208329180257,37.76412034621909]]],[[[-122.45997681036337,37.76400460547826],[-122.46020829184503,37.76395830918193],[-122.46034718073403,37.76388886473744],[-122.46039347703035,37.76379627214478],[-122.46034718073402,37.763680531403956],[-122.46020829184503,37.76354164251496],[-122.45999995851155,37.76343747584822],[-122.45972218073355,37.76336803140372],[-122.45937495851108,37.763333309181476],[-122.45895829184413,37.763333309181476],[-122.45872681036248,37.76337960547781],[-122.45868051406613,37.76347219807046],[-122.45881940295513,37.76361108695946],[-122.45914347702943,37.76379627214477],[-122.45944440295557,37.763923586959685],[-122.45972218073356,37.763993031404176],[-122.45997681036337,37.76400460547826]]],[[[-122.45594903258265,37.76374997584845],[-122.45608792147164,37.76365738325579],[-122.45619208813838,37.763541642514966],[-122.45626153258289,37.763402753625975],[-122.45629625480512,37.76324071658882],[-122.45629625480512,37.7630555314035],[-122.45635412517554,37.76287034621818],[-122.45646986591636,37.762685161032856],[-122.4566434770276,37.76249997584754],[-122.45687495850926,37.762314790662224],[-122.4570485696205,37.762152753625074],[-122.45716431036132,37.762013864736076],[-122.45722218073173,37.76189812399525],[-122.45722218073173,37.76180553140259],[-122.45726847702807,37.76168979066176],[-122.45736106962072,37.76155090177278],[-122.45749995850971,37.76138886473562],[-122.45768514369503,37.7612036795503],[-122.45788190295443,37.76113423510581],[-122.45809023628792,37.76118053140213],[-122.45831014369548,37.76134256843929],[-122.45854162517713,37.76162034621727],[-122.4587615325847,37.76185182769892],[-122.45896986591819,37.76203701288424],[-122.4591666251776,37.76217590177323],[-122.45935181036293,37.76226849436589],[-122.45949069925192,37.76236108695855],[-122.45958329184457,37.762453679551214],[-122.4596295881409,37.76254627214387],[-122.4596295881409,37.76263886473653],[-122.45969903258539,37.76269673510694],[-122.45983792147439,37.76271988325511],[-122.46004625480788,37.76270830918102],[-122.46032403258585,37.7626620128847],[-122.46053236591933,37.76249997584754],[-122.46067125480833,37.76222219806956],[-122.46074069925282,37.76182867955075],[-122.46074069925282,37.76131942029112],[-122.46077542147506,37.76092590177232],[-122.46084486591957,37.760648123994336],[-122.46094903258631,37.76048608695719],[-122.4610879214753,37.760439790660854],[-122.46118051406796,37.7603471980682],[-122.46122681036431,37.760208309179205],[-122.46122681036431,37.76002312399389],[-122.46118051406793,37.75979164251224],[-122.46119208814201,37.759629605475084],[-122.46126153258652,37.75953701288242],[-122.46138884740144,37.75951386473426],[-122.46157403258675,37.759560161030585],[-122.461747643698,37.75952543880834],[-122.46190968073515,37.759409698067515],[-122.46206014369822,37.75921293880811],[-122.46219903258722,37.75893516103014],[-122.46226847703171,37.7586921054744],[-122.46226847703171,37.75848377214092],[-122.46219903258722,37.758310161029684],[-122.46206014369822,37.758171272140686],[-122.46196755110556,37.758009235103536],[-122.46192125480925,37.75782404991821],[-122.46192125480925,37.75761571658473],[-122.46196755110556,37.757384235103075],[-122.46206014369822,37.75717590176959],[-122.46219903258722,37.75699071658427],[-122.46238421777254,37.75682867954711],[-122.4626156992542,37.75668979065813],[-122.46278931036544,37.756423586954234],[-122.46290505110626,37.75603006843543],[-122.46296292147667,37.75550923510171],[-122.46296292147667,37.7548610869531],[-122.46289347703218,37.75437497584163],[-122.46275458814318,37.75405090176732],[-122.4625462548097,37.753888864730165],[-122.46226847703173,37.753888864730165],[-122.46206014369824,37.753865716582],[-122.46192125480924,37.75381942028567],[-122.46185181036475,37.753749975841174],[-122.46185181036475,37.75365738324851],[-122.461747643698,37.75357636472994],[-122.46153931036451,37.75350692028544],[-122.46122681036428,37.753449049915034],[-122.46081014369732,37.7534027536187],[-122.46042819925259,37.75341432769279],[-122.4600809770301,37.75348377213728],[-122.45976847702988,37.75361108695219],[-122.45949069925192,37.75379627213751],[-122.45934023628885,37.753946735100584],[-122.45931708814068,37.75406247584141],[-122.45942125480741,37.75414349435998],[-122.45965273628906,37.75418979065631],[-122.45978005110396,37.754259235100804],[-122.45980319925212,37.75435182769346],[-122.45972218073355,37.754467568434286],[-122.45953699554825,37.754606457323284],[-122.45936338443701,37.754675901767776],[-122.45920134739984,37.754675901767776],[-122.45905088443676,37.754606457323284],[-122.45891199554778,37.754467568434286],[-122.4587615325847,37.75436340176755],[-122.45859949554755,37.75429395732305],[-122.45842588443631,37.754259235100804],[-122.458240699251,37.754259235100804],[-122.45812495851017,37.754328679545296],[-122.45807866221382,37.75446756843429],[-122.458101810362,37.754675901767776],[-122.45819440295467,37.75495367954576],[-122.45826384739917,37.755266179545984],[-122.4583101436955,37.75561340176846],[-122.45833329184366,37.75599534621318],[-122.45833329184366,37.75641201288015],[-122.45832171776958,37.75675923510263],[-122.4582985696214,37.7570370128806],[-122.45826384739917,37.75724534621409],[-122.45821755110283,37.757384235103075],[-122.45812495851018,37.75748840176982],[-122.45798606962119,37.75755784621432],[-122.45780088443587,37.757592568436564],[-122.45756940295422,37.757592568436564],[-122.45737264369481,37.75762729065881],[-122.45721060665767,37.75769673510331],[-122.45708329184275,37.757800901770054],[-122.45699069925008,37.75793979065904],[-122.45686338443517,37.75806710547394],[-122.45670134739801,37.758182846214766],[-122.45650458813861,37.75828701288151],[-122.45627310665697,37.758379605474175],[-122.45601847702714,37.758460623992754],[-122.45574069924919,37.75853006843725],[-122.45543977332304,37.75858793880766],[-122.45511569924871,37.75863423510399],[-122.45482634739665,37.75864580917807],[-122.45457171776683,37.758622661029904],[-122.45435181035926,37.75856479065949],[-122.45416662517395,37.75847219806683],[-122.45401616221088,37.75846062399275],[-122.45390042147004,37.758530068437246],[-122.45381940295147,37.758680531400316],[-122.45377310665513,37.758912012881964],[-122.45371523628472,37.7590856239932],[-122.45364579184024,37.759201364734025],[-122.45356477332166,37.759259235104444],[-122.453472180729,37.759259235104444],[-122.45335643998817,37.75930553140077],[-122.45321755109919,37.759398123993435],[-122.45305551406202,37.759537012882426],[-122.4528703288767,37.75972219806774],[-122.45277773628403,37.7598842351049],[-122.45277773628403,37.76002312399389],[-122.4528703288767,37.760138864734714],[-122.45305551406202,37.76023145732737],[-122.4532638473955,37.760289327697784],[-122.45349532887717,37.76031247584595],[-122.45374995850699,37.76030090177186],[-122.45402773628496,37.76025460547553],[-122.4542592177666,37.76016201288287],[-122.4544444029519,37.76002312399388],[-122.4545832918409,37.759837938808566],[-122.45467588443357,37.75960645732692],[-122.4548494955448,37.759421272141594],[-122.45510412517463,37.75928238325261],[-122.45543977332302,37.759189790659946],[-122.45585643998999,37.75914349436362],[-122.4562499585088,37.75908562399321],[-122.45662032887945,37.75901617954871],[-122.45696755110193,37.75893516103014],[-122.45729162517623,37.75884256843747],[-122.45753468073197,37.758819420289306],[-122.45769671776911,37.75886571658563],[-122.4577777362877,37.75898145732646],[-122.4577777362877,37.75916664251178],[-122.4577082918432,37.75936340177118],[-122.4575694029542,37.75957173510467],[-122.45736106962072,37.75979164251224],[-122.45708329184274,37.76002312399389],[-122.45680551406477,37.760196735105126],[-122.45652773628679,37.76031247584595],[-122.4562499585088,37.76037034621636],[-122.45597218073081,37.76037034621636],[-122.45574069924916,37.760439790660854],[-122.45555551406385,37.76057867954985],[-122.45541662517486,37.760787012883334],[-122.4553240325822,37.761064790661315],[-122.45520829184139,37.76130784621705],[-122.4550694029524,37.761516179550526],[-122.45490736591523,37.76168979066176],[-122.4547221807299,37.76182867955076],[-122.45458329184092,37.762013864736076],[-122.45449069924825,37.762245346217725],[-122.45444440295192,37.762523123995706],[-122.45444440295192,37.76284719807001],[-122.454455977026,37.763124975847994],[-122.45447912517417,37.76335645732964],[-122.45451384739641,37.76354164251496],[-122.45456014369276,37.763680531403956],[-122.4546643103595,37.763784698070694],[-122.45482634739665,37.76385414251519],[-122.45504625480422,37.76388886473744],[-122.45532403258221,37.76388886473744],[-122.45556708813794,37.76386571658927],[-122.45577542147143,37.76381942029295],[-122.45594903258265,37.76374997584845]]],[[[-122.39513884735305,37.76361108695946],[-122.3952314399457,37.76342590177414],[-122.39526616216796,37.763263864736984],[-122.3952430140198,37.763124975848],[-122.39516199550121,37.76300923510718],[-122.39502310661223,37.76291664251451],[-122.39486106957506,37.76287034621818],[-122.39467588438976,37.76287034621818],[-122.39446755105627,37.76291664251451],[-122.39423606957462,37.76300923510718],[-122.39407403253747,37.763124975848],[-122.39398143994478,37.763263864736984],[-122.39395829179662,37.76342590177414],[-122.39400458809297,37.76361108695946],[-122.39409718068563,37.763749975848455],[-122.39423606957462,37.763842568441106],[-122.39442125475995,37.76388886473744],[-122.3946527362416,37.76388886473744],[-122.39484949550099,37.763842568441106],[-122.39501153253815,37.763749975848455],[-122.39513884735305,37.76361108695946]]],[[[-122.39863421772597,37.763287012885144],[-122.39858792142967,37.76300923510717],[-122.39859949550375,37.76280090177369],[-122.39866893994824,37.76266201288469],[-122.39879625476314,37.7625925684402],[-122.39898143994846,37.7625925684402],[-122.39914347698561,37.76263886473653],[-122.3992823658746,37.76273145732918],[-122.39939810661542,37.76287034621818],[-122.39949069920809,37.763055531403495],[-122.39960643994891,37.76321756844065],[-122.3997453288379,37.76335645732964],[-122.39990736587507,37.76347219807047],[-122.40009255106038,37.763564790663125],[-122.40028931031978,37.763553216589045],[-122.40049764365327,37.76343747584822],[-122.40071755106084,37.76321756844065],[-122.40094903254248,37.762893494366345],[-122.40109949550555,37.76263886473653],[-122.40116893995005,37.76245367955121],[-122.40115736587597,37.76233793881038],[-122.40106477328331,37.76229164251405],[-122.40098375476474,37.762187475847306],[-122.40091431032025,37.762025438810156],[-122.40085643994982,37.76180553140259],[-122.4008101436535,37.76152775362461],[-122.40077542143125,37.76124997584663],[-122.40075227328308,37.76097219806865],[-122.400740699209,37.76069442029067],[-122.400740699209,37.760416642512695],[-122.40070597698676,37.76016201288288],[-122.40063653254225,37.75993053140123],[-122.4005323658755,37.75972219806774],[-122.40039347698652,37.759537012882426],[-122.40024301402343,37.75937497584527],[-122.40008097698629,37.75923608695628],[-122.39990736587505,37.759120346215454],[-122.39972218068974,37.759027753622796],[-122.39959486587483,37.759027753622796],[-122.39952542143034,37.759120346215454],[-122.39951384735626,37.75930553140078],[-122.39956014365256,37.75958330917876],[-122.39951384735625,37.75980321658633],[-122.39937495846725,37.75996525362348],[-122.3991434769856,37.760069420290215],[-122.3988194029113,37.76011571658655],[-122.39858792142965,37.76026617954962],[-122.39844903254065,37.760520809179425],[-122.39840273624432,37.760879605475985],[-122.39844903254067,37.7613425684393],[-122.39843745846659,37.7616666425136],[-122.39836801402208,37.761851827698926],[-122.39824069920718,37.76189812399525],[-122.39805551402185,37.76180553140259],[-122.39792819920693,37.76185182769892],[-122.39785875476244,37.76203701288424],[-122.39784718068836,37.76236108695855],[-122.39789347698469,37.76282404992185],[-122.39797449550326,37.76318284621841],[-122.39809023624412,37.76343747584822],[-122.39824069920718,37.76358793881129],[-122.39842588439251,37.763634235107624],[-122.39855319920741,37.76359951288537],[-122.39862264365189,37.763483772144546],[-122.39863421772597,37.763287012885144]]],[[[-122.386296254754,37.76287034621818],[-122.386296254754,37.76268516103286],[-122.38631940290216,37.762534698069786],[-122.38636569919848,37.76241895732896],[-122.38643514364298,37.76233793881038],[-122.38652773623566,37.76229164251405],[-122.386574032532,37.762187475847306],[-122.386574032532,37.762025438810156],[-122.38652773623566,37.76180553140259],[-122.38643514364298,37.76152775362461],[-122.38633097697624,37.76130784621704],[-122.38621523623542,37.76114580917989],[-122.38608792142051,37.76104164251314],[-122.38594903253151,37.760995346216816],[-122.38581014364252,37.760995346216816],[-122.38567125475356,37.76104164251314],[-122.38553236586456,37.7611342351058],[-122.38539347697557,37.7612731239948],[-122.38528931030882,37.76148145732828],[-122.38521986586433,37.76175923510626],[-122.38518514364208,37.762106457328734],[-122.38518514364208,37.762523123995706],[-122.38525458808658,37.76283562399593],[-122.38539347697557,37.763043957329415],[-122.38560181030905,37.76314812399616],[-122.38587958808702,37.76314812399616],[-122.38608792142051,37.76310182769983],[-122.3862268103095,37.76300923510718],[-122.386296254754,37.76287034621818]]],[[[-122.47150458814956,37.76296293881084],[-122.47164347703855,37.76296293881084],[-122.4717476437053,37.76291664251451],[-122.47181708814979,37.762824049921846],[-122.47185181037204,37.762685161032856],[-122.47185181037204,37.76249997584754],[-122.47190968074244,37.76234951288446],[-122.4720254214833,37.76223377214364],[-122.47219903259452,37.76215275362507],[-122.47243051407617,37.762106457328734],[-122.47260412518742,37.762025438810156],[-122.47271986592824,37.76190969806933],[-122.47277773629865,37.76175923510626],[-122.47277773629865,37.76157404992094],[-122.47265042148373,37.761458309180114],[-122.47239579185393,37.76141201288379],[-122.4720138474092,37.761435161031955],[-122.47150458814957,37.761527753624605],[-122.47113421777894,37.76167821658768],[-122.47090273629729,37.761886549921165],[-122.47081014370463,37.76215275362506],[-122.47085644000094,37.76247682769937],[-122.47091431037136,37.76271988325511],[-122.47098375481585,37.76288192029226],[-122.47106477333443,37.76296293881084],[-122.4711573659271,37.76296293881084],[-122.47126153259384,37.76296293881084],[-122.47137727333464,37.76296293881084],[-122.47150458814956,37.76296293881084]]],[[[-122.38434803675322,37.76276804687262],[-122.3843254612519,37.76251466212361],[-122.38432965400631,37.762306951230514],[-122.38436061501643,37.762144914193364],[-122.38441834428227,37.762028551012136],[-122.3845028418038,37.76195786168685],[-122.38449677050046,37.76184697432247],[-122.38440013037224,37.76169588891901],[-122.38421292141913,37.761504605476446],[-122.38393514364118,37.7612731239948],[-122.38362264364096,37.76104164251315],[-122.38327542141846,37.7608101610315],[-122.38289347697375,37.760578679549845],[-122.38247681030677,37.760347198068196],[-122.38216431030654,37.76021988325329],[-122.38195597697305,37.760196735105126],[-122.38185181030632,37.760277753623704],[-122.38185181030632,37.76046293880902],[-122.38192125475081,37.7606712721425],[-122.3820601436398,37.76090275362415],[-122.38226847697328,37.761157383253966],[-122.38254625475126,37.76143516103195],[-122.3826786578086,37.76167809732175],[-122.38266568614532,37.761886192123384],[-122.38250733976136,37.76205944543683],[-122.38220361865679,37.76219785726212],[-122.38212480989085,37.76229236644358],[-122.38227091346357,37.76234297298122],[-122.38264192937493,37.76234967687505],[-122.38323785762492,37.762312478125054],[-122.38370043818776,37.76234029431232],[-122.38402967106343,37.76243312543683],[-122.38422555625192,37.7625909714986],[-122.38428809375321,37.76281383249763],[-122.38432935300386,37.76291763205964],[-122.38434933400387,37.762902370184634],[-122.38434803675322,37.76276804687262]]],[[[-122.40791662514016,37.76270830918102],[-122.40800921773284,37.7626620128847],[-122.40807866217733,37.76255784621795],[-122.40812495847366,37.762395809180795],[-122.40814810662182,37.762175901773226],[-122.40814810662182,37.76189812399525],[-122.40811338439958,37.76168979066176],[-122.40804393995508,37.76155090177278],[-122.40793977328833,37.76148145732828],[-122.40780088439935,37.76148145732828],[-122.40770829180668,37.76156247584686],[-122.40766199551035,37.761724512884015],[-122.40766199551035,37.76196756843975],[-122.40770829180668,37.76229164251405],[-122.4077661621771,37.7625231239957],[-122.40783560662157,37.7626620128847],[-122.40791662514016,37.76270830918102]]],[[[-122.40712347802835,37.761597198069104],[-122.40705767625045,37.7608101610315],[-122.40696690499108,37.76017358695697],[-122.40685116425026,37.759687475845496],[-122.40671045402797,37.7593518276971],[-122.40654477432422,37.75916664251179],[-122.40639736639824,37.75898145732646],[-122.40626823025005,37.75879627214114],[-122.40615736587962,37.758611086955824],[-122.40606477328696,37.7584259017705],[-122.40599532884247,37.75824071658518],[-122.40594903254615,37.75805553139986],[-122.40592588439797,37.75787034621454],[-122.40592588439797,37.75768516102922],[-122.40587958810164,37.757499975843906],[-122.40578699550899,37.75731479065858],[-122.40564810662,37.75712960547326],[-122.40546292143466,37.756944420287944],[-122.40523143995301,37.75680553139895],[-122.40495366217505,37.75671293880629],[-122.40462958810073,37.75666664250996],[-122.40425921773009,37.75666664250996],[-122.40393514365579,37.75662034621363],[-122.4036573658778,37.75652775362097],[-122.40342588439616,37.75638886473198],[-122.40324069921081,37.756203679546665],[-122.40310181032183,37.75600692028726],[-122.40300921772918,37.75579858695378],[-122.40296292143285,37.75557867954621],[-122.40296292143285,37.75534719806456],[-122.4029281992106,37.75509256843475],[-122.4028587547661,37.75481479065677],[-122.40275458809936,37.754513864730626],[-122.40261569921037,37.75418979065631],[-122.4024536621732,37.75394673510058],[-122.40226847698789,37.75378469806343],[-122.40206014365441,37.75370367954485],[-122.40182866217276,37.75370367954485],[-122.40164347698745,37.7536689573226],[-122.40150458809845,37.753599512878104],[-122.40141199550578,37.753495346211366],[-122.40136569920945,37.75335645732237],[-122.4013309769872,37.75312497584072],[-122.40130782883905,37.75280090176641],[-122.40129625476496,37.75238423509944],[-122.40129625476496,37.75187497583981],[-122.40123838439456,37.75151617954326],[-122.40112264365371,37.75130784620977],[-122.40094903254248,37.75124997583936],[-122.40071755106084,37.75134256843202],[-122.40054393994959,37.75144673509877],[-122.40042819920879,37.75156247583959],[-122.40037032883836,37.751689790654495],[-122.40037032883836,37.75182867954348],[-122.40027773624571,37.751932846210224],[-122.4000925510604,37.75200229065472],[-122.3998147732824,37.75203701287697],[-122.39944440291175,37.75203701287697],[-122.39918977328193,37.75214117954371],[-122.39905088439295,37.752349512877196],[-122.39902773624478,37.75266201287742],[-122.39912032883744,37.753078679544394],[-122.3991550510597,37.75347219806319],[-122.39913190291152,37.75384256843384],[-122.39905088439295,37.75418979065631],[-122.39891199550395,37.754513864730626],[-122.39869208809638,37.754733772138195],[-122.39839116217024,37.75484951287902],[-122.39800921772553,37.7548610869531],[-122.39754625476222,37.754768494360434],[-122.39715273624341,37.75462960547144],[-122.39682866216911,37.75444442028612],[-122.39657403253929,37.75421293880447],[-122.39638884735398,37.7539351610265],[-122.39621523624274,37.753738401767095],[-122.39605319920557,37.75362266102627],[-122.3959027362425,37.753587938804024],[-122.3957638473535,37.75363423510035],[-122.3957059769831,37.75371525361893],[-122.39572912513125,37.75383099435975],[-122.395833291798,37.75398145732283],[-122.39601847698333,37.754166642508146],[-122.39615736587231,37.754455994360214],[-122.39624995846498,37.75484951287901],[-122.39629625476131,37.75534719806456],[-122.39629625476131,37.75594904991685],[-122.3963772732799,37.75637729065791],[-122.39653931031704,37.75663192028772],[-122.39678236587278,37.756712938806295],[-122.3971064399471,37.75662034621364],[-122.39734949550282,37.75651617954689],[-122.39751153253997,37.75640043880607],[-122.39759255105855,37.756273123991164],[-122.39759255105855,37.75613423510217],[-122.39768514365122,37.756064790657675],[-122.39787032883652,37.756064790657675],[-122.3981481066145,37.75613423510217],[-122.39851847698515,37.756273123991164],[-122.39879625476314,37.756423586954234],[-122.39898143994846,37.75658562399139],[-122.39907403254111,37.75675923510263],[-122.39907403254111,37.756944420287944],[-122.39909718068928,37.75712960547326],[-122.39914347698561,37.75731479065858],[-122.3992129214301,37.757499975843906],[-122.39930551402277,37.75768516102922],[-122.3994212547636,37.75781247584413],[-122.39956014365258,37.75788192028863],[-122.39972218068974,37.75789349436271],[-122.39990736587505,37.75784719806638],[-122.40006940291221,37.75785877214046],[-122.40020829180119,37.75792821658496],[-122.40032403254202,37.75805553139986],[-122.4004166251347,37.758240716585185],[-122.40053236587552,37.758391179548255],[-122.4006712547645,37.75850692028908],[-122.40083329180166,37.75858793880766],[-122.40101847698698,37.75863423510399],[-122.40118051402413,37.75871525362256],[-122.40131940291313,37.758830994363386],[-122.40143514365396,37.75898145732646],[-122.40152773624662,37.75916664251178],[-122.40158560661703,37.7593518276971],[-122.40160875476519,37.759537012882426],[-122.40159718069111,37.75972219806774],[-122.40155088439477,37.75990738325306],[-122.40164347698743,37.76006942029021],[-122.40187495846908,37.760208309179205],[-122.40224532883971,37.76032404992003],[-122.40275458809936,37.760416642512695],[-122.4031365325441,37.76050923510535],[-122.4033911621739,37.760601827698004],[-122.40351847698881,37.76069442029066],[-122.40351847698881,37.76078701288333],[-122.40354162513698,37.76083330917966],[-122.40358792143331,37.76083330917966],[-122.40365736587779,37.76078701288333],[-122.40374995847044,37.76069442029066],[-122.40390042143352,37.76061340177209],[-122.40410875476701,37.76054395732759],[-122.4043749584709,37.76048608695719],[-122.40469903254524,37.760439790660854],[-122.40496523624913,37.76045136473494],[-122.40517356958262,37.76052080917943],[-122.40532403254569,37.76064812399434],[-122.40541662513834,37.76083330917966],[-122.40553236587915,37.76096062399457],[-122.40567125476815,37.76103006843906],[-122.40583329180531,37.76104164251314],[-122.40601847699062,37.760995346216816],[-122.4061689399537,37.76106479066131],[-122.40628468069453,37.76124997584663],[-122.4063656992131,37.76155090177277],[-122.40641199550943,37.761967568439744],[-122.406493014028,37.76229164251406],[-122.40660875476885,37.762523123995706],[-122.40675921773192,37.7626620128847],[-122.40694440291725,37.76270830918102],[-122.40706684136175,37.76254627214387],[-122.40712653306545,37.762175901773226],[-122.40712347802835,37.761597198069104]],[[-122.40324069921083,37.75944442028976],[-122.40305551402551,37.75944442028976],[-122.40288190291427,37.759421272141594],[-122.40271986587712,37.75937497584527],[-122.40256940291404,37.75930553140077],[-122.40243051402506,37.759212938808105],[-122.40234949550647,37.759062475845035],[-122.4023263473583,37.75885414251155],[-122.40236106958055,37.75858793880765],[-122.40245366217322,37.75826386473335],[-122.40240736587688,37.758020809177616],[-122.40222218069157,37.75785877214046],[-122.40189810661725,37.75777775362188],[-122.40143514365394,37.75777775362188],[-122.40107634735739,37.7576967351033],[-122.40082171772757,37.75753469806615],[-122.40067125476449,37.75729164251042],[-122.40062495846817,37.75696756843611],[-122.4005323658755,37.75670136473221],[-122.40039347698652,37.75649303139873],[-122.4002082918012,37.756342568435656],[-122.39997681031954,37.75624997584299],[-122.39989579180097,37.75614580917625],[-122.39996523624546,37.75603006843543],[-122.40018514365303,37.75590275362052],[-122.40055551402368,37.755763864731534],[-122.40084486587574,37.755624975842544],[-122.40105319920923,37.755486086953546],[-122.40118051402413,37.755347198064555],[-122.40122681032048,37.75520830917557],[-122.4013425510613,37.75508099436067],[-122.4015277362466,37.754965253619844],[-122.40178236587643,37.7548610869531],[-122.40210643995074,37.754768494360434],[-122.40234949550647,37.75475692028635],[-122.40251153254363,37.754826364730846],[-122.4025925510622,37.754976827693916],[-122.4025925510622,37.75520830917557],[-122.40253468069179,37.75539349436089],[-122.40241893995096,37.755532383249886],[-122.40224532883973,37.755624975842544],[-122.40201384735808,37.75567127213887],[-122.4018055140246,37.75572914250928],[-122.40162032883927,37.75579858695378],[-122.40145829180211,37.75587960547236],[-122.40131940291313,37.755972198065024],[-122.40121523624639,37.756122661028094],[-122.40114579180188,37.75633099436157],[-122.40111106957964,37.756597198065464],[-122.40111106957964,37.75692127213978],[-122.40126153254272,37.75716432769551],[-122.40156245846887,37.75732636473266],[-122.40201384735809,37.75740738325124],[-122.40261569921037,37.75740738325124],[-122.4031365325441,37.75747682769574],[-122.40357634735923,37.75761571658472],[-122.40393514365579,37.75782404991821],[-122.40421292143375,37.758101827696194],[-122.40435181032274,37.75831016102968],[-122.40435181032274,37.758449049918674],[-122.40421292143375,37.758518494363166],[-122.40393514365579,37.758518494363166],[-122.4037268103223,37.75857636473358],[-122.40358792143331,37.7586921054744],[-122.40351847698881,37.75886571658564],[-122.40351847698881,37.75909719806729],[-122.40347218069249,37.759270809178524],[-122.40337958809982,37.75938654991935],[-122.40324069921083,37.75944442028976]]],[[[-122.39592588439066,37.76138886473562],[-122.39592588439066,37.7612036795503],[-122.39585643994619,37.76103006843906],[-122.39571755105717,37.760868031401905],[-122.39550921772368,37.760717568438835],[-122.39523143994572,37.760578679549845],[-122.39498838438998,37.760428216586774],[-122.39478005105647,37.760266179549625],[-122.39460643994525,37.76009256843838],[-122.39446755105625,37.759907383253065],[-122.39434023624133,37.75979164251223],[-122.39422449550054,37.75974534621591],[-122.3941203288338,37.75976849436407],[-122.39402773624113,37.75986108695673],[-122.3939814399448,37.75998840177164],[-122.3939814399448,37.76015043880879],[-122.39402773624113,37.760347198068196],[-122.3941203288338,37.760578679549845],[-122.39422449550054,37.76076386473517],[-122.39434023624133,37.76090275362415],[-122.39446755105625,37.760995346216816],[-122.39460643994525,37.76104164251314],[-122.39472218068607,37.76112266103172],[-122.39481477327872,37.761238401772545],[-122.39488421772322,37.76138886473562],[-122.39493051401959,37.76157404992094],[-122.39502310661226,37.76170136473585],[-122.39516199550121,37.76177080918034],[-122.39534718068654,37.76178238325443],[-122.39557866216819,37.761736086958095],[-122.39575227327941,37.761655068439524],[-122.39586801402027,37.7615393276987],[-122.39592588439066,37.76138886473562]]],[[[-122.44782403257673,37.76055553140168],[-122.4481018103547,37.76055553140168],[-122.44836801405859,37.7604745128831],[-122.44862264368842,37.76031247584595],[-122.44886569924415,37.76006942029022],[-122.4490971807258,37.75974534621591],[-122.4491666251703,37.75949071658609],[-122.44907403257761,37.75930553140077],[-122.4488194029478,37.759189790659946],[-122.44840273628085,37.75914349436362],[-122.44803236591021,37.7591550684377],[-122.4477082918359,37.75922451288219],[-122.44743051405791,37.7593518276971],[-122.44719903257626,37.75953701288242],[-122.44700227331685,37.75973377214183],[-122.4468402362797,37.759942105475304],[-122.4467129214648,37.76016201288287],[-122.44662032887214,37.76039349436452],[-122.44660875479806,37.76055553140168],[-122.44667819924256,37.76064812399434],[-122.44682866220563,37.7606712721425],[-122.44706014368728,37.76062497584618],[-122.44730319924301,37.76059025362393],[-122.44755782887285,37.76056710547576],[-122.44782403257673,37.76055553140168]]],[[[-122.45129625480148,37.75937497584527],[-122.45129625480148,37.7589583091783],[-122.4512731066533,37.75863423510399],[-122.45122681035699,37.758402753622335],[-122.4511573659125,37.758263864733344],[-122.45106477331983,37.75821756843701],[-122.45099532887534,37.75829858695559],[-122.45094903257902,37.75850692028907],[-122.45092588443084,37.758842568437466],[-122.45092588443084,37.75930553140078],[-122.45094903257902,37.75965275362325],[-122.45099532887534,37.7598842351049],[-122.45106477331983,37.75999997584572],[-122.4511573659125,37.75999997584572],[-122.45122681035699,37.759895809178985],[-122.4512731066533,37.759687475845496],[-122.45129625480148,37.75937497584527]]],[[[-122.47444440296654,37.75928238325261],[-122.47444440296654,37.759050901770955],[-122.47438653259613,37.75887729065972],[-122.4742707918553,37.758761549918894],[-122.47409718074407,37.75870367954848],[-122.4738656992624,37.75870367954848],[-122.47365736592891,37.758668957326236],[-122.47347218074361,37.75859951288174],[-122.47331014370646,37.758495346215],[-122.47317125481746,37.758356457326],[-122.47296292148398,37.758252290659264],[-122.47268514370599,37.758182846214766],[-122.47233792148351,37.75814812399252],[-122.47192125481655,37.75814812399252],[-122.47163190296448,37.7582291425111],[-122.47146986592732,37.75839117954825],[-122.47143514370507,37.75863423510398],[-122.47152773629773,37.7589583091783],[-122.47167819926081,37.75921293880811],[-122.47188653259428,37.759398123993435],[-122.47215273629818,37.75951386473426],[-122.47247681037251,37.759560161030585],[-122.4728124585209,37.75959488325283],[-122.47315968074338,37.759618031401004],[-122.47351847703993,37.759629605475084],[-122.47388884741056,37.759629605475084],[-122.47416662518854,37.75957173510467],[-122.47435181037389,37.75945599436385],[-122.47444440296654,37.75928238325261]]],[[[-122.47537032889313,37.75770830917739],[-122.47537032889313,37.75729164251042],[-122.47534718074498,37.75696756843611],[-122.47530088444864,37.75673608695446],[-122.47523144000415,37.75659719806547],[-122.47513884741147,37.75655090176914],[-122.47506940296697,37.7566434943618],[-122.47502310667065,37.75687497584345],[-122.47499995852249,37.75724534621409],[-122.47499995852249,37.75775460547372],[-122.47502310667065,37.75812497584436],[-122.47506940296697,37.758356457326016],[-122.47513884741147,37.758449049918674],[-122.47523144000415,37.75840275362234],[-122.47530088444864,37.75826386473335],[-122.47534718074498,37.758032383251695],[-122.47537032889313,37.75770830917739]]],[[[-122.48912032890318,37.75793979065904],[-122.48902773631052,37.757800901770054],[-122.4889698659401,37.75762729065882],[-122.48894671779195,37.75741895732533],[-122.48895829186603,37.75717590176959],[-122.48900458816237,37.75689812399162],[-122.48898144001421,37.75668979065813],[-122.48888884742152,37.756550901769145],[-122.48872681038438,37.75648145732465],[-122.48849532890273,37.75648145732465],[-122.48832171779148,37.756562475843225],[-122.48820597705065,37.756724512880375],[-122.48814810668024,37.75696756843611],[-122.48814810668024,37.75729164251042],[-122.48817125482842,37.75755784621431],[-122.48821755112473,37.7577661795478],[-122.48828699556924,37.75791664251087],[-122.48837958816189,37.75800923510353],[-122.48849532890272,37.75807867954803],[-122.48863421779171,37.75812497584435],[-122.48879625482886,37.75814812399252],[-122.4889814400142,37.75814812399252],[-122.48909718075502,37.758113401770274],[-122.48914347705136,37.758043957325775],[-122.48912032890318,37.75793979065904]]],[[[-122.48020829185964,37.75793979065904],[-122.48034718074862,37.757800901770054],[-122.48038190297089,37.75768516102923],[-122.48031245852638,37.757592568436564],[-122.48013884741513,37.757523123992065],[-122.47986106963717,37.75747682769574],[-122.47965273630368,37.75747682769574],[-122.47951384741467,37.757523123992065],[-122.47944440297019,37.75761571658472],[-122.47944440297019,37.75775460547372],[-122.47947912519243,37.757870346214546],[-122.47954856963693,37.757962938807204],[-122.47965273630368,37.758032383251695],[-122.47979162519266,37.75807867954803],[-122.47993051408164,37.75807867954802],[-122.48006940297066,37.758032383251695],[-122.48020829185964,37.75793979065904]]],[[[-122.4319444029355,37.75807867954803],[-122.43212958812082,37.758032383251695],[-122.43234949552838,37.75792821658496],[-122.43260412515818,37.75776617954781],[-122.43289347701025,37.75754627214024],[-122.43321755108458,37.75726849436226],[-122.43346060664031,37.75702543880652],[-122.43362264367747,37.75681710547304],[-122.43370366219604,37.7566434943618],[-122.43370366219604,37.756504605472806],[-122.4336573658997,37.7563772906579],[-122.43356477330705,37.75626154991708],[-122.43342588441807,37.75615738325033],[-122.43324069923273,37.756064790657675],[-122.4329281992325,37.755983772139096],[-122.43248838441738,37.755914327694605],[-122.43192125478734,37.75585645732419],[-122.43122681034238,37.75581016102786],[-122.43065968071232,37.75581016102786],[-122.43021986589719,37.75585645732419],[-122.42990736589697,37.75594904991685],[-122.42972218071165,37.75608793880584],[-122.42951384737816,37.75619210547258],[-122.42928236589651,37.75626154991708],[-122.4290277362667,37.75629627213932],[-122.42874995848872,37.75629627213932],[-122.42854162515523,37.75633099436157],[-122.42840273626624,37.75640043880607],[-122.42833329182174,37.756504605472806],[-122.42833329182174,37.7566434943618],[-122.42844903256258,37.75674766102854],[-122.42868051404422,37.75681710547304],[-122.42902773626669,37.756851827695286],[-122.42949069923,37.756851827695286],[-122.42989579182287,37.756840253621206],[-122.43024301404536,37.75681710547303],[-122.43053236589742,37.75678238325079],[-122.43076384737907,37.756736086954454],[-122.43093745849032,37.75679395732487],[-122.43105319923114,37.75695599436202],[-122.43111106960156,37.75722219806592],[-122.43111106960156,37.757592568436564],[-122.4311457918238,37.75787034621454],[-122.4312152362683,37.75805553139986],[-122.43131940293505,37.75814812399252],[-122.43145829182403,37.75814812399252],[-122.4316087547871,37.75813654991843],[-122.43177079182426,37.758113401770274],[-122.4319444029355,37.75807867954803]]],[[[-122.4843981066775,37.75731479065858],[-122.48449069927017,37.75712960547327],[-122.48444440297385,37.757002290658356],[-122.48425921778852,37.756932846213864],[-122.4839351437142,37.75692127213978],[-122.48347218075091,37.75696756843611],[-122.48313653260251,37.7570370128806],[-122.48292819926903,37.75712960547327],[-122.48284718075045,37.75724534621409],[-122.48289347704679,37.757384235103075],[-122.48300921778761,37.75748840176982],[-122.48319440297293,37.75755784621432],[-122.48344903260275,37.757592568436564],[-122.48377310667705,37.757592568436564],[-122.48403931038095,37.75754627214023],[-122.48424764371444,37.75745367954758],[-122.4843981066775,37.75731479065858]]],[[[-122.47277773629865,37.75745367954758],[-122.47277773629865,37.757361086954916],[-122.47282403259499,37.75724534621409],[-122.47291662518765,37.757106457325094],[-122.47305551407663,37.756944420287944],[-122.47324069926196,37.75675923510263],[-122.47337958815095,37.75658562399139],[-122.4734721807436,37.756423586954234],[-122.47351847703993,37.756273123991164],[-122.47351847703993,37.75613423510217],[-122.4734721807436,37.75597219806502],[-122.47337958815095,37.75578701287969],[-122.47324069926196,37.75557867954621],[-122.47305551407663,37.75534719806456],[-122.47287032889132,37.75518516102741],[-122.472685143706,37.75509256843475],[-122.47249995852067,37.75506942028658],[-122.47231477333536,37.755115716582914],[-122.47216431037228,37.75509256843475],[-122.47204856963148,37.75499997584208],[-122.4719675511129,37.754837938804926],[-122.47192125481652,37.75460645732328],[-122.47188653259428,37.754259235100804],[-122.47186338444612,37.75379627213751],[-122.47185181037204,37.753217568433385],[-122.47185181037204,37.75252312398844],[-122.47182866222387,37.75186340176574],[-122.47178236592754,37.751238401765285],[-122.47171292148306,37.75064812398708],[-122.47162032889041,37.750092568431114],[-122.47155088444592,37.749594883245564],[-122.47150458814957,37.749155068430426],[-122.47148144000141,37.74877312398571],[-122.47148144000141,37.7484490499114],[-122.47141199555692,37.74824071657791],[-122.47127310666792,37.74814812398526],[-122.47106477333443,37.74817127213342],[-122.47078699555647,37.7483101610224],[-122.47061338444522,37.74844904991139],[-122.47054394000071,37.74858793880039],[-122.47057866222296,37.74872682768938],[-122.47071755111196,37.748865716578365],[-122.47078699555645,37.748993031393276],[-122.47078699555645,37.7491087721341],[-122.47071755111196,37.74921293880084],[-122.47057866222296,37.7493055313935],[-122.47040505111173,37.749374975838],[-122.47019671777824,37.74942127213433],[-122.46995366222251,37.749444420282494],[-122.46967588444454,37.749444420282494],[-122.46944440296289,37.74942127213433],[-122.46925921777755,37.749374975838],[-122.46912032888856,37.7493055313935],[-122.46902773629591,37.74921293880084],[-122.468900421481,37.74916664250451],[-122.46873838444385,37.74916664250451],[-122.46854162518444,37.74921293880084],[-122.4683101437028,37.7493055313935],[-122.46813653259156,37.74945599435658],[-122.46802079185073,37.749664327690056],[-122.46796292148032,37.74993053139396],[-122.46796292148032,37.750254605468264],[-122.46805551407299,37.75047451287583],[-122.4682406992583,37.75059025361666],[-122.46851847703628,37.75060182769074],[-122.46888884740692,37.75050923509808],[-122.46914347703672,37.75048608694991],[-122.46928236592572,37.750532383246245],[-122.4693055140739,37.75064812398707],[-122.46921292148123,37.750833309172386],[-122.46914347703674,37.751064790654034],[-122.46909718074042,37.751342568432015],[-122.46907403259225,37.75166664250633],[-122.46907403259225,37.75203701287697],[-122.46912032888858,37.75238423509944],[-122.46921292148123,37.752708309173755],[-122.46935181037023,37.7530092350999],[-122.46953699555554,37.75328701287788],[-122.46962958814821,37.753495346211366],[-122.46962958814821,37.75363423510035],[-122.46953699555554,37.75370367954485],[-122.46935181037023,37.75370367954485],[-122.46922449555532,37.75376154991526],[-122.46915505111082,37.753877290656085],[-122.46914347703674,37.75405090176732],[-122.46918977333306,37.75428238324897],[-122.46935181037021,37.754467568434286],[-122.46962958814821,37.75460645732328],[-122.47002310666701,37.754699049915935],[-122.47053236592663,37.75474534621227],[-122.47091431037136,37.7548610869531],[-122.47116894000118,37.755046272138415],[-122.47129625481608,37.75530090176824],[-122.47129625481608,37.75562497584254],[-122.47127310666792,37.75589117954644],[-122.47122681037159,37.75609951287992],[-122.4711573659271,37.75624997584299],[-122.47106477333443,37.756342568435656],[-122.471006902964,37.7564467351024],[-122.47098375481585,37.756562475843225],[-122.47099532888993,37.75668979065813],[-122.47104162518627,37.75682867954711],[-122.4711573659271,37.75694442028794],[-122.47134255111241,37.7570370128806],[-122.47159718074224,37.7571064573251],[-122.47192125481655,37.757152753621426],[-122.47218745852044,37.75721062399184],[-122.47239579185393,37.75728006843634],[-122.472546254817,37.757361086954916],[-122.47263884740966,37.75745367954758],[-122.47270829185416,37.757499975843906],[-122.47275458815048,37.757499975843906],[-122.47277773629865,37.75745367954758]]],[[[-122.465115699256,37.75712960547326],[-122.4650694029597,37.756944420287944],[-122.46503468073745,37.756655068435876],[-122.46501153258927,37.75626154991708],[-122.4649999585152,37.75576386473153],[-122.4649999585152,37.75516201287924],[-122.46495366221886,37.75458330917511],[-122.46486106962621,37.754027753619155],[-122.46472218073723,37.75349534621136],[-122.4645369955519,37.75298608695173],[-122.46434023629249,37.75261571658109],[-122.464131902959,37.75238423509944],[-122.46391199555143,37.75229164250678],[-122.46368051406978,37.752337938803116],[-122.46356477332895,37.752418957321694],[-122.46356477332895,37.75253469806252],[-122.46368051406978,37.75268516102559],[-122.46391199555143,37.752870346210905],[-122.46408560666268,37.753252290655624],[-122.4642013474035,37.75383099435975],[-122.46425921777391,37.75460645732328],[-122.46425921777391,37.75557867954621],[-122.464270791848,37.756342568435656],[-122.46429393999617,37.75689812399162],[-122.4643286622184,37.75724534621409],[-122.46437495851475,37.757384235103075],[-122.46445597703334,37.75747682769574],[-122.46457171777413,37.757523123992065],[-122.46472218073721,37.757523123992065],[-122.46490736592253,37.75747682769574],[-122.46503468073743,37.75739580917716],[-122.46510412518192,37.75728006843634],[-122.465115699256,37.75712960547326]]],[[[-122.4501619955414,37.75733793880675],[-122.45076384739369,37.75729164251042],[-122.4512152362829,37.75721062399184],[-122.45151616220905,37.757094883251014],[-122.45166662517212,37.756944420287944],[-122.45166662517212,37.75675923510263],[-122.4517476436907,37.75662034621364],[-122.45190968072785,37.75652775362098],[-122.45215273628358,37.75648145732465],[-122.45247681035791,37.75648145732465],[-122.45273143998773,37.7564467351024],[-122.45291662517303,37.7563772906579],[-122.45303236591386,37.756273123991164],[-122.45307866221017,37.75613423510217],[-122.45314810665468,37.75601849436134],[-122.45324069924735,37.75592590176869],[-122.45335643998817,37.75585645732419],[-122.45349532887715,37.75581016102786],[-122.45362264369207,37.75574071658336],[-122.4537383844329,37.75564812399071],[-122.45384255109964,37.755532383249886],[-122.4539351436923,37.75539349436089],[-122.4540045881368,37.75524303139782],[-122.45405088443313,37.75508099436066],[-122.45407403258129,37.754907383249424],[-122.45407403258129,37.75472219806411],[-122.45405088443313,37.75456016102696],[-122.4540045881368,37.75442127213796],[-122.4539351436923,37.75430553139714],[-122.45384255109964,37.75421293880447],[-122.45372681035882,37.75414349435998],[-122.45358792146982,37.754097198063654],[-122.45342588443266,37.75407404991549],[-122.45324069924735,37.75407404991549],[-122.45307866221019,37.7541319202859],[-122.4529397733212,37.754247661026724],[-122.45282403258038,37.75442127213796],[-122.4527314399877,37.75465275361962],[-122.4525925510987,37.75482636473085],[-122.45240736591339,37.75494210547168],[-122.45217588443174,37.75499997584209],[-122.45189810665377,37.75499997584209],[-122.45165505109804,37.755023123990256],[-122.45144671776455,37.75506942028658],[-122.45127310665332,37.75513886473108],[-122.45113421776433,37.75523145732374],[-122.45098375480126,37.75535877213865],[-122.4508217177641,37.7555208091758],[-122.45064810665286,37.7557175684352],[-122.45046292146753,37.75594904991685],[-122.45026616220812,37.75612266102809],[-122.45005782887463,37.75623840176891],[-122.44983792146708,37.75629627213932],[-122.44960643998543,37.75629627213932],[-122.44942125480011,37.75631942028749],[-122.44928236591113,37.756365716583815],[-122.44918977331847,37.756435161028314],[-122.44914347702212,37.75652775362097],[-122.44905088442947,37.75659719806547],[-122.44891199554047,37.756643494361796],[-122.44872681035515,37.75666664250996],[-122.4484953288735,37.75666664250996],[-122.44834486591043,37.756597198065464],[-122.44827542146594,37.75645830917648],[-122.44828699554002,37.75624997584299],[-122.44837958813268,37.75597219806502],[-122.4484374585031,37.75572914250928],[-122.44846060665125,37.75552080917579],[-122.44844903257717,37.755347198064555],[-122.44840273628085,37.75520830917557],[-122.4483795881327,37.7550578462125],[-122.4483795881327,37.754895809175345],[-122.44840273628085,37.75472219806411],[-122.44844903257717,37.754537012878785],[-122.44853005109574,37.754386549915715],[-122.44864579183658,37.75427080917488],[-122.44879625479966,37.75418979065631],[-122.44898143998498,37.75414349435998],[-122.4490971807258,37.754004605470996],[-122.44914347702213,37.75377312398935],[-122.44912032887396,37.753449049915034],[-122.4490277362813,37.75303238324806],[-122.44898143998498,37.752708309173755],[-122.44898143998498,37.75247682769211],[-122.4490277362813,37.752337938803116],[-122.44912032887396,37.75229164250678],[-122.44920134739255,37.752199049914125],[-122.44927079183704,37.75206016102513],[-122.44932866220745,37.75187497583981],[-122.44937495850378,37.75164349435816],[-122.44945597702235,37.751423586950594],[-122.44957171776318,37.75121525361712],[-122.44972218072625,37.75101849435771],[-122.44990736591157,37.75083330917239],[-122.45004625480057,37.750613401764824],[-122.45013884739322,37.750358772135],[-122.45018514368955,37.75006942028294],[-122.45018514368955,37.74974534620864],[-122.45016199554138,37.74947914250474],[-122.45011569924506,37.74927080917125],[-122.45004625480057,37.74912034620818],[-122.4499536622079,37.74902775361552],[-122.4498379214671,37.74895830917102],[-122.44969903257811,37.7489120128747],[-122.44953699554094,37.74888886472653],[-122.44935181035561,37.74888886472653],[-122.44918977331845,37.74898145731919],[-122.44905088442945,37.74916664250451],[-122.44893514368864,37.74944442028249],[-122.44884255109598,37.74981479065313],[-122.44871523628107,37.75011571657927],[-122.44855319924393,37.75034719806092],[-122.44835643998452,37.75050923509808],[-122.44812495850286,37.75060182769074],[-122.44793977331754,37.75070599435748],[-122.44780088442855,37.750821735098306],[-122.44770829183588,37.75094904991321],[-122.44766199553956,37.75108793880221],[-122.44759255109507,37.75121525361711],[-122.44749995850242,37.751330994357936],[-122.44738421776158,37.75143516102468],[-122.4472453288726,37.75152775361734],[-122.44715273627993,37.751689790654495],[-122.4471064399836,37.751921272136144],[-122.4471064399836,37.752222198062285],[-122.44715273627993,37.75259256843293],[-122.44715273627993,37.75289349435907],[-122.44710643998359,37.75312497584072],[-122.44701384739093,37.75328701287788],[-122.44687495850194,37.75337960547054],[-122.44678236590927,37.75348377213728],[-122.44673606961297,37.753599512878104],[-122.44673606961297,37.753726827693015],[-122.44678236590929,37.753865716582],[-122.44678236590929,37.75398145732282],[-122.44673606961297,37.75407404991549],[-122.4466434770203,37.75414349435998],[-122.44650458813132,37.75418979065631],[-122.44638884739048,37.754259235100804],[-122.44629625479783,37.75435182769346],[-122.44622681035334,37.754467568434286],[-122.446180514057,37.754606457323284],[-122.44608792146434,37.754745346212275],[-122.44594903257534,37.75488423510126],[-122.44576384739003,37.75502312399025],[-122.44553236590838,37.755162012879246],[-122.44534718072308,37.75530090176824],[-122.44520829183409,37.75543979065722],[-122.44511569924143,37.75557867954621],[-122.44506940294508,37.7557175684352],[-122.44496523627834,37.75582173510194],[-122.44480319924119,37.75589117954644],[-122.44458329183362,37.755925901768684],[-122.44430551405563,37.755925901768684],[-122.44409718072215,37.75594904991685],[-122.44395829183316,37.755995346213176],[-122.44388884738866,37.756064790657675],[-122.44388884738866,37.75615738325033],[-122.443935143685,37.75626154991708],[-122.44402773627765,37.7563772906579],[-122.44416662516663,37.756504605472806],[-122.44435181035198,37.7566434943618],[-122.44453699553729,37.75674766102854],[-122.4447221807226,37.75681710547304],[-122.44490736590791,37.756851827695286],[-122.44509255109325,37.756851827695286],[-122.44524301405633,37.75681710547304],[-122.44535875479713,37.75674766102854],[-122.44543977331571,37.7566434943618],[-122.44548606961206,37.756504605472806],[-122.44555551405655,37.75640043880607],[-122.44564810664922,37.75633099436157],[-122.44576384739004,37.75629627213932],[-122.44590273627902,37.75629627213932],[-122.44600690294577,37.75623840176891],[-122.44607634739026,37.75612266102809],[-122.44611106961251,37.75594904991685],[-122.44611106961251,37.7557175684352],[-122.44616893998293,37.755532383249886],[-122.44628468072375,37.75539349436089],[-122.44645829183499,37.75530090176823],[-122.44668977331663,37.7552546054719],[-122.44688653257603,37.75526617954598],[-122.44704856961319,37.755335623990476],[-122.44717588442809,37.75546293880539],[-122.44726847702077,37.7556481239907],[-122.44733792146528,37.75585645732419],[-122.4473842177616,37.75608793880584],[-122.44740736590975,37.756342568435656],[-122.44740736590975,37.75662034621363],[-122.44747681035426,37.75682867954711],[-122.44761569924324,37.75696756843611],[-122.44782403257673,37.7570370128806],[-122.4481018103547,37.7570370128806],[-122.44835643998451,37.75706016102877],[-122.44858792146617,37.757106457325094],[-122.44879625479966,37.757175901769585],[-122.44898143998498,37.75726849436225],[-122.44927079183705,37.75732636473266],[-122.44966431035584,37.757349512880836],[-122.4501619955414,37.75733793880675]]],[[[-122.42685181033919,37.75689812399162],[-122.42685181033919,37.75680553139895],[-122.4267823658947,37.756736086954454],[-122.4266434770057,37.75668979065813],[-122.42643514367221,37.75666664250996],[-122.42615736589423,37.75666664250996],[-122.42586801404217,37.75663192028772],[-122.42556708811603,37.75656247584322],[-122.42525458811579,37.75645830917648],[-122.42493051404148,37.7563194202875],[-122.42465273626351,37.756249975843],[-122.42442125478186,37.756249975843],[-122.42423606959653,37.7563194202875],[-122.42409718070755,37.75645830917648],[-122.42401616218896,37.756597198065464],[-122.42399301404079,37.75673608695446],[-122.42402773626304,37.756874975843445],[-122.42412032885571,37.75701386473244],[-122.42435181033736,37.7571064573251],[-122.42472218070799,37.757152753621426],[-122.42523143996763,37.757152753621426],[-122.42587958811625,37.7571064573251],[-122.42636569922772,37.75704858695469],[-122.42668977330203,37.75697914251019],[-122.42685181033919,37.75689812399162]]],[[[-122.44090273627536,37.75652775362097],[-122.44113421775702,37.756435161028314],[-122.4413541251646,37.756365716583815],[-122.44156245849807,37.75631942028749],[-122.44175921775746,37.75629627213932],[-122.44194440294281,37.75629627213932],[-122.44207171775771,37.756215253620745],[-122.4421411622022,37.756053216583595],[-122.44215273627628,37.75581016102786],[-122.44210643997995,37.75548608695355],[-122.44199069923913,37.75528932769415],[-122.44180551405383,37.75521988324966],[-122.441550884424,37.75527775362007],[-122.44122681034968,37.75546293880539],[-122.44096060664577,37.75563654991662],[-122.4407522733123,37.75579858695378],[-122.44060181034922,37.75594904991685],[-122.44050921775656,37.75608793880584],[-122.44037032886757,37.75619210547258],[-122.44018514368224,37.75626154991708],[-122.4399536622006,37.75629627213932],[-122.43967588442263,37.75629627213932],[-122.43945597701506,37.75633099436157],[-122.43929393997789,37.75640043880607],[-122.43918977331114,37.756504605472806],[-122.43914347701482,37.7566434943618],[-122.43920134738524,37.75673608695446],[-122.43936338442239,37.75678238325079],[-122.4396295881263,37.75678238325079],[-122.43999995849693,37.756736086954454],[-122.44033560664532,37.75667821658404],[-122.44063653257146,37.75660877213955],[-122.44090273627536,37.75652775362097]]],[[[-122.43636569923501,37.75638886473198],[-122.43641199553134,37.756203679546665],[-122.4364467177536,37.75594904991685],[-122.43646986590176,37.755624975842544],[-122.43648143997585,37.75523145732374],[-122.43648143997585,37.754768494360434],[-122.43643514367952,37.754386549915715],[-122.43634255108685,37.75408562398957],[-122.43620366219785,37.753865716582],[-122.43601847701255,37.753726827693015],[-122.43587958812356,37.75368053139668],[-122.43578699553089,37.75372682769301],[-122.43574069923456,37.753865716582],[-122.43574069923456,37.754097198063654],[-122.43568282886415,37.75430553139714],[-122.43556708812332,37.75449071658246],[-122.43539347701208,37.75465275361961],[-122.43516199553044,37.75479164250861],[-122.43499995849328,37.75493053139759],[-122.43490736590063,37.75506942028659],[-122.43488421775247,37.75520830917557],[-122.43493051404877,37.755347198064555],[-122.43501153256736,37.755474512879466],[-122.43512727330818,37.75559025362029],[-122.43527773627125,37.75569442028703],[-122.43546292145658,37.75578701287969],[-122.4355786621974,37.755914327694605],[-122.43562495849375,37.75607636473176],[-122.43560181034557,37.756273123991164],[-122.43550921775291,37.75650460547281],[-122.43549764367883,37.75666664250997],[-122.43556708812332,37.75675923510262],[-122.4357175510864,37.75678238325079],[-122.43594903256805,37.756736086954454],[-122.43613421775336,37.756655068435876],[-122.43627310664236,37.75653932769505],[-122.43636569923501,37.75638886473198]]],[[[-122.47289347703949,37.754374975841635],[-122.47284718074314,37.7543286795453],[-122.4728124585209,37.75421293880448],[-122.47278931037273,37.754027753619155],[-122.47277773629865,37.75377312398934],[-122.47277773629865,37.753449049915034],[-122.47275458815048,37.7532059943593],[-122.47270829185416,37.75304395732215],[-122.47263884740966,37.75296293880357],[-122.472546254817,37.75296293880357],[-122.47246523629843,37.75303238324807],[-122.47239579185393,37.75317127213705],[-122.4723379214835,37.75337960547054],[-122.47229162518718,37.753657383248516],[-122.47230319926126,37.753888864730165],[-122.47237264370577,37.75407404991549],[-122.47249995852067,37.75421293880447],[-122.47268514370599,37.75430553139714],[-122.4728124585209,37.75436340176755],[-122.47288190296541,37.75438654991572],[-122.47289347703949,37.754374975841635]]],[[[-122.49148144001602,37.75368053139668],[-122.49148144001602,37.75354164250769],[-122.49134255112703,37.7534721980632],[-122.49106477334904,37.7534721980632],[-122.49064810668207,37.75354164250769],[-122.49009255112611,37.75368053139668],[-122.48981477334813,37.75378469806342],[-122.48981477334813,37.75385414250792],[-122.49009255112611,37.753888864730165],[-122.49064810668207,37.753888864730165],[-122.49106477334904,37.75385414250792],[-122.49134255112703,37.75378469806342],[-122.49148144001602,37.75368053139668]]],[[[-122.40291662513651,37.75370367954485],[-122.40300921772918,37.75370367954485],[-122.40307866217367,37.75361108695219],[-122.40312495846999,37.75342590176687],[-122.40314810661816,37.75314812398889],[-122.40314810661816,37.75277775361825],[-122.40311338439591,37.752488401766186],[-122.40304393995142,37.752280068432704],[-122.40293977328467,37.75215275361779],[-122.40280088439569,37.75210645732147],[-122.40270829180304,37.75217590176596],[-122.4026619955067,37.75236108695128],[-122.4026619955067,37.75266201287742],[-122.40270829180304,37.753078679544394],[-122.40276616217345,37.75339117954462],[-122.40283560661794,37.753599512878104],[-122.40291662513651,37.75370367954485]]],[[[-122.3821295880843,37.753009235099896],[-122.38194440289897,37.75291664250724],[-122.38180551400998,37.75282404991458],[-122.38171292141733,37.752731457321914],[-122.381666625121,37.752638864729256],[-122.381666625121,37.7525462721366],[-122.38160875475059,37.752430531395774],[-122.38149301400976,37.75229164250678],[-122.38131940289853,37.75212960546963],[-122.38108792141686,37.75194442028431],[-122.38089116215745,37.75180553139532],[-122.38072912512031,37.751712938802655],[-122.3806018103054,37.75166664250633],[-122.38050921771273,37.75166664250633],[-122.38040505104598,37.75162034621],[-122.38028931030519,37.75152775361734],[-122.38016199549027,37.75138886472835],[-122.38002310660127,37.75120367954303],[-122.37987264363821,37.751030068431795],[-122.37971060660104,37.75086803139464],[-122.3795369954898,37.75071756843157],[-122.37935181030448,37.75057867954257],[-122.37915505104507,37.75045136472767],[-122.3789467177116,37.75033562398684],[-122.37872681030403,37.7502314573201],[-122.37849532882238,37.75013886472743],[-122.3782869954889,37.75002312398661],[-122.37810181030358,37.749884235097625],[-122.37793977326642,37.74972219806047],[-122.37780088437744,37.74953701287515],[-122.37765042141436,37.74936340176391],[-122.3774883843772,37.74920136472676],[-122.37731477326597,37.74905090176369],[-122.37712958808065,37.7489120128747],[-122.37692312536024,37.74880802492414],[-122.37669538510472,37.748738937911995],[-122.37644636731414,37.74870475183828],[-122.37617607198847,37.748705466703],[-122.3759946280293,37.748925731542926],[-122.37590203543661,37.74936554635806],[-122.37589829421046,37.7500249111484],[-122.37598340435085,37.75090382591396],[-122.37629029251184,37.75155143791404],[-122.37681895869349,37.751967747148655],[-122.37756940289579,37.75215275361779],[-122.37854162511871,37.75210645732147],[-122.3792707917859,37.752126085646466],[-122.37975690289737,37.7522116385928],[-122.37999995845311,37.75236311616045],[-122.37999995845311,37.75258051834943],[-122.38009255104576,37.752747089814335],[-122.38027773623108,37.75286283055516],[-122.38055551400907,37.752927740571906],[-122.38092588437972,37.752941819864574],[-122.38126153252811,37.752963953408155],[-122.38156245845425,37.75299414120265],[-122.38182866215814,37.75303238324806],[-122.3820601436398,37.753078679544394],[-122.38218745845472,37.753090253618474],[-122.38221060660287,37.75306710547031],[-122.3821295880843,37.753009235099896]]],[[[-122.45324069924735,37.75217590176596],[-122.45342588443266,37.751898123987985],[-122.45356477332166,37.75155090176551],[-122.45365736591432,37.75113423509854],[-122.45370366221064,37.75064812398708],[-122.45370366221064,37.750092568431114],[-122.45368051406248,37.74967590176414],[-122.45363421776617,37.74939812398616],[-122.45356477332166,37.74925923509717],[-122.453472180729,37.74925923509717],[-122.4534027362845,37.749386549912074],[-122.45335643998817,37.7496411795419],[-122.45333329184001,37.750023123986615],[-122.45333329184001,37.750532383246245],[-122.45326384739552,37.75094904991322],[-122.45312495850652,37.751273123987524],[-122.45291662517303,37.75150460546917],[-122.45263884739506,37.75164349435817],[-122.45244208813565,37.75180553139532],[-122.45232634739483,37.75199071658064],[-122.45229162517259,37.752199049914125],[-122.45233792146891,37.752430531395774],[-122.4524073659134,37.75259256843293],[-122.45249995850605,37.75268516102558],[-122.45261569924689,37.752708309173755],[-122.45275458813587,37.75266201287742],[-122.45290505109895,37.752557846210685],[-122.45306708813611,37.75239580917353],[-122.45324069924735,37.75217590176596]]],[[[-122.40231477328422,37.75164349435817],[-122.40249995846955,37.75150460546917],[-122.40262727328447,37.75136571658018],[-122.40269671772896,37.7512268276912],[-122.40270829180304,37.75108793880221],[-122.4026619955067,37.75094904991321],[-122.40255782883996,37.75086803139463],[-122.4023957918028,37.75084488324647],[-122.40217588439523,37.75087960546872],[-122.40189810661725,37.750972198061376],[-122.40168977328376,37.7510879388022],[-122.40155088439477,37.7512268276912],[-122.40148143995027,37.75138886472835],[-122.40148143995027,37.75157404991367],[-122.40151616217253,37.751712938802655],[-122.40158560661702,37.75180553139532],[-122.40168977328376,37.75185182769165],[-122.40182866217275,37.75185182769165],[-122.40197912513582,37.75181710546941],[-122.40214116217298,37.75174766102491],[-122.40231477328422,37.75164349435817]]],[[[-122.48550921778944,37.75166664250633],[-122.4856018103821,37.75166664250633],[-122.48567125482657,37.75158562398775],[-122.4857175511229,37.751423586950594],[-122.48574069927108,37.75118053139486],[-122.48574069927108,37.75085645732056],[-122.48570597704882,37.750601827690744],[-122.48563653260433,37.75041664250542],[-122.48553236593759,37.7503009017646],[-122.48539347704859,37.750254605468264],[-122.48521986593735,37.75028932769051],[-122.48501153260386,37.750405068431334],[-122.48476847704814,37.75060182769074],[-122.48449069927017,37.75087960546872],[-122.4842707918626,37.75112266102445],[-122.48410875482546,37.751330994357936],[-122.48400458815871,37.75150460546917],[-122.48395829186236,37.75164349435817],[-122.48401616223278,37.75173608695083],[-122.48417819926993,37.75178238324715],[-122.48444440297384,37.75178238324715],[-122.48481477334448,37.75173608695082],[-122.48511569927064,37.751701364728575],[-122.48534718075229,37.75167821658041],[-122.48550921778944,37.75166664250633]]],[[[-122.460624958512,37.75131942028385],[-122.46067125480832,37.7510879388022],[-122.4606828288824,37.75087960546872],[-122.46065968073424,37.750694420283395],[-122.46060181036383,37.750532383246245],[-122.46050921777118,37.750393494357255],[-122.46038190295626,37.75027775361643],[-122.46021986591911,37.75018516102377],[-122.4600231066597,37.75011571657927],[-122.45979162517806,37.75006942028295],[-122.45953699554825,37.74999997583845],[-122.45925921777027,37.749907383245784],[-122.45895829184413,37.74979164250496],[-122.45863421776981,37.749652753615976],[-122.45834486591775,37.74954858694924],[-122.45809023628793,37.74947914250474],[-122.45787032888036,37.749444420282494],[-122.45768514369504,37.749444420282494],[-122.45752310665787,37.74946756843066],[-122.45738421776889,37.749513864726985],[-122.45726847702807,37.749583309171484],[-122.4571758844354,37.74967590176414],[-122.45704856962048,37.74974534620864],[-122.45688653258334,37.74979164250497],[-122.45668977332394,37.74981479065313],[-122.4564582918423,37.74981479065313],[-122.4562615325829,37.74984951287538],[-122.45609949554574,37.74991895731988],[-122.45597218073083,37.750023123986615],[-122.45587958813816,37.750162012875606],[-122.45591431036041,37.75026617954234],[-122.45607634739756,37.75033562398684],[-122.45636569924962,37.75037034620909],[-122.45678236591661,37.75037034620909],[-122.457118014065,37.750393494357255],[-122.4573726436948,37.75043979065358],[-122.45754625480603,37.75050923509808],[-122.4576388473987,37.75060182769074],[-122.4577777362877,37.750671272135236],[-122.45796292147301,37.75071756843156],[-122.45819440295466,37.75074071657973],[-122.45847218073266,37.75074071657973],[-122.45871523628838,37.75078701287606],[-122.45892356962187,37.750879605468725],[-122.45909718073311,37.75101849435771],[-122.4592360696221,37.75120367954303],[-122.45940968073333,37.7513541425061],[-122.45961801406682,37.751469883246926],[-122.45986106962255,37.751550901765505],[-122.46013884740054,37.75159719806184],[-122.46035875480811,37.75157404991367],[-122.46052079184525,37.751481457321006],[-122.460624958512,37.75131942028385]]],[[[-122.45127310665332,37.75134256843202],[-122.45150458813497,37.75124997583936],[-122.45168977332028,37.75111108695037],[-122.45182866220928,37.750925901765044],[-122.45192125480195,37.750694420283395],[-122.45196755109825,37.75041664250542],[-122.45199069924642,37.750162012875606],[-122.45199069924642,37.74993053139396],[-122.45196755109825,37.74972219806047],[-122.45192125480195,37.74953701287515],[-122.45189810665377,37.749305531393496],[-122.45189810665377,37.74902775361552],[-122.45192125480195,37.748703679541215],[-122.45196755109825,37.74833330917057],[-122.45199069924642,37.74799766102218],[-122.45199069924642,37.747696735096035],[-122.45196755109825,37.74743053139214],[-122.45192125480195,37.74719904991049],[-122.45184023628337,37.747025438799255],[-122.45172449554252,37.74690969805843],[-122.45157403257946,37.74685182768801],[-122.45138884739413,37.74685182768801],[-122.45122681035699,37.74687497583618],[-122.451087921468,37.746921272132504],[-122.45097218072718,37.746990716577],[-122.45087958813451,37.74708330916966],[-122.45076384739369,37.74715275361416],[-122.4506249585047,37.747199049910485],[-122.45046292146755,37.74722219805865],[-122.4502777362822,37.74722219805865],[-122.45011569924506,37.747268494354984],[-122.44997681035606,37.74736108694765],[-122.44986106961524,37.74749997583663],[-122.44976847702259,37.747685161021955],[-122.44971060665216,37.74787034620728],[-122.44968745850402,37.748055531392595],[-122.4496990325781,37.74824071657792],[-122.44974532887443,37.748425901763234],[-122.44983792146708,37.748564790652225],[-122.44997681035608,37.74865738324488],[-122.4501619955414,37.748703679541215],[-122.45039347702304,37.748703679541215],[-122.4505555140602,37.748715253615295],[-122.45064810665285,37.74873840176346],[-122.45067125480102,37.74877312398571],[-122.45062495850469,37.74881942028204],[-122.45061338443061,37.74901617954144],[-122.45063653257878,37.749363401763915],[-122.4506944029492,37.749861086949466],[-122.45078699554186,37.75050923509808],[-122.45091431035677,37.75097219806138],[-122.45107634739392,37.751249975839364],[-122.45127310665332,37.75134256843202]]],[[[-122.42527773626396,37.75129627213569],[-122.42546292144928,37.75129627213569],[-122.42559023626418,37.751192105468945],[-122.42565968070868,37.750983772135456],[-122.42567125478276,37.750671272135236],[-122.42562495848642,37.750254605468264],[-122.42553236589377,37.7499652536162],[-122.42539347700477,37.749803216579046],[-122.42520829181946,37.7497684943568],[-122.42497681033781,37.749861086949466],[-122.42480319922657,37.74999997583845],[-122.42468745848575,37.75018516102377],[-122.42462958811534,37.75041664250542],[-122.42462958811534,37.750694420283395],[-122.4246527362635,37.750914327690964],[-122.42469903255983,37.751076364728114],[-122.42476847700432,37.75118053139486],[-122.424861069597,37.75122682769119],[-122.42497681033782,37.75126154991344],[-122.42511569922681,37.75128469806161],[-122.42527773626396,37.75129627213569]]],[[[-122.45284718072854,37.75060182769074],[-122.45289347702487,37.75050923509808],[-122.45292819924711,37.75034719806092],[-122.45295134739528,37.75011571657927],[-122.45296292146936,37.74981479065313],[-122.45296292146936,37.74944442028249],[-122.45303236591386,37.74916664250451],[-122.45317125480285,37.74898145731919],[-122.45337958813634,37.74888886472653],[-122.45365736591432,37.74888886472653],[-122.4538772733219,37.74883099435612],[-122.45403931035905,37.748715253615295],[-122.4541434770258,37.74854164250406],[-122.4541897733221,37.74831016102241],[-122.45414347702578,37.74813654991117],[-122.45400458813678,37.74802080917035],[-122.45377310665513,37.74796293879994],[-122.45344903258083,37.74796293879994],[-122.45317125480285,37.7479860869481],[-122.4529397733212,37.74803238324443],[-122.45275458813587,37.74810182768893],[-122.45261569924689,37.748194420281585],[-122.45249995850605,37.74829858694833],[-122.4524073659134,37.748414327689154],[-122.45233792146891,37.74854164250406],[-122.45229162517259,37.74868053139305],[-122.45225690295034,37.748877290652445],[-122.45223375480217,37.74913192028227],[-122.45222218072809,37.74944442028249],[-122.45222218072809,37.74981479065313],[-122.45225690295032,37.75011571657927],[-122.45232634739483,37.75034719806092],[-122.45243051406158,37.75050923509808],[-122.45256940295056,37.75060182769074],[-122.4526851436914,37.75064812398707],[-122.45277773628405,37.75064812398707],[-122.45284718072854,37.75060182769074]]],[[[-122.39969903254158,37.75037034620909],[-122.40048606957919,37.75037034620909],[-122.40112264365372,37.75035877213501],[-122.40160875476519,37.75033562398684],[-122.40194440291359,37.7503009017646],[-122.4021295880989,37.750254605468264],[-122.40223375476565,37.750185161023765],[-122.40225690291379,37.750092568431114],[-122.4021990325434,37.74997682769029],[-122.4020601436544,37.74983793880129],[-122.40181708809865,37.749733772134554],[-122.40146986587621,37.749664327690056],[-122.40101847698699,37.74962960546781],[-122.400462921431,37.74962960546781],[-122.3999999584677,37.74964117954189],[-122.39962958809707,37.749664327690056],[-122.3993518103191,37.7496990499123],[-122.39916662513377,37.749745346208634],[-122.39900458809662,37.74981479065313],[-122.39886569920762,37.74990738324579],[-122.39874995846681,37.750023123986615],[-122.39865736587414,37.750162012875606],[-122.39878468068906,37.75026617954234],[-122.39913190291153,37.75033562398684],[-122.39969903254158,37.75037034620909]]],[[[-122.40425921773009,37.74967590176414],[-122.40425921773009,37.749583309171484],[-122.40439810661907,37.749513864726985],[-122.40467588439707,37.74946756843066],[-122.40509255106403,37.749444420282494],[-122.40564810661999,37.749444420282494],[-122.40609949550921,37.74942127213433],[-122.40644671773168,37.749374975838],[-122.40668977328743,37.7493055313935],[-122.40682866217641,37.74921293880084],[-122.40697912513949,37.749143494356346],[-122.40714116217664,37.74909719806002],[-122.40731477328788,37.749074049911854],[-122.4074999584732,37.749074049911854],[-122.40769671773259,37.74903932768961],[-122.40790505106608,37.74896988324511],[-122.40812495847365,37.748865716578365],[-122.4083564399553,37.74872682768938],[-122.4086226436592,37.74861108694856],[-122.40892356958534,37.74851849435589],[-122.40925921773373,37.7484490499114],[-122.40962958810438,37.74840275361507],[-122.40990736588236,37.748321735096496],[-122.41009255106769,37.748205994355665],[-122.41018514366034,37.748055531392595],[-122.41018514366034,37.74787034620727],[-122.41024301403075,37.747696735096035],[-122.41035875477158,37.74753469805888],[-122.41053236588282,37.74738423509581],[-122.41076384736446,37.747245346206824],[-122.41092588440162,37.74708330916967],[-122.41101847699427,37.746898123984344],[-122.41104162514245,37.74668979065086],[-122.4109953288461,37.746458309169206],[-122.41098375477202,37.7462615499098],[-122.41100690292018,37.746099512872654],[-122.4110647732906,37.74597219805774],[-122.41115736588328,37.745879605465085],[-122.41129625477228,37.745810161020586],[-122.4114814399576,37.74576386472426],[-122.41171292143925,37.745740716576094],[-122.41199069921723,37.745740716576094],[-122.41222218069888,37.74576386472426],[-122.41240736588419,37.745810161020586],[-122.41254625477318,37.745879605465085],[-122.41263884736584,37.74597219805774],[-122.412800884403,37.74604164250224],[-122.41303236588463,37.74608793879857],[-122.41333329181079,37.74611108694673],[-122.41370366218143,37.74611108694673],[-122.41400458810759,37.74608793879857],[-122.41423606958924,37.74604164250224],[-122.41439810662638,37.74597219805774],[-122.41449069921903,37.745879605465085],[-122.41454856958944,37.74576386472426],[-122.4145717177376,37.74562497583527],[-122.41456014366352,37.74546293879811],[-122.4145138473672,37.7452777536128],[-122.41452542144128,37.74512729064972],[-122.41459486588579,37.745011549908895],[-122.41472218070069,37.744930531390324],[-122.41490736588601,37.74488423509399],[-122.415046254775,37.744918957316244],[-122.41513884736767,37.74503469805707],[-122.41518514366399,37.74523145731647],[-122.41518514366399,37.74550923509445],[-122.41521986588624,37.74575229065019],[-122.41528931033073,37.74596062398366],[-122.41539347699748,37.7461342350949],[-122.41553236588648,37.74627312398388],[-122.41569440292363,37.74636571657655],[-122.41587958810894,37.746412012872874],[-122.41608792144243,37.74641201287288],[-122.41631940292409,37.74636571657655],[-122.41653931033166,37.74628469805798],[-122.41674764366513,37.74616895731715],[-122.41694440292454,37.746018494354075],[-122.41712958810986,37.74583330916876],[-122.41731477329517,37.74569442027976],[-122.4174999584805,37.74560182768711],[-122.41768514366582,37.74555553139078],[-122.41787032885114,37.74555553139078],[-122.41805551403647,37.745578679538944],[-122.41824069922178,37.74562497583527],[-122.4184258844071,37.74569442027976],[-122.41861106959243,37.74578701287243],[-122.41874995848141,37.74589117953917],[-122.41884255107406,37.746006920279996],[-122.4188888473704,37.7461342350949],[-122.4188888473704,37.74627312398388],[-122.4187615325555,37.746400438798794],[-122.41850690292567,37.74651617953962],[-122.41812495848094,37.746620346206356],[-122.41761569922133,37.74671293879902],[-122.41717588440619,37.74677080916943],[-122.41680551403554,37.74679395731761],[-122.4165045881094,37.74678238324352],[-122.41627310662774,37.74673608694719],[-122.41607634736833,37.7467245128731],[-122.41591431033119,37.746747661021274],[-122.41578699551629,37.746805531391686],[-122.41569440292362,37.74689812398435],[-122.41554393996056,37.74696756842884],[-122.41533560662708,37.74701386472517],[-122.41506940292318,37.747037012873335],[-122.41474532884887,37.747037012873335],[-122.41446755107089,37.74708330916967],[-122.41423606958924,37.74717590176232],[-122.4140508844039,37.747314790651316],[-122.41391199551492,37.74749997583663],[-122.41373838440369,37.74762729065154],[-122.41353005107018,37.747696735096035],[-122.41328699551445,37.747708309170115],[-122.41300921773649,37.74766201287378],[-122.41278931032892,37.74766201287378],[-122.41262727329175,37.747708309170115],[-122.412523106625,37.74780090176277],[-122.4124768103287,37.74793979065177],[-122.41239579181013,37.748067105466674],[-122.41228005106927,37.7481828462075],[-122.41212958810621,37.74828701287424],[-122.41194440292088,37.74837960546691],[-122.41214116218028,37.7484490499114],[-122.41271986588441,37.748495346207726],[-122.41368051403326,37.74851849435589],[-122.41502310662683,37.74851849435589],[-122.41607634736835,37.748483772133646],[-122.41684023625778,37.74841432768915],[-122.41731477329517,37.7483101610224],[-122.4174999584805,37.74817127213342],[-122.41762727329541,37.74800923509627],[-122.41769671773991,37.747824049910946],[-122.417708291814,37.747615716577464],[-122.41766199551765,37.74738423509581],[-122.4176851436658,37.74721062398457],[-122.4177777362585,37.74709488324375],[-122.41793977329564,37.747037012873335],[-122.41817125477729,37.747037012873335],[-122.41847218070342,37.74695599435476],[-122.41884255107405,37.7467939573176],[-122.41928236588919,37.746550901761864],[-122.41979162514886,37.746226827687565],[-122.42016199551949,37.74589117953917],[-122.42039347700114,37.7455439573167],[-122.4204860695938,37.74518516102014],[-122.42043977329746,37.74481479064949],[-122.4203471807048,37.74453701287152],[-122.42020829181581,37.744351827686195],[-122.42002310663048,37.74425923509354],[-122.41979162514883,37.74425923509354],[-122.41961801403761,37.74422451287129],[-122.41950227329676,37.74415506842679],[-122.41944440292636,37.744050901760055],[-122.41944440292636,37.74391201287106],[-122.4194791251486,37.74379627213023],[-122.4195485695931,37.743703679537575],[-122.41965273625985,37.74363423509308],[-122.41979162514883,37.74358793879675],[-122.41990736588966,37.74351849435226],[-122.41999995848232,37.74342590175959],[-122.42006940292683,37.74331016101877],[-122.42011569922315,37.743171272129786],[-122.42020829181581,37.74305553138896],[-122.42034718070481,37.742962938796296],[-122.42053236589012,37.742893494351804],[-122.42076384737177,37.74284719805547],[-122.42091431033484,37.74277775361098],[-122.42098375477934,37.74268516101832],[-122.42097218070526,37.7425694202775],[-122.4208795881126,37.7424305313885],[-122.42076384737177,37.742303216573596],[-122.42062495848279,37.74218747583277],[-122.42046292144563,37.74208330916603],[-122.42027773626029,37.74199071657337],[-122.4202082918158,37.741898123980704],[-122.42025458811214,37.74180553138805],[-122.4204166251493,37.74171293879539],[-122.42069440292727,37.74162034620272],[-122.42090273626076,37.741516179535985],[-122.42104162514975,37.74140043879516],[-122.42111106959425,37.74127312398025],[-122.42111106959425,37.741134235091266],[-122.42115736589058,37.74103006842452],[-122.42124995848323,37.74096062398002],[-122.42138884737221,37.74092590175778],[-122.42157403255754,37.74092590175778],[-122.4217244955206,37.74096062398002],[-122.42184023626146,37.74103006842452],[-122.42192125478003,37.741134235091266],[-122.42196755107636,37.74127312398025],[-122.42211801403943,37.74133099435066],[-122.42237264366925,37.7413078462025],[-122.4227314399658,37.74120367953576],[-122.42319440292911,37.74101849435044],[-122.42354162515159,37.74083330916512],[-122.42377310663322,37.7406481239798],[-122.42388884737406,37.74046293879448],[-122.42388884737406,37.74027775360916],[-122.42386569922589,37.740127290646086],[-122.42381940292955,37.74001154990526],[-122.42374995848506,37.73993053138668],[-122.4236573658924,37.73988423509036],[-122.4235879214479,37.73980321657178],[-122.42354162515157,37.739687475830955],[-122.42351847700341,37.73953701286788],[-122.42351847700341,37.73935182768256],[-122.42347218070708,37.739189790645405],[-122.42337958811443,37.739050901756414],[-122.42324069922543,37.73893516101559],[-122.42305551404012,37.73884256842293],[-122.4228008844103,37.73878469805252],[-122.42247681033601,37.73876154990435],[-122.42208329181719,37.73877312397844],[-122.42162032885389,37.73881942027477],[-122.42127310663142,37.73890043879335],[-122.42104162514977,37.739016179534175],[-122.42092588440893,37.739166642497246],[-122.42092588440893,37.73935182768256],[-122.42084486589036,37.73949071657155],[-122.4206828288532,37.73958330916421],[-122.42043977329747,37.73962960546054],[-122.42011569922316,37.73962960546054],[-122.41987264366742,37.73965275360871],[-122.41971060663028,37.739699049905035],[-122.41962958811169,37.73976849434953],[-122.41962958811169,37.7398610869422],[-122.4196990325562,37.739965253608936],[-122.41983792144518,37.74008099434976],[-122.42004625477865,37.74020830916467],[-122.42032403255664,37.740347198053655],[-122.42043977329746,37.74046293879448],[-122.42039347700113,37.74055553138713],[-122.42018514366764,37.74062497583163],[-122.419814773297,37.74067127212796],[-122.41952542144494,37.74074071657246],[-122.41931708811146,37.74083330916512],[-122.41918977329655,37.74094904990594],[-122.41914347700023,37.74108793879494],[-122.41898143996308,37.741203679535765],[-122.41870366218508,37.74129627212842],[-122.41831014366628,37.741365716572915],[-122.41780088440665,37.74141201286925],[-122.4173031992211,37.74153932768415],[-122.41681708810962,37.74174766101764],[-122.41634255107225,37.7420370128697],[-122.41587958810894,37.742407383240334],[-122.41543977329381,37.742685161018315],[-122.41502310662685,37.74287034620364],[-122.41462958810803,37.742962938796296],[-122.41425921773738,37.742962938796296],[-122.41395829181124,37.74293979064813],[-122.41372681032959,37.742893494351804],[-122.41356477329244,37.74282404990731],[-122.41347218069978,37.74273145731465],[-122.41329856958853,37.742673586944235],[-122.41304393995874,37.74265043879606],[-122.41270829181033,37.74266201287015],[-122.41229162514335,37.74270830916648],[-122.41187495847639,37.74274303138873],[-122.41145829180942,37.7427661795369],[-122.41104162514245,37.74277775361098],[-122.41062495847548,37.74277775361098],[-122.41025458810483,37.7427661795369],[-122.40993051403052,37.74274303138873],[-122.40965273625255,37.74270830916648],[-122.4094212547709,37.74266201287015],[-122.40923606958559,37.74267358694423],[-122.40909718069659,37.74274303138873],[-122.40900458810393,37.74287034620364],[-122.4089582918076,37.743055531388954],[-122.40884255106677,37.74324071657428],[-122.40865736588147,37.7434259017596],[-122.40840273625165,37.74361108694492],[-122.40807866217732,37.74379627213023],[-122.40781245847342,37.744016179537795],[-122.40760412513994,37.74427080916762],[-122.40745366217686,37.74456016101968],[-122.4073610695842,37.74488423509399],[-122.40724532884337,37.74512729064973],[-122.40710643995439,37.745289327686876],[-122.40694440291725,37.745370346205455],[-122.40675921773192,37.745370346205455],[-122.40659718069476,37.74539349435362],[-122.40645829180576,37.74543979064995],[-122.40634255106494,37.745509235094445],[-122.40624995847229,37.7456018276871],[-122.4061805140278,37.745752290650174],[-122.40613421773145,37.74596062398366],[-122.40611106958329,37.746226827687565],[-122.40611106958329,37.746550901761864],[-122.40614579180553,37.74677080916943],[-122.40621523625003,37.746886549910265],[-122.40631940291678,37.74689812398435],[-122.40645829180576,37.746805531391686],[-122.40662032884293,37.74673608694719],[-122.40680551402825,37.74668979065086],[-122.40701384736172,37.746666642502696],[-122.40724532884337,37.746666642502696],[-122.40746523625094,37.74662034620636],[-122.40767356958443,37.746527753613705],[-122.40787032884383,37.746388864724715],[-122.40805551402917,37.7462036795394],[-122.40824069921449,37.746087938798574],[-122.40842588439979,37.74604164250224],[-122.4086110695851,37.74606479065041],[-122.40879625477045,37.746157383243066],[-122.40896986588169,37.7462036795394],[-122.40913190291883,37.7462036795394],[-122.40928236588191,37.746157383243066],[-122.40942125477089,37.74606479065041],[-122.40956014365987,37.74604164250224],[-122.40969903254887,37.746087938798574],[-122.40983792143787,37.7462036795394],[-122.40997681032685,37.746388864724715],[-122.41004625477136,37.74656247583595],[-122.41004625477136,37.74672451287311],[-122.40997681032685,37.74687497583618],[-122.40983792143787,37.74701386472517],[-122.40965273625254,37.747118031391906],[-122.40942125477089,37.747187475836405],[-122.40914347699291,37.74722219805865],[-122.4088194029186,37.74722219805865],[-122.40856477328879,37.74724534620682],[-122.40837958810346,37.74729164250314],[-122.40826384736263,37.74736108694764],[-122.40821755106631,37.7474536795403],[-122.40812495847365,37.7475231239848],[-122.40798606958467,37.747569420281124],[-122.40780088439935,37.74759256842929],[-122.40756940291769,37.74759256842929],[-122.40738421773237,37.747627290651536],[-122.40724532884337,37.747696735096035],[-122.40715273625071,37.74780090176277],[-122.4071064399544,37.74793979065177],[-122.40702542143583,37.74803238324443],[-122.40690968069498,37.748078679540754],[-122.40675921773192,37.74807867954076],[-122.40657403254659,37.74803238324443],[-122.40640042143534,37.74796293879994],[-122.4062383843982,37.74787034620728],[-122.40608792143512,37.747754605466454],[-122.40594903254615,37.74761571657746],[-122.40581014365716,37.74758099435521],[-122.40567125476817,37.74765043879971],[-122.40553236587917,37.747824049910946],[-122.40539347699018,37.74810182768892],[-122.40519671773077,37.74828701287424],[-122.40494208810097,37.74837960546691],[-122.40462958810073,37.74837960546691],[-122.40425921773009,37.74828701287424],[-122.4039814399521,37.74829858694832],[-122.40379625476679,37.74841432768915],[-122.40370366217412,37.748634235096716],[-122.40370366217412,37.74895830917103],[-122.40373838439638,37.74922451287493],[-122.40380782884087,37.74943284620841],[-122.40391199550761,37.749583309171484],[-122.4040508843966,37.74967590176414],[-122.40415505106334,37.749722198060475],[-122.40422449550783,37.749722198060475],[-122.40425921773009,37.74967590176414]],[[-122.41124995847592,37.74432867953803],[-122.41097218069797,37.74400460546373],[-122.41081014366081,37.74374997583391],[-122.41076384736446,37.74356479064859],[-122.41083329180896,37.74344904990776],[-122.4110184769943,37.743402753611434],[-122.41120366217962,37.74337960546327],[-122.41138884736492,37.74337960546327],[-122.41157403255025,37.743402753611434],[-122.41175921773556,37.74344904990776],[-122.41189810662456,37.74354164250042],[-122.41199069921723,37.743680531389415],[-122.41203699551355,37.74386571657473],[-122.41203699551355,37.74409719805638],[-122.41201384736539,37.74429395731578],[-122.41196755106907,37.74445599435294],[-122.41189810662456,37.74458330916785],[-122.41180551403188,37.7446759017605],[-122.41166662514289,37.74466432768642],[-122.41148143995757,37.7445485869456],[-122.41124995847592,37.74432867953803]],[[-122.41685181033188,37.744282383241696],[-122.41685181033188,37.74405090176005],[-122.41687495848004,37.743842568426565],[-122.41692125477638,37.74365738324124],[-122.41699069922088,37.74349534620409],[-122.41708329181353,37.7433564573151],[-122.41721060662844,37.743263864722444],[-122.41737264366559,37.74321756842611],[-122.417569402925,37.74321756842611],[-122.41780088440665,37.743263864722444],[-122.41790505107338,37.74334488324102],[-122.41788190292523,37.743460623981846],[-122.41773143996215,37.74361108694492],[-122.41745366218416,37.74379627213023],[-122.41723375477659,37.74396988324147],[-122.41707171773945,37.744131920278626],[-122.4169675510727,37.744282383241696],[-122.41692125477638,37.744421272130694],[-122.41688653255413,37.74446756842702],[-122.41686338440596,37.74442127213069],[-122.41685181033188,37.744282383241696]]],[[[-122.48884255112519,37.7489120128747],[-122.48893514371787,37.74868053139305],[-122.48895829186604,37.748492627781765],[-122.4889119955697,37.748348302040846],[-122.48879625482887,37.74824755417029],[-122.48861106964355,37.74819038417009],[-122.48849532890273,37.748219669540404],[-122.4884490326064,37.74833541028123],[-122.48847218075456,37.74853760639256],[-122.48856477334722,37.74882625787441],[-122.48865736593987,37.74898487611538],[-122.48874995853252,37.749013461115474],[-122.48884255112519,37.7489120128747]]],[[[-122.48773144001326,37.748832387835094],[-122.48782403260593,37.74854782299371],[-122.4878471807541,37.7483364426829],[-122.48780088445777,37.74819824690266],[-122.48768514371694,37.748133235653],[-122.48749995853163,37.74814140893392],[-122.4873842177908,37.748216636784726],[-122.48733792149447,37.748358919205415],[-122.48736106964263,37.748568256196],[-122.4874536622353,37.748844647756464],[-122.48754625482795,37.74898080021647],[-122.4876388474206,37.74897671357601],[-122.48773144001326,37.748832387835094]]],[[[-122.46812495851748,37.74849534620773],[-122.46835643999913,37.748356457318735],[-122.46856477333262,37.748252290652],[-122.46874995851792,37.7481828462075],[-122.46891199555509,37.74814812398525],[-122.46905088444407,37.74814812398525],[-122.46921292148123,37.74811340176301],[-122.46939810666655,37.74804395731851],[-122.46960644000004,37.74793979065177],[-122.4698379214817,37.74780090176277],[-122.47002310666701,37.74763886472562],[-122.47016199555601,37.7474536795403],[-122.47025458814868,37.74724534620682],[-122.47030088444498,37.74701386472517],[-122.47026616222274,37.746817105465766],[-122.47015042148192,37.746655068428616],[-122.46995366222251,37.746527753613705],[-122.46967588444454,37.74643516102105],[-122.46939810666656,37.74636571657655],[-122.46912032888856,37.74631942028022],[-122.46884255111058,37.74629627213206],[-122.46856477333262,37.74629627213206],[-122.46833329185097,37.74636571657655],[-122.46814810666564,37.746504605465546],[-122.46800921777665,37.74671293879903],[-122.46791662518399,37.74699071657701],[-122.46778931036907,37.747245346206824],[-122.46762727333193,37.74747682768847],[-122.46743051407253,37.747685161021955],[-122.46719903259088,37.74787034620727],[-122.46692125481292,37.74802080917034],[-122.46659718073857,37.748136549911166],[-122.46622681036794,37.748217568429745],[-122.46581014370096,37.74826386472608],[-122.46548606962665,37.74832173509649],[-122.465254588145,37.74839117954099],[-122.465115699256,37.74847219805957],[-122.4650694029597,37.748564790652225],[-122.46520829184868,37.74863423509672],[-122.46553236592298,37.74868053139305],[-122.46604162518261,37.748703679541215],[-122.46673606962757,37.748703679541215],[-122.46731477333171,37.74866895731897],[-122.467777736295,37.74859951287447],[-122.46812495851748,37.74849534620773]]],[[[-122.39131940290582,37.748124975837094],[-122.39108792142417,37.747986086948096],[-122.39071755105354,37.74788192028136],[-122.3902082917939,37.74781247583686],[-122.38956014364527,37.74777775361461],[-122.38877310660767,37.74777775361461],[-122.3880902362368,37.74780090176278],[-122.38751153253267,37.747847198059105],[-122.38703699549528,37.747916642503604],[-122.38666662512465,37.74800923509626],[-122.38619208808726,37.74808650124832],[-122.38561338438313,37.74814844095978],[-122.38493051401227,37.74819505423064],[-122.38414347697466,37.74822634106091],[-122.38354162512238,37.748265132624205],[-122.3831249584554,37.74831142892054],[-122.38289347697375,37.7483652299499],[-122.3828471806774,37.7484265357123],[-122.38336801401113,37.748472515034095],[-122.38445597697486,37.74850316791529],[-122.38611106956867,37.74851849435589],[-122.38833329179252,37.74851849435589],[-122.38999995846041,37.74850692028181],[-122.39111106957233,37.74848377213364],[-122.3916666251283,37.7484490499114],[-122.3916666251283,37.74840275361507],[-122.39160875475787,37.748333309170576],[-122.39149301401707,37.74824071657792],[-122.39131940290582,37.748124975837094]]],[[[-122.48365736593624,37.74807867954076],[-122.48337958815826,37.74803238324443],[-122.48317125482477,37.74802080917035],[-122.48303236593577,37.748043957318515],[-122.48296292149128,37.74810182768893],[-122.48296292149128,37.748194420281585],[-122.48303236593577,37.748252290652],[-122.48317125482477,37.748275438800164],[-122.48337958815826,37.74826386472608],[-122.48365736593624,37.748217568429745],[-122.48379625482522,37.74817127213341],[-122.48379625482522,37.74812497583709],[-122.48365736593624,37.74807867954076]]],[[[-122.44201384738729,37.747407383243974],[-122.44224532886895,37.747407383243974],[-122.44241893998019,37.74734951287356],[-122.44253468072101,37.74723377213274],[-122.44259255109142,37.7470601610215],[-122.44259255109142,37.746828679539846],[-122.44261569923958,37.74663192028044],[-122.44266199553591,37.74646988324329],[-122.4427314399804,37.74634256842839],[-122.44282403257307,37.746249975835724],[-122.44289347701758,37.7461342350949],[-122.4429397733139,37.7459953462059],[-122.44296292146205,37.74583330916875],[-122.44296292146205,37.745648123983436],[-122.44290505109166,37.74553238324261],[-122.4427893103508,37.74548608694628],[-122.44261569923958,37.745509235094445],[-122.44238421775793,37.7456018276871],[-122.4421411622022,37.74568284620568],[-122.4418865325724,37.74575229065018],[-122.44162032886848,37.74581016102059],[-122.44134255109051,37.745856457316926],[-122.44113421775702,37.745937475835504],[-122.44099532886801,37.74605321657633],[-122.44092588442354,37.7462036795394],[-122.44092588442354,37.746388864724715],[-122.44097218071985,37.74657404991003],[-122.44106477331252,37.746759235095354],[-122.44120366220152,37.74694442028068],[-122.44138884738683,37.74712960546599],[-122.44158560664624,37.747268494354984],[-122.44179393997972,37.74736108694765],[-122.44201384738729,37.747407383243974]]],[[[-122.38761569919942,37.746967568428836],[-122.38775458808841,37.74692127213251],[-122.38806708808865,37.74688654991026],[-122.38855319920009,37.7468634017621],[-122.3892129214228,37.74685182768801],[-122.39004625475675,37.74685182768801],[-122.39065968068313,37.746817105465766],[-122.39105319920192,37.74674766102127],[-122.39122681031316,37.74664349435453],[-122.39118051401684,37.74650460546554],[-122.39108792142417,37.7463309943543],[-122.39094903253518,37.74612266102082],[-122.39076384734986,37.745879605465085],[-122.39053236586821,37.7456018276871],[-122.39025458809023,37.74531247583504],[-122.38993051401592,37.745011549908895],[-122.38956014364527,37.74469904990867],[-122.3891434769783,37.74437497583437],[-122.38880782882991,37.74413192027863],[-122.38855319920009,37.743969883241476],[-122.38837958808885,37.7438888647229],[-122.38828699549619,37.7438888647229],[-122.38817125475536,37.743830994352486],[-122.38803236586638,37.74371525361166],[-122.38787032882922,37.743541642500425],[-122.3876851436439,37.74331016101877],[-122.38770829179208,37.74313654990753],[-122.38793977327373,37.74302080916671],[-122.38837958808885,37.742962938796296],[-122.38902773623747,37.742962938796296],[-122.38953699549711,37.74295136472222],[-122.38990736586776,37.74292821657404],[-122.3901388473494,37.742893494351804],[-122.39023143994206,37.74284719805547],[-122.3904744954978,37.74281247583323],[-122.39086801401659,37.74278932768506],[-122.39141199549847,37.74277775361098],[-122.39210643994345,37.74277775361098],[-122.39265042142533,37.74268516101832],[-122.39304393994412,37.742499975833],[-122.39328699549985,37.742222198055025],[-122.39337958809251,37.74185182768438],[-122.39340273624067,37.74153932768415],[-122.39335643994434,37.74128469805434],[-122.39324069920352,37.74108793879494],[-122.3930555140182,37.74094904990594],[-122.3928587547588,37.74082173509104],[-122.39265042142532,37.740705994350215],[-122.39243051401775,37.74060182768347],[-122.3921990325361,37.74050923509081],[-122.39196755105444,37.74037034620182],[-122.3917360695728,37.740185161016505],[-122.39150458809114,37.73995367953486],[-122.39127310660949,37.739675901756875],[-122.39105319920193,37.73943284620114],[-122.39084486586843,37.73922451286766],[-122.39064810660904,37.73905090175642],[-122.3904629214237,37.738912012867424],[-122.39026616216431,37.73878469805252],[-122.39005782883083,37.738668957311695],[-122.38983792142326,37.73856479064495],[-122.3896064399416,37.73847219805229],[-122.3893402362377,37.738298586941056],[-122.38903931031156,37.738043957311234],[-122.38870366216317,37.73770830916285],[-122.38833329179253,37.737291642495876],[-122.38800921771823,37.73696756842157],[-122.38773143994024,37.73673608693991],[-122.38749995845859,37.73659719805093],[-122.38731477327326,37.7365509017546],[-122.38717588438426,37.736469883236026],[-122.38708329179161,37.7363541424952],[-122.38703699549528,37.736203679532125],[-122.38703699549528,37.73601849434681],[-122.38707171771752,37.73585645730965],[-122.38714116216202,37.73571756842066],[-122.38724532882877,37.73560182767984],[-122.38738421771775,37.73550923508718],[-122.38754625475491,37.735462938790846],[-122.38773143994025,37.735462938790846],[-122.38793977327373,37.73550923508718],[-122.38817125475538,37.73560182767984],[-122.3883448658666,37.73563654990208],[-122.38846060660742,37.73561340175392],[-122.38851847697785,37.735532383235345],[-122.38851847697785,37.73539349434635],[-122.38846060660742,37.7352314573092],[-122.3883448658666,37.735046272123874],[-122.38817125475538,37.73483793879039],[-122.38793977327373,37.73460645730874],[-122.38770829179208,37.73443284619751],[-122.38747681031043,37.73431710545668],[-122.38724532882877,37.73425923508627],[-122.38701384734712,37.73425923508627],[-122.38680551401364,37.734236086938104],[-122.38662032882831,37.73418979064177],[-122.38645829179116,37.73412034619727],[-122.38631940290217,37.73402775360462],[-122.38614579179094,37.733946735086036],[-122.38593745845743,37.733877290641544],[-122.3856944029017,37.73381942027113],[-122.38541662512372,37.7337731239748],[-122.38518514364208,37.73377312397481],[-122.38499995845676,37.73381942027113],[-122.38486106956776,37.73391201286379],[-122.38476847697511,37.73405090175279],[-122.38462958808613,37.734155068419525],[-122.38444440290078,37.734224512864024],[-122.38421292141913,37.73425923508627],[-122.38393514364118,37.73425923508627],[-122.38373838438179,37.73420136471586],[-122.38362264364093,37.734085623975034],[-122.3835879214187,37.7339120128638],[-122.38363421771501,37.73368053138215],[-122.38369208808544,37.73347219804866],[-122.38376153252995,37.73328701286334],[-122.38384255104852,37.733124975826186],[-122.38393514364117,37.73298608693719],[-122.38396986586342,37.732858772122285],[-122.38394671771525,37.73274303138146],[-122.38386569919668,37.732638864714716],[-122.38372681030769,37.73254627212205],[-122.38356477327054,37.73247682767756],[-122.38337958808522,37.73243053138123],[-122.38317125475173,37.73240738323307],[-122.38293977327007,37.73240738323307],[-122.38274301401066,37.73237266101082],[-122.38258097697351,37.73230321656632],[-122.38245366215861,37.73219904989958],[-122.38236106956595,37.732060161010594],[-122.38223375475103,37.73193284619569],[-122.38207171771388,37.731817105454866],[-122.38187495845447,37.73171293878812],[-122.38164347697283,37.731620346195456],[-122.38146986586159,37.73151617952872],[-122.38135412512077,37.731400438787894],[-122.38129625475035,37.73127312397298],[-122.38129625475035,37.731134235084],[-122.38119208808362,37.73100692026909],[-122.38098375475012,37.730891179528264],[-122.3806712547499,37.730787012861526],[-122.38025458808292,37.73069442026886],[-122.37991893993451,37.73056710545395],[-122.37966431030472,37.73040506841679],[-122.37949069919348,37.73020830915739],[-122.37939810660082,37.72997682767574],[-122.37922449548958,37.729791642490426],[-122.37896986585979,37.72965275360143],[-122.37863421771138,37.72956016100878],[-122.3782175510444,37.729513864712445],[-122.37778931030334,37.72944442026795],[-122.3773494954882,37.72935182767529],[-122.376898106599,37.72923608693446],[-122.37643514363569,37.72909719804548],[-122.37601847696874,37.728981457304656],[-122.37564810659809,37.72888886471199],[-122.37532403252376,37.7288194202675],[-122.3750462547458,37.728773123971166],[-122.37480319919005,37.72871525360076],[-122.37459486585655,37.72864580915626],[-122.37442125474533,37.728564790637684],[-122.37428236585633,37.728472198045026],[-122.3741666251155,37.72836803137828],[-122.37407403252286,37.72825229063746],[-122.37400458807835,37.72812497582255],[-122.37395829178205,37.727986086933555],[-122.3738541251153,37.72787034619273],[-122.37369208807814,37.72777775360008],[-122.37347218067057,37.72770830915558],[-122.3731944028926,37.72766201285925],[-122.3729860695591,37.72771988322966],[-122.3728471806701,37.72788192026682],[-122.37277773622561,37.72814812397071],[-122.37277773622561,37.72851849434136],[-122.3728471806701,37.7288194202675],[-122.3729860695591,37.72905090174915],[-122.3731944028926,37.729212938786304],[-122.37347218067057,37.72930553137897],[-122.37370366215222,37.72939812397163],[-122.37388884733754,37.72949071656428],[-122.37402773622652,37.729583309156936],[-122.37412032881919,37.7296759017496],[-122.37423606956,37.7297453461941],[-122.374374958449,37.729791642490426],[-122.37453699548615,37.72981479063859],[-122.37472218067148,37.72981479063859],[-122.37488421770863,37.72983793878676],[-122.37502310659761,37.729884235083084],[-122.37513884733843,37.72995367952758],[-122.3752314399311,37.73004627212024],[-122.37539347696827,37.73012729063882],[-122.37562495844992,37.73019673508332],[-122.37592588437607,37.73025460545372],[-122.3762962547467,37.730300901750056],[-122.37665505104326,37.73028932767597],[-122.37700227326573,37.73021988323148],[-122.37733792141412,37.730092568416566],[-122.37766199548845,37.72990738323125],[-122.37792819919235,37.729826364712665],[-122.37813653252583,37.72984951286084],[-122.37828699548889,37.72997682767574],[-122.37837958808156,37.73020830915739],[-122.37844903252605,37.73045136471312],[-122.37849532882237,37.73070599434294],[-122.37851847697054,37.730972198046835],[-122.37851847697054,37.73124997582482],[-122.37858792141503,37.731469883232386],[-122.37872681030403,37.73163192026954],[-122.3789351436375,37.73173608693629],[-122.3792129214155,37.73178238323262],[-122.37945597697123,37.73184025360303],[-122.37966431030472,37.731909698047524],[-122.37983792141596,37.7319907165661],[-122.37997681030494,37.73208330915876],[-122.3801388473421,37.73212960545509],[-122.38032403252743,37.73212960545509],[-122.38053236586092,37.73208330915876],[-122.38076384734256,37.7319907165661],[-122.38093745845379,37.731967568417936],[-122.38105319919464,37.73201386471427],[-122.38111106956504,37.73212960545509],[-122.38111106956504,37.73231479064041],[-122.38121523623178,37.732499975825725],[-122.38142356956527,37.73268516101105],[-122.3817360695655,37.73287034619637],[-122.38215273623246,37.73305553138169],[-122.38246523623269,37.73322914249293],[-122.38267356956617,37.73339117953008],[-122.38277773623291,37.73354164249315],[-122.38277773623291,37.733680531382134],[-122.38281245845515,37.733819420271125],[-122.38288190289965,37.73395830916012],[-122.3829860695664,37.73409719804911],[-122.38312495845538,37.7342360869381],[-122.38324069919622,37.734386549901174],[-122.38333329178889,37.734548586938324],[-122.38340273623338,37.73472219804957],[-122.38344903252971,37.734907383234884],[-122.38355319919646,37.73508099434613],[-122.38371523623361,37.73524303138328],[-122.38393514364118,37.73539349434635],[-122.38421292141913,37.735532383235345],[-122.38445597697486,37.735682846198415],[-122.38466431030837,37.735844883235565],[-122.3848379214196,37.73601849434681],[-122.38497681030859,37.736203679532125],[-122.38520829179025,37.73644673508786],[-122.38553236586456,37.73674766101401],[-122.38594903253153,37.73710645731056],[-122.38645829179116,37.73752312397753],[-122.3868981066063,37.73785877212592],[-122.38726847697694,37.73811340175574],[-122.38756940290308,37.73828701286698],[-122.38780088438473,37.73837960545964],[-122.3880092177182,37.738506920274546],[-122.38819440290354,37.738668957311695],[-122.3883564399407,37.7388657165711],[-122.38849532882968,37.73909719805275],[-122.38857634734826,37.73929395731215],[-122.38859949549644,37.7394559943493],[-122.38856477327418,37.7395833091642],[-122.38847218068152,37.73967590175687],[-122.3883448658666,37.7397221980532],[-122.38818282882944,37.7397221980532],[-122.38798606957005,37.73967590175687],[-122.3877545880884,37.7395833091642],[-122.38753468068084,37.73951386471971],[-122.38732634734735,37.739467568423386],[-122.38712958808794,37.73944442027522],[-122.38694440290263,37.73944442027522],[-122.38680551401363,37.73939812397889],[-122.38671292142098,37.739305531386236],[-122.38666662512465,37.73916664249724],[-122.38666662512465,37.73898145731192],[-122.38663190290241,37.738819420274766],[-122.3865624584579,37.738680531385775],[-122.38645829179116,37.73856479064495],[-122.38631940290217,37.73847219805229],[-122.38621523623543,37.73835645731147],[-122.38614579179092,37.73821756842248],[-122.38611106956868,37.73805553138532],[-122.38611106956868,37.737870346200005],[-122.38607634734643,37.73771988323693],[-122.38600690290194,37.7376041424961],[-122.3859027362352,37.737523123977525],[-122.38576384734621,37.7374768276812],[-122.38564810660539,37.737499975829365],[-122.38555551401272,37.737592568422016],[-122.38548606956823,37.73775460545917],[-122.38543977327188,37.73798608694083],[-122.3853587547533,37.73817127212615],[-122.3852430140125,37.738310161015136],[-122.38509255104942,37.7384027536078],[-122.38490736586411,37.738449049904126],[-122.38468745845654,37.73847219805229],[-122.38443282882672,37.73847219805229],[-122.38414347697466,37.738449049904126],[-122.38381940290034,37.7384027536078],[-122.38359949549277,37.7383333091633],[-122.38348375475195,37.738240716570644],[-122.38347218067787,37.73812497582982],[-122.38356477327052,37.73798608694083],[-122.38358792141868,37.737870346200005],[-122.38354162512238,37.73777775360735],[-122.38342588438155,37.73770830916285],[-122.38324069919621,37.737662012866515],[-122.38309023623313,37.73755784619977],[-122.38297449549233,37.73739580916262],[-122.38289347697375,37.73717590175505],[-122.3828471806774,37.73689812397708],[-122.38276616215883,37.73664349434726],[-122.382650421418,37.736412012865614],[-122.38249995845493,37.736203679532125],[-122.38231477326961,37.73601849434681],[-122.38211801401022,37.735983772124555],[-122.38190968067673,37.73609951286538],[-122.38168977326916,37.73636571656928],[-122.38145829178751,37.736782383236246],[-122.38121523623178,37.737083309162394],[-122.38096060660197,37.73726849434771],[-122.38069440289806,37.73733793879221],[-122.38041662512009,37.737291642495876],[-122.38016199549025,37.737210623977305],[-122.3799305140086,37.73709488323648],[-122.37972218067513,37.7369444202734],[-122.37953699548981,37.73675923508809],[-122.37935181030448,37.73662034619909],[-122.37916662511917,37.73652775360644],[-122.37898143993385,37.736481457310106],[-122.37879625474852,37.736481457310106],[-122.37858792141503,37.73644673508786],[-122.37835643993338,37.73637729064336],[-122.37810181030356,37.736273123976616],[-122.37782403252558,37.73613423508763],[-122.37762727326619,37.73607636471722],[-122.37751153252536,37.73609951286538],[-122.37747681030311,37.736203679532125],[-122.37752310659945,37.73638886471744],[-122.37747681030312,37.736574049902764],[-122.37733792141412,37.73675923508808],[-122.37710643993248,37.7369444202734],[-122.37678236585818,37.73712960545872],[-122.37652773622837,37.737233772125464],[-122.37634255104302,37.73725692027362],[-122.3762268103022,37.73719904990321],[-122.37618051400588,37.73706016101423],[-122.3760994954873,37.73695599434749],[-122.37598375474647,37.73688654990299],[-122.37583329178341,37.736851827680745],[-122.37564810659806,37.736851827680745],[-122.37548250715781,37.736894936888206],[-122.37533649346264,37.73698115530312],[-122.37521006551253,37.737110482925495],[-122.37510322330749,37.73728291975533],[-122.37498842602872,37.7374293002527],[-122.3748656736762,37.73754962441762],[-122.37473496624992,37.73764389225007],[-122.37459630374994,37.73771210375006],[-122.37441760643742,37.73771671487506],[-122.37419887431241,37.737657725625056],[-122.37394010737492,37.73753513600006],[-122.37364130562489,37.73734894600007],[-122.37329605499988,37.737209376625074],[-122.37290435549991,37.737116427875065],[-122.37246620712492,37.73707009975006],[-122.3719816098749,37.737070392250054],[-122.37159761008569,37.73709164613984],[-122.37131420775725,37.737133861419416],[-122.3711314028896,37.73719703808879],[-122.37104919548273,37.73728117614795],[-122.37091809548308,37.737367427840496],[-122.37073810289064,37.737455793166404],[-122.37050921770543,37.7375462721257],[-122.37023143992747,37.73763886471835],[-122.37002310659398,37.737731457311014],[-122.36988421770498,37.73782404990368],[-122.36981477326049,37.73791664249634],[-122.36981477326049,37.738009235088995],[-122.36997681029764,37.738078679533494],[-122.37030088437196,37.73812497582982],[-122.37078699548343,37.738148123977986],[-122.37143514363204,37.738148123977986],[-122.37196755103983,37.738159698052065],[-122.37238421770681,37.73818284620023],[-122.37268514363295,37.73821756842248],[-122.37287032881827,37.73826386471881],[-122.37306237660749,37.73836903930586],[-122.3732612870006,37.738533092183616],[-122.37346705999762,37.738756023352096],[-122.37367969559855,37.739037832811285],[-122.37367027265819,37.73928290420763],[-122.37343879117654,37.73949123754112],[-122.37298525115361,37.739662832811746],[-122.37230965258938,37.739797690019515],[-122.37177980551805,37.739933555147594],[-122.37139570993962,37.740070428195985],[-122.37115736585406,37.74020830916467],[-122.3710647732614,37.740347198053655],[-122.3708564399279,37.74045136472039],[-122.37053236585362,37.74052080916489],[-122.37009255103848,37.74055553138714],[-122.36953699548249,37.74055553138714],[-122.36906245844511,37.74053875599884],[-122.36866893992632,37.740505205222256],[-122.36835643992609,37.74045487905737],[-122.36812495844444,37.74038777750419],[-122.36826284963183,37.74066358889091],[-122.36877011348824,37.741282313217525],[-122.36964675001369,37.74224395048404],[-122.3708927592082,37.74354850069044],[-122.37192085639833,37.74450293472391],[-122.3727310415841,37.74510725258445],[-122.37332331476551,37.74536145427204],[-122.37369767594258,37.745265539786715],[-122.37402474312171,37.74523229445504],[-122.3743045163029,37.74526171827705],[-122.37453699548615,37.74535381125272],[-122.37472218067148,37.745508573382075],[-122.37484949548639,37.74567182831703],[-122.37491893993086,37.745843576057595],[-122.37493051400494,37.746023816603774],[-122.37488421770864,37.74621254995556],[-122.37489684570869,37.74638793515003],[-122.37496839800508,37.74654997218718],[-122.37509887459788,37.74669866106702],[-122.37528827548704,37.74683400178955],[-122.37546839710261,37.746942681214364],[-122.3756392394446,37.74702469934146],[-122.37580080251297,37.747080056170844],[-122.37595308630773,37.74710875170253],[-122.37618887321632,37.747128522788785],[-122.37650816323871,37.747139369429625],[-122.3769109563749,37.747141291625056],[-122.37739725262492,37.74713428937507],[-122.37785147887492,37.747120676312576],[-122.37827363512491,37.74710045243758],[-122.37866372137492,37.747073617750075],[-122.37902173762492,37.74704017225007],[-122.37929651324993,37.74702868525006],[-122.37948804824993,37.74703915675006],[-122.37959634262492,37.74707158675006],[-122.37962139637492,37.747125975250064],[-122.37980038691722,37.747156107554645],[-122.38013331425185,37.7471619836638],[-122.38062017837879,37.74714360357754],[-122.38126097929806,37.747100967295864],[-122.38183417258017,37.74705741601052],[-122.38233975822511,37.74701294972151],[-122.38277773623291,37.746967568428836],[-122.38314810660356,37.74692127213251],[-122.38347218067787,37.746898123984344],[-122.38374995845584,37.746898123984344],[-122.38398143993749,37.74692127213251],[-122.38416662512283,37.746967568428836],[-122.38446755104897,37.746990716577],[-122.38488421771595,37.746990716577],[-122.38541662512374,37.746967568428836],[-122.38606477327234,37.74692127213251],[-122.38657403253197,37.746898123984344],[-122.38694440290261,37.746898123984344],[-122.38717588438426,37.74692127213251],[-122.38726847697694,37.746967568428836],[-122.38737264364369,37.746990716577],[-122.38748838438451,37.746990716577],[-122.38761569919942,37.746967568428836]],[[-122.38303236586275,37.739398123978894],[-122.3834490325297,37.73949071657155],[-122.38380782882626,37.73958330916422],[-122.38410875475242,37.73967590175687],[-122.38435181030815,37.73976849434953],[-122.38453699549348,37.7398610869422],[-122.38473375475287,37.73993053138669],[-122.38494208808635,37.739976827683016],[-122.38516199549392,37.73999997583118],[-122.38539347697557,37.73999997583118],[-122.38567125475355,37.74003469805343],[-122.38599532882786,37.74010414249793],[-122.3863656991985,37.74020830916467],[-122.38678236586547,37.740347198053655],[-122.38714116216204,37.740497661016725],[-122.38744208808818,37.74065969805388],[-122.3876851436439,37.74083330916512],[-122.38787032882922,37.74101849435044],[-122.38804393994046,37.741145809165346],[-122.38820597697762,37.741215253609845],[-122.3883564399407,37.741226827683924],[-122.38849532882968,37.74118053138759],[-122.38865736586683,37.74118053138759],[-122.38884255105216,37.741226827683924],[-122.38905088438565,37.74131942027658],[-122.3892823658673,37.74145830916558],[-122.38918977327464,37.74156247583232],[-122.38877310660769,37.74163192027682],[-122.3880323658664,37.74166664249906],[-122.38696755105079,37.74166664249906],[-122.38611106956867,37.74159719805456],[-122.38546292142006,37.74145830916558],[-122.38502310660493,37.74124997583209],[-122.38479162512328,37.74097219805411],[-122.38454856956756,37.74074071657246],[-122.38429393993772,37.74055553138714],[-122.38402773623383,37.74041664249815],[-122.38374995845584,37.74032404990549],[-122.38353005104827,37.740219883238744],[-122.38336801401113,37.74010414249792],[-122.38326384734438,37.739976827683016],[-122.38321755104803,37.739837938794025],[-122.38313653252945,37.73971062397912],[-122.38302079178865,37.7395948832383],[-122.38287032882558,37.73949071657155],[-122.38268514364026,37.739398123978894],[-122.382650421418,37.73935182768256],[-122.38276616215884,37.73935182768256],[-122.38303236586275,37.739398123978894]],[[-122.37701384733982,37.7398610869422],[-122.37687495845083,37.73976849434953],[-122.37673563706902,37.739699049905035],[-122.37659588319437,37.73965275360871],[-122.37645569682691,37.73962960546054],[-122.37631507796662,37.73962960546054],[-122.37617532409197,37.73958330916421],[-122.37603643520299,37.73949071657155],[-122.37589841129964,37.73935182768256],[-122.37576125238195,37.739166642497246],[-122.37573940171225,37.739004605460096],[-122.37583285929057,37.7388657165711],[-122.37604162511688,37.738749975830274],[-122.3763656991912,37.73865738323761],[-122.37665505104326,37.73858793879312],[-122.37690968067308,37.73854164249679],[-122.37712958808065,37.738518494348625],[-122.37731477326597,37.738518494348625],[-122.37741893993271,37.73856479064496],[-122.37744208808087,37.73865738323761],[-122.37738421771046,37.738796272126606],[-122.37724532882147,37.73898145731192],[-122.37715273622882,37.739166642497246],[-122.37710643993249,37.73935182768256],[-122.37710643993249,37.739537012867885],[-122.3771527362288,37.7397221980532],[-122.3771527362288,37.73983793879403],[-122.37710643993249,37.73988423509036],[-122.37701384733982,37.7398610869422]]],[[[-122.44499995850059,37.74550923509445],[-122.44499995850059,37.74523145731647],[-122.44497681035241,37.74495367953849],[-122.4449305140561,37.74467590176051],[-122.44486106961159,37.74439812398253],[-122.44476847701894,37.74412034620455],[-122.44465273627812,37.743912012871064],[-122.44451384738912,37.743773123982066],[-122.44435181035198,37.743703679537575],[-122.44416662516663,37.743703679537575],[-122.44401616220355,37.74374997583391],[-122.44390042146276,37.74384256842656],[-122.44381940294417,37.743981457315556],[-122.44377310664785,37.74416664250087],[-122.44370366220335,37.744351827686195],[-122.44361106961068,37.74453701287152],[-122.44349532886986,37.744722198056834],[-122.44335643998087,37.74490738324216],[-122.44329856961045,37.74506942027931],[-122.44332171775862,37.745208309168305],[-122.44342588442537,37.74532404990913],[-122.44361106961068,37.745416642501795],[-122.44378468072192,37.74547451287221],[-122.44394671775908,37.745497661020366],[-122.44409718072215,37.74548608694628],[-122.44423606961114,37.745439790649954],[-122.44437495850013,37.745439790649954],[-122.44451384738913,37.74548608694628],[-122.44465273627812,37.74557867953894],[-122.4447916251671,37.745717568427935],[-122.44489579183384,37.74575229065018],[-122.44496523627834,37.74568284620569],[-122.44499995850059,37.74550923509445]]],[[[-122.48888884742153,37.7452777536128],[-122.48888884742153,37.74509256842748],[-122.4888425511252,37.74496525361257],[-122.48874995853254,37.74489580916808],[-122.48861106964354,37.74488423509399],[-122.48842588445824,37.744930531390324],[-122.48828699556924,37.745011549908895],[-122.48819440297657,37.74512729064972],[-122.48814810668024,37.7452777536128],[-122.48814810668024,37.74546293879811],[-122.48819440297657,37.745590253613024],[-122.48828699556924,37.745659698057516],[-122.48842588445824,37.7456712721316],[-122.48861106964354,37.74562497583527],[-122.48874995853254,37.7455439573167],[-122.4888425511252,37.745428216575874],[-122.48888884742153,37.7452777536128]]],[[[-122.48462958815915,37.744490716575186],[-122.48462958815915,37.74439812398253],[-122.48458329186283,37.74430553138987],[-122.48449069927017,37.744212938797205],[-122.48435181038117,37.74412034620455],[-122.48416662519585,37.74402775361189],[-122.48402773630686,37.74401617953781],[-122.4839351437142,37.7440856239823],[-122.48388884741787,37.74423608694538],[-122.48388884741787,37.74446756842703],[-122.4839351437142,37.74462960546418],[-122.48402773630686,37.744722198056834],[-122.48416662519585,37.744745346205],[-122.48435181038117,37.74469904990867],[-122.48449069927017,37.744641179538256],[-122.48458329186283,37.744571735093764],[-122.48462958815915,37.744490716575186]]],[[[-122.44210643997995,37.743981457315556],[-122.44215273627628,37.74379627213024],[-122.44217588442444,37.74357636472267],[-122.44217588442444,37.74332173509285],[-122.44215273627628,37.74303238324079],[-122.44210643997995,37.74270830916649],[-122.4420138473873,37.74244210546259],[-122.4418749584983,37.7422337721291],[-122.44168977331299,37.74208330916603],[-122.44145829183134,37.74199071657337],[-122.44123838442377,37.74192127212887],[-122.44103005109028,37.741874975832545],[-122.44083329183087,37.74185182768438],[-122.44064810664554,37.74185182768438],[-122.44045134738614,37.74180553138805],[-122.44024301405267,37.74171293879539],[-122.4400231066451,37.7415740499064],[-122.43979162516344,37.74138886472108],[-122.43962958812628,37.741134235091266],[-122.43953699553363,37.74081016101695],[-122.43951384738546,37.74041664249815],[-122.43956014368179,37.73995367953485],[-122.43947912516322,37.73960645731238],[-122.43927079182973,37.73937497583073],[-122.43893514368133,37.739259235089904],[-122.43847218071804,37.739259235089904],[-122.43805551405106,37.73934025360848],[-122.43768514368043,37.73950229064563],[-122.43736106960611,37.73974534620137],[-122.43708329182815,37.740069420275674],[-122.43687495849466,37.74041664249815],[-122.43673606960567,37.74078701286879],[-122.43666662516117,37.74118053138759],[-122.43666662516117,37.74159719805456],[-122.43672449553159,37.741898123980704],[-122.43684023627239,37.74208330916603],[-122.43701384738364,37.742152753610526],[-122.43724532886529,37.74210645731419],[-122.43744208812468,37.742094883240114],[-122.43760412516184,37.74211803138827],[-122.43773143997676,37.742175901758685],[-122.43782403256942,37.74226849435135],[-122.4379744955325,37.74233793879585],[-122.43818282886598,37.742384235092175],[-122.43844903256988,37.74240738324034],[-122.43877310664419,37.74240738324034],[-122.43906245849625,37.74244210546259],[-122.43931708812605,37.742511549907086],[-122.43953699553362,37.74261571657382],[-122.43972218071896,37.74275460546281],[-122.43993051405243,37.74284719805547],[-122.44016199553408,37.7428934943518],[-122.4404166251639,37.742893494351804],[-122.44069440294189,37.74284719805547],[-122.44091431034946,37.742870346203645],[-122.44107634738661,37.742962938796296],[-122.44118051405336,37.74312497583345],[-122.44122681034969,37.7433564573151],[-122.44130782886826,37.743564790648584],[-122.44142356960909,37.74374997583391],[-122.44157403257216,37.74391201287106],[-122.44175921775748,37.744050901760055],[-122.44190968072056,37.74410877213047],[-122.44202542146138,37.7440856239823],[-122.44210643997995,37.743981457315556]]],[[[-122.46050921777116,37.74386571657473],[-122.46097218073447,37.74372682768575],[-122.46133097703103,37.74358793879676],[-122.46158560666085,37.74344904990776],[-122.46173606962392,37.74331016101877],[-122.46178236592024,37.743171272129786],[-122.46177079184616,37.74305553138896],[-122.46170134740167,37.742962938796296],[-122.46157403258675,37.742893494351804],[-122.46138884740144,37.74284719805547],[-122.46120366221612,37.7427661795369],[-122.46101847703079,37.742650438796076],[-122.46083329184547,37.742499975833],[-122.46064810666016,37.74231479064768],[-122.46040505110443,37.742175901758685],[-122.46010412517829,37.742083309166034],[-122.45974532888172,37.7420370128697],[-122.45932866221474,37.7420370128697],[-122.45901616221452,37.742083309166034],[-122.45880782888102,37.742175901758685],[-122.45870366221429,37.74231479064768],[-122.45870366221429,37.742499975833],[-122.4586226436957,37.742650438796076],[-122.45846060665856,37.7427661795369],[-122.45821755110282,37.74284719805547],[-122.45789347702852,37.742893494351804],[-122.45768514369504,37.742962938796296],[-122.45759255110235,37.74305553138896],[-122.45761569925052,37.743171272129786],[-122.45775458813952,37.74331016101877],[-122.45791662517667,37.743414327685514],[-122.45810181036201,37.74348377213001],[-122.45831014369548,37.74351849435226],[-122.45854162517713,37.74351849435226],[-122.45874995851062,37.74356479064859],[-122.45893514369595,37.74365738324124],[-122.45909718073311,37.74379627213024],[-122.4592360696221,37.743981457315556],[-122.45936338443701,37.74410877213047],[-122.45947912517784,37.74417821657496],[-122.45958329184457,37.74418979064904],[-122.45967588443723,37.744143494352706],[-122.45986106962255,37.74407404990821],[-122.46013884740051,37.743981457315556],[-122.46050921777116,37.74386571657473]]],[[[-122.44754625479874,37.74219904990686],[-122.44763884739139,37.74206016101786],[-122.44763884739139,37.741944420277036],[-122.44754625479874,37.741851827684386],[-122.44736106961341,37.74178238323989],[-122.44708329183544,37.741736086943554],[-122.44685181035379,37.741736086943554],[-122.44666662516846,37.74178238323989],[-122.44652773627948,37.741874975832545],[-122.44643514368681,37.742013864721535],[-122.44638884739048,37.74214117953644],[-122.44638884739048,37.74225692027726],[-122.44643514368681,37.74236108694401],[-122.44652773627948,37.742453679536666],[-122.4466434770203,37.74251154990708],[-122.44678236590929,37.742534698055245],[-122.44694440294646,37.742523123981165],[-122.44712958813177,37.74247682768483],[-122.44729162516893,37.74240738324034],[-122.44743051405793,37.74231479064768],[-122.44754625479874,37.74219904990686]]],[[[-122.45606477332348,37.74067127212796],[-122.45615736591613,37.74062497583163],[-122.45633097702736,37.74059025360938],[-122.4565856066572,37.74056710546122],[-122.4569212548056,37.74055553138714],[-122.45733792147254,37.74055553138714],[-122.45767356962094,37.740497661016725],[-122.45792819925074,37.7403819202759],[-122.458101810362,37.740208309164665],[-122.45819440295467,37.739976827683016],[-122.45822912517693,37.73979164249769],[-122.45820597702875,37.73965275360871],[-122.45812495851017,37.739560161016044],[-122.45798606962119,37.73951386471972],[-122.4579050511026,37.73942127212706],[-122.45788190295443,37.73928238323806],[-122.45791662517668,37.73909719805275],[-122.45800921776936,37.7388657165711],[-122.45804393999161,37.73868053138578],[-122.45802079184344,37.738541642496784],[-122.45793977332485,37.738449049904126],[-122.45780088443587,37.7384027536078],[-122.45769671776912,37.7383333091633],[-122.45762727332462,37.738240716570644],[-122.45759255110238,37.73812497582982],[-122.45759255110238,37.73798608694083],[-122.45766199554687,37.73789349434817],[-122.45780088443587,37.737847198051846],[-122.45800921776936,37.73784719805184],[-122.45828699554731,37.73789349434817],[-122.45855319925121,37.73790506842225],[-122.45880782888102,37.73788192027409],[-122.45905088443676,37.73782404990368],[-122.45928236591843,37.737731457311014],[-122.45951384740007,37.73775460545917],[-122.45974532888172,37.73789349434817],[-122.45997681036337,37.73814812397798],[-122.46020829184503,37.738518494348625],[-122.46041662517852,37.7387962721266],[-122.46060181036384,37.73898145731192],[-122.460763847401,37.73907404990458],[-122.46090273628997,37.73907404990458],[-122.46101847703079,37.739108772126826],[-122.46111106962344,37.739178216571325],[-122.46118051406793,37.73928238323806],[-122.46122681036431,37.73942127212706],[-122.46131940295697,37.73950229064563],[-122.46145829184593,37.739525438793805],[-122.46164347703126,37.73949071657155],[-122.46187495851291,37.739398123978894],[-122.46204856962413,37.739247661015824],[-122.46216431036498,37.739039327682335],[-122.46222218073538,37.73877312397843],[-122.46222218073538,37.73844904990413],[-122.46219903258722,37.73810182768165],[-122.4621527362909,37.737731457311014],[-122.4620832918464,37.73733793879221],[-122.46199069925373,37.73692127212524],[-122.46189810666107,37.73658562397685],[-122.46180551406843,37.73633099434703],[-122.46171292147577,37.73615738323579],[-122.4616203288831,37.73606479064313],[-122.46150458814228,37.73603006842088],[-122.46136569925329,37.736053216569054],[-122.46120366221614,37.73613423508763],[-122.46101847703079,37.736273123976616],[-122.46081014369732,37.73637729064336],[-122.46057866221567,37.73644673508786],[-122.46032403258585,37.736481457310106],[-122.46004625480788,37.736481457310106],[-122.45982634740031,37.73645830916194],[-122.45966431036314,37.736412012865614],[-122.4595601436964,37.73634256842112],[-122.45951384740009,37.73624997582846],[-122.45942125480742,37.73616895730988],[-122.45928236591843,37.73609951286538],[-122.45909718073311,37.73604164249497],[-122.45886569925145,37.73599534619864],[-122.45868051406613,37.73599534619864],[-122.45854162517713,37.73604164249497],[-122.45844903258447,37.73613423508763],[-122.45840273628815,37.736273123976616],[-122.45828699554733,37.73637729064336],[-122.45810181036202,37.73644673508786],[-122.4578471807322,37.736481457310106],[-122.45752310665787,37.736481457310106],[-122.45726847702805,37.73643516101377],[-122.45708329184274,37.73634256842112],[-122.45696755110191,37.736203679532125],[-122.4569212548056,37.73601849434681],[-122.4567244955462,37.7358911795319],[-122.45637727332371,37.735821735087406],[-122.45587958813816,37.73581016101332],[-122.45523143998955,37.73585645730965],[-122.45474532887808,37.735844883235565],[-122.45442125480376,37.73577543879107],[-122.4542592177666,37.73564812397616],[-122.4542592177666,37.735462938790846],[-122.45422449554437,37.73532404990185],[-122.45415505109987,37.7352314573092],[-122.45405088443313,37.735185161012865],[-122.45391199554413,37.735185161012865],[-122.45378468072923,37.7352314573092],[-122.4536689399884,37.73532404990185],[-122.45356477332166,37.735462938790846],[-122.453472180729,37.73564812397616],[-122.45341431035858,37.735821735087406],[-122.45339116221044,37.735983772124555],[-122.45340273628452,37.73613423508763],[-122.45344903258082,37.736273123976616],[-122.45358792146982,37.73636571656928],[-122.45381940295147,37.73641201286561],[-122.45414347702578,37.73641201286561],[-122.45456014369276,37.73636571656928],[-122.45489579184115,37.73637729064336],[-122.45515042147096,37.73644673508786],[-122.4553240325822,37.736574049902764],[-122.45541662517486,37.73675923508808],[-122.45547449554527,37.7369444202734],[-122.45549764369343,37.73712960545872],[-122.45548606961935,37.73731479064404],[-122.45543977332304,37.737499975829365],[-122.45531245850812,37.73762729064427],[-122.45510412517463,37.73769673508877],[-122.45481477332257,37.73770830916285],[-122.45444440295192,37.737662012866515],[-122.45416662517394,37.737662012866515],[-122.45398143998862,37.73770830916285],[-122.45388884739596,37.737800901755506],[-122.45388884739596,37.7379397906445],[-122.45383097702555,37.73804395731124],[-122.45371523628472,37.73811340175574],[-122.45354162517349,37.738148123977986],[-122.45331014369184,37.738148123977986],[-122.45312495850652,37.73819442027431],[-122.45298606961752,37.73828701286698],[-122.45289347702487,37.73842590175597],[-122.45284718072854,37.73861108694128],[-122.45276616220997,37.73878469805253],[-122.45265042146914,37.73894673508968],[-122.45249995850607,37.73909719805275],[-122.45231477332075,37.73923608694173],[-122.45215273628358,37.73939812397889],[-122.4520138473946,37.73958330916421],[-122.45189810665377,37.73979164249769],[-122.4518055140611,37.74002312397935],[-122.45184023628335,37.740185161016505],[-122.45200227332052,37.74027775360916],[-122.45229162517258,37.74030090175733],[-122.45270829183954,37.740254605461],[-122.45302079183978,37.740254605461],[-122.45322912517327,37.74030090175732],[-122.45333329184001,37.74039349434998],[-122.45333329184001,37.74053238323898],[-122.4534027362845,37.7406481239798],[-122.4535416251735,37.74074071657246],[-122.45374995850699,37.74081016101695],[-122.45402773628496,37.740856457313285],[-122.45424764369253,37.74082173509103],[-122.45440968072967,37.74070599435021],[-122.45451384739641,37.740509235090805],[-122.45456014369276,37.74023145731283],[-122.45462958813725,37.74003469805343],[-122.4547221807299,37.739918957312604],[-122.45483792147074,37.73988423509036],[-122.45497681035972,37.73993053138668],[-122.45508097702647,37.74002312397934],[-122.45515042147098,37.74016201286834],[-122.45518514369321,37.740347198053655],[-122.45518514369321,37.740578679535304],[-122.45523143998955,37.74074071657246],[-122.4553240325822,37.74083330916511],[-122.4554629214712,37.740856457313285],[-122.45564810665651,37.74081016101695],[-122.45581014369367,37.74076386472063],[-122.45594903258267,37.740717568424294],[-122.45606477332348,37.74067127212796]]],[[[-122.44687495850194,37.740347198053655],[-122.44701384739093,37.74020830916467],[-122.4470948659095,37.740046272127515],[-122.44711801405768,37.73986108694219],[-122.44708329183544,37.73965275360871],[-122.44699069924279,37.73942127212705],[-122.44688653257606,37.7392592350899],[-122.4467707918352,37.73916664249724],[-122.4466434770203,37.73914349434907],[-122.44650458813132,37.739189790645405],[-122.4463772733164,37.73916664249724],[-122.44626153257558,37.73907404990459],[-122.44615736590883,37.73891201286743],[-122.44606477331617,37.73868053138578],[-122.44596060664942,37.738518494348625],[-122.4458448659086,37.73842590175596],[-122.4457175510937,37.7384027536078],[-122.44557866220471,37.738449049904126],[-122.44537032887123,37.73848377212637],[-122.44509255109324,37.738506920274546],[-122.44474532887077,37.738518494348625],[-122.44432866220379,37.738518494348625],[-122.44395829183316,37.73855321657087],[-122.44363421775886,37.73862266101537],[-122.44335643998087,37.738726827682115],[-122.44312495849921,37.7388657165711],[-122.44295134738798,37.73901617953417],[-122.44283560664715,37.73917821657132],[-122.44277773627674,37.73935182768256],[-122.44277773627674,37.73953701286788],[-122.44288190294347,37.73964117953462],[-122.44309023627696,37.73966432768279],[-122.44340273627719,37.73960645731238],[-122.44381940294417,37.739467568423386],[-122.44421292146298,37.73936340175665],[-122.44458329183362,37.73929395731215],[-122.4449305140561,37.739259235089904],[-122.4452545881304,37.739259235089904],[-122.44553236590838,37.73927080916398],[-122.44576384739003,37.73929395731216],[-122.44594903257534,37.739328679534395],[-122.44608792146434,37.73937497583073],[-122.44614579183474,37.7394559943493],[-122.44612264368659,37.739571735090124],[-122.44601847701985,37.7397221980532],[-122.44583329183453,37.73990738323852],[-122.44569440294553,37.74008099434976],[-122.44560181035288,37.74024303138691],[-122.44555551405655,37.74039349434998],[-122.44555551405655,37.74053238323898],[-122.44562495850104,37.740624975831636],[-122.44576384739003,37.74067127212796],[-122.44597218072352,37.74067127212796],[-122.44624995850148,37.74062497583163],[-122.44649301405721,37.74055553138713],[-122.4467013473907,37.74046293879448],[-122.44687495850194,37.740347198053655]]],[[[-122.43328699552906,37.74037034620182],[-122.43337958812174,37.74037034620182],[-122.43344903256624,37.74027775360916],[-122.43349532886256,37.74009256842384],[-122.43351847701072,37.739814790645866],[-122.43351847701072,37.73944442027522],[-122.43350690293664,37.73912034620091],[-122.43348375478848,37.73884256842294],[-122.43344903256624,37.73861108694128],[-122.43340273626987,37.73842590175597],[-122.4333101436772,37.738229142496564],[-122.43317125478825,37.738020809163075],[-122.43298606960292,37.737800901755506],[-122.43275458812127,37.73756942027386],[-122.4325346807137,37.73741895731079],[-122.43232634738021,37.73734951286629],[-122.43212958812082,37.737361086940375],[-122.4319444029355,37.73745367953303],[-122.4318055140465,37.73756942027386],[-122.43171292145385,37.73770830916285],[-122.43166662515752,37.737870346200005],[-122.43166662515752,37.73805553138532],[-122.4316087547871,37.7382059943484],[-122.43149301404628,37.73832173508922],[-122.43131940293505,37.7384027536078],[-122.43108792145338,37.738449049904126],[-122.43076384737907,37.73848377212637],[-122.4303471807121,37.738506920274546],[-122.42983792145247,37.738518494348625],[-122.42923606960018,37.738518494348625],[-122.42880782885914,37.73855321657087],[-122.42855319922931,37.73862266101537],[-122.42847218071074,37.738726827682115],[-122.4285647733034,37.7388657165711],[-122.42879625478506,37.738969883237836],[-122.42916662515569,37.739039327682335],[-122.42967588441533,37.73907404990458],[-122.43032403256395,37.73907404990458],[-122.43085643997173,37.73908562397866],[-122.43127310663871,37.739108772126826],[-122.43157403256485,37.73914349434907],[-122.43175921775017,37.739189790645405],[-122.43192125478733,37.73929395731215],[-122.43206014367631,37.739455994349306],[-122.43217588441713,37.739675901756875],[-122.4322684770098,37.73995367953486],[-122.43238421775062,37.74016201286834],[-122.43252310663962,37.74030090175733],[-122.43268514367678,37.74037034620182],[-122.4328703288621,37.74037034620182],[-122.43303236589925,37.74037034620182],[-122.43317125478823,37.74037034620182],[-122.43328699552906,37.74037034620182]]],[[[-122.48729162519814,37.73949071657155],[-122.48770829186512,37.739398123978894],[-122.48804394001351,37.73929395731215],[-122.48829856964332,37.739178216571325],[-122.48847218075456,37.73905090175642],[-122.48856477334722,37.738912012867424],[-122.48850690297681,37.738807846200686],[-122.48829856964332,37.73873840175619],[-122.48793977334677,37.73870367953394],[-122.48743051408712,37.73870367953394],[-122.48701384742016,37.73872682768211],[-122.48668977334584,37.73877312397843],[-122.4864582918642,37.73884256842293],[-122.48631940297521,37.73893516101559],[-122.48624995853072,37.739039327682335],[-122.48624995853072,37.73915506842316],[-122.48631940297521,37.73928238323806],[-122.4864582918642,37.73942127212706],[-122.48666662519767,37.73950229064563],[-122.48694440297565,37.739525438793805],[-122.48729162519814,37.73949071657155]]],[[[-122.44868051405884,37.73923608694173],[-122.44854162516984,37.73909719805275],[-122.44841431035493,37.739039327682335],[-122.44829856961411,37.73906247583051],[-122.44819440294737,37.739166642497246],[-122.4481018103547,37.73935182768256],[-122.44809023628062,37.739479142497466],[-122.44815968072513,37.739548586941964],[-122.44831014368819,37.739560161016044],[-122.44854162516984,37.73951386471972],[-122.44868051405882,37.73944442027522],[-122.44872681035517,37.739351827682555],[-122.44868051405884,37.73923608694173]]],[[[-122.3998147732824,37.73856479064495],[-122.3998147732824,37.73847219805229],[-122.39990064218615,37.738402753607794],[-122.40007237999367,37.73835645731147],[-122.40032998670495,37.7383333091633],[-122.40067346231996,37.7383333091633],[-122.40086834827564,37.73828701286698],[-122.40091464457197,37.73819442027431],[-122.40081235120894,37.73805553138532],[-122.40056146818658,37.737870346200005],[-122.4003154355494,37.73775460545917],[-122.40007425329739,37.73770830916285],[-122.39983792143056,37.737731457311014],[-122.39960643994891,37.73782404990368],[-122.39937495846726,37.73789349434817],[-122.39914347698561,37.737939790644496],[-122.39891199550397,37.73796293879266],[-122.39868051402232,37.73796293879266],[-122.39853005105925,37.738009235088995],[-122.39846060661475,37.738101827681646],[-122.39847218068883,37.738240716570644],[-122.39856477328149,37.73842590175596],[-122.39870366217048,37.73856479064496],[-122.3988888473558,37.73865738323761],[-122.39912032883745,37.73870367953394],[-122.39939810661542,37.73870367953394],[-122.39960643994891,37.738680531385775],[-122.39974532883791,37.73863423508945],[-122.3998147732824,37.73856479064495]]],[[[-122.48199069926834,37.7383333091633],[-122.48245366223165,37.7383333091633],[-122.48287032889861,37.738298586941056],[-122.48324069926926,37.73822914249656],[-122.48356477334357,37.73812497582982],[-122.48384255112154,37.73798608694083],[-122.48390042149195,37.73788192027409],[-122.48373838445481,37.73781247582959],[-122.48335644001008,37.73777775360735],[-122.48275458815779,37.73777775360735],[-122.48230319926857,37.73776617953327],[-122.48200227334243,37.737743031385094],[-122.48185181037935,37.73770830916285],[-122.48185181037935,37.737662012866515],[-122.48178236593486,37.73762729064427],[-122.48164347704586,37.7376041424961],[-122.48143514371239,37.73759256842202],[-122.48115736593441,37.73759256842202],[-122.48094903260092,37.73762729064427],[-122.48081014371192,37.73769673508877],[-122.48074069926743,37.737800901755506],[-122.48074069926743,37.7379397906445],[-122.48077542148968,37.73805553138533],[-122.48084486593417,37.73814812397798],[-122.48094903260092,37.73821756842248],[-122.4810879214899,37.73826386471881],[-122.48130782889747,37.738298586941056],[-122.48160875482361,37.73832173508922],[-122.48199069926834,37.7383333091633]]],[[[-122.47518514370782,37.73798608694083],[-122.47518514370782,37.73775460545917],[-122.47512727333742,37.73754627212569],[-122.47501153259657,37.73736108694037],[-122.47483792148535,37.73719904990321],[-122.4746064400037,37.73706016101423],[-122.47436338444795,37.73696756842157],[-122.47410875481813,37.736921272125244],[-122.47384255111425,37.73692127212524],[-122.47356477333626,37.73696756842157],[-122.4733448659287,37.73706016101423],[-122.47318282889154,37.73719904990321],[-122.4730786622248,37.737384235088534],[-122.47303236592846,37.73761571657019],[-122.4731365325952,37.73781247582959],[-122.47339116222503,37.73797451286674],[-122.47379625481791,37.738101827681646],[-122.47435181037388,37.73819442027431],[-122.47476847704084,37.7382059943484],[-122.47504625481884,37.7381365499039],[-122.47518514370782,37.73798608694083]]],[[[-122.42027773626029,37.73768516101468],[-122.42046292144563,37.737499975829365],[-122.42060181033462,37.73731479064404],[-122.42069440292727,37.737129605458726],[-122.4207406992236,37.7369444202734],[-122.4207406992236,37.73675923508809],[-122.42069440292727,37.73662034619909],[-122.42060181033462,37.73652775360644],[-122.42046292144563,37.736481457310106],[-122.42027773626029,37.736481457310106],[-122.42011569922315,37.73653932768052],[-122.41997681033415,37.73665506842134],[-122.41986106959332,37.73682867953258],[-122.41976847700067,37.73706016101423],[-122.41966431033394,37.73724534619954],[-122.41954856959312,37.73738423508854],[-122.4194212547782,37.7374768276812],[-122.41928236588922,37.737523123977525],[-122.41918977329655,37.73759256842202],[-122.41914347700023,37.73768516101468],[-122.41914347700023,37.737800901755506],[-122.41918977329655,37.7379397906445],[-122.41927079181514,37.73803238323716],[-122.41938653255593,37.73807867953349],[-122.41953699551901,37.73807867953349],[-122.41972218070435,37.73803238323716],[-122.41990736588967,37.73795136471858],[-122.42009255107497,37.73783562397776],[-122.42027773626029,37.73768516101468]]],[[[-122.40243051402506,37.73777775360735],[-122.40256940291404,37.73777775360735],[-122.4027314399512,37.73769673508877],[-122.40291662513653,37.73753469805161],[-122.40312495847,37.737291642495876],[-122.40335643995165,37.736967568421576],[-122.40344903254432,37.73672451286584],[-122.40340273624798,37.736562475828684],[-122.40321755106267,37.736481457310106],[-122.40289347698834,37.736481457310106],[-122.40262727328444,37.73643516101377],[-122.40241893995096,37.73634256842112],[-122.40226847698789,37.736203679532125],[-122.40217588439522,37.73601849434681],[-122.4020601436544,37.73587960545781],[-122.40192125476541,37.73578701286516],[-122.40175921772826,37.73574071656883],[-122.40157403254294,37.73574071656883],[-122.40141199550578,37.73579858693924],[-122.4012731066168,37.735914327680064],[-122.40115736587597,37.7360879387913],[-122.40106477328331,37.73631942027295],[-122.40105319920923,37.73651617953235],[-122.40112264365374,37.7366782165695],[-122.4012731066168,37.73680553138441],[-122.40150458809845,37.73689812397707],[-122.40170134735786,37.737013864717895],[-122.401863384395,37.73715275360689],[-122.4019906992099,37.73731479064404],[-122.40208329180257,37.737499975829365],[-122.40218745846931,37.73763886471835],[-122.40230319921014,37.737731457311014],[-122.40243051402506,37.73777775360735]]],[[[-122.48231477334264,37.7374073832367],[-122.48249995852797,37.7374073832367],[-122.48262727334287,37.73734951286629],[-122.48269671778738,37.737233772125464],[-122.48270829186146,37.73706016101423],[-122.48266199556511,37.73682867953258],[-122.48288190297268,37.73665506842134],[-122.48336801408416,37.73653932768052],[-122.48412032889952,37.736481457310106],[-122.48513884741878,37.736481457310106],[-122.48593745853047,37.73644673508786],[-122.48651616223461,37.73637729064336],[-122.48687495853117,37.736273123976616],[-122.48701384742016,37.73613423508763],[-122.48710644001282,37.73599534619864],[-122.48715273630916,37.735856457309644],[-122.48715273630916,37.735717568420654],[-122.48710644001281,37.73557867953167],[-122.48689810667932,37.73547451286493],[-122.48652773630869,37.735405068420434],[-122.4859953289009,37.73537034619819],[-122.48530088445594,37.73537034619819],[-122.48476847704815,37.73535877212411],[-122.4843981066775,37.73533562397594],[-122.48418977334401,37.735300901753696],[-122.48414347704771,37.735254605457364],[-122.48391199556606,37.73521988323512],[-122.48349532889907,37.735196735086944],[-122.48289347704679,37.735185161012865],[-122.48210644000916,37.735185161012865],[-122.48142356963828,37.73515043879062],[-122.48084486593419,37.73508099434612],[-122.4803703288968,37.73497682767938],[-122.47999995852615,37.73483793879039],[-122.47959486593325,37.734733772123654],[-122.47915505111811,37.734664327679155],[-122.47868051408074,37.73462960545691],[-122.4781712548211,37.73462960545691],[-122.47775458815414,37.734664327679155],[-122.47743051407983,37.734733772123654],[-122.47719903259818,37.73483793879039],[-122.4770601437092,37.73497682767938],[-122.47687495852387,37.73508099434612],[-122.47664347704222,37.73515043879062],[-122.47636569926425,37.735185161012865],[-122.47604162518991,37.735185161012865],[-122.47579856963418,37.73521988323511],[-122.47563653259704,37.73528932767961],[-122.47555551407845,37.73539349434635],[-122.47555551407845,37.735532383235345],[-122.47561338444886,37.73564812397617],[-122.47572912518969,37.73574071656883],[-122.47590273630092,37.73581016101332],[-122.47613421778259,37.73585645730965],[-122.47630782889382,37.73592590175414],[-122.47642356963465,37.73601849434681],[-122.47648144000506,37.73613423508763],[-122.47648144000506,37.736273123976616],[-122.47653931037547,37.73638886471744],[-122.4766550511163,37.736481457310106],[-122.47682866222753,37.7365509017546],[-122.47706014370918,37.73659719805093],[-122.47728005111675,37.73666664249542],[-122.47748838445024,37.73675923508808],[-122.47768514370965,37.736874975828904],[-122.47787032889495,37.7370138647179],[-122.47813653259885,37.73711803138464],[-122.47848375482134,37.73718747582914],[-122.47891199556238,37.737222198051384],[-122.47942125482203,37.737222198051384],[-122.47988421778533,37.737210623977305],[-122.48030088445228,37.73718747582913],[-122.48067125482292,37.737152753606885],[-122.48099532889725,37.73710645731055],[-122.48126153260115,37.73710645731055],[-122.48146986593463,37.737152753606885],[-122.4816203288977,37.73724534619954],[-122.48171292149037,37.73738423508854],[-122.48179394000894,37.7374768276812],[-122.48186338445345,37.737523123977525],[-122.48192125482386,37.737523123977525],[-122.48196755112016,37.7374768276812],[-122.48204856963875,37.73744210545895],[-122.48216431037957,37.73741895731078],[-122.48231477334264,37.7374073832367]]],[[[-122.3969675510581,37.73678238323625],[-122.3972916251324,37.73673608693992],[-122.39759255105855,37.73667821656951],[-122.39787032883652,37.73660877212501],[-122.39812495846634,37.73652775360643],[-122.398356439948,37.73643516101377],[-122.39853005105924,37.73631942027295],[-122.39864579180006,37.73618053138396],[-122.39870366217048,37.7360184943468],[-122.39870366217048,37.735833309161485],[-122.39865736587414,37.73564812397616],[-122.39856477328149,37.73546293879084],[-122.39842588439251,37.73527775360552],[-122.39824069920718,37.73509256842021],[-122.3981018103182,37.73490738323489],[-122.39800921772553,37.73472219804957],[-122.3979629214292,37.734537012864244],[-122.3979629214292,37.73435182767893],[-122.39792819920694,37.73420136471585],[-122.39785875476245,37.73408562397503],[-122.39775458809571,37.73400460545645],[-122.39761569920672,37.73395830916012],[-122.39748838439182,37.733865716567465],[-122.397372643651,37.73372682767847],[-122.39726847698425,37.73354164249315],[-122.39717588439157,37.7333101610115],[-122.39706014365075,37.733136549900266],[-122.39692125476176,37.73302080915944],[-122.39675921772461,37.73296293878903],[-122.39657403253929,37.73296293878903],[-122.39641199550213,37.732997661011275],[-122.39627310661315,37.733067105455774],[-122.39615736587233,37.73317127212252],[-122.39606477327966,37.7333101610115],[-122.39600690290925,37.73346062397457],[-122.39598375476109,37.73362266101173],[-122.39599532883517,37.733796272122966],[-122.39604162513149,37.73398145730829],[-122.39598375476108,37.73409719804911],[-122.39582171772392,37.73414349434544],[-122.39555551402003,37.73412034619727],[-122.3951851436494,37.73402775360462],[-122.39488421772325,37.73399303138237],[-122.3946527362416,37.734016179530535],[-122.39449069920443,37.73409719804911],[-122.39439810661176,37.7342360869381],[-122.39429393994502,37.73434025360484],[-122.39417819920422,37.73440969804934],[-122.3940508843893,37.734444420271586],[-122.3939119955003,37.734444420271586],[-122.39380782883357,37.734525438790165],[-122.39373838438907,37.73468747582732],[-122.39370366216683,37.73493053138306],[-122.39370366216683,37.73525460545736],[-122.3936573658705,37.73550923508718],[-122.39356477327783,37.735694420272495],[-122.39342588438883,37.73581016101332],[-122.39324069920353,37.73585645730965],[-122.39313653253679,37.73592590175414],[-122.39311338438861,37.73601849434681],[-122.39317125475903,37.73613423508763],[-122.39331014364801,37.736273123976616],[-122.39349532883332,37.73637729064336],[-122.39372681031497,37.73644673508786],[-122.39400458809295,37.736481457310106],[-122.39432866216727,37.736481457310106],[-122.39461801401933,37.73650460545827],[-122.39487264364915,37.7365509017546],[-122.39509255105672,37.73662034619909],[-122.39527773624204,37.736712938791754],[-122.39547449550145,37.73678238323625],[-122.39568282883494,37.73682867953258],[-122.3959027362425,37.736851827680745],[-122.39613421772415,37.736851827680745],[-122.39638884735396,37.736840253606665],[-122.39666662513196,37.7368171054585],[-122.3969675510581,37.73678238323625]]],[[[-122.47416662518854,37.736273123976616],[-122.47435181037389,37.73613423508763],[-122.4744791251888,37.735983772124555],[-122.47454856963327,37.735821735087406],[-122.47456014370735,37.73564812397616],[-122.47451384741103,37.735462938790846],[-122.47443282889245,37.73532404990185],[-122.47431708815165,37.7352314573092],[-122.47416662518856,37.735185161012865],[-122.47398144000323,37.735185161012865],[-122.47380782889199,37.73520830916103],[-122.47364579185484,37.73525460545736],[-122.47349532889176,37.735324049901855],[-122.47335644000277,37.73541664249451],[-122.47317125481746,37.73548608693901],[-122.47293977333581,37.73553238323534],[-122.47266199555783,37.735555531383504],[-122.4723379214835,37.735555531383504],[-122.47206014370552,37.735567105457584],[-122.47182866222387,37.73559025360575],[-122.47164347703855,37.735624975827996],[-122.47150458814956,37.73567127212433],[-122.47138884740873,37.73575229064291],[-122.47129625481608,37.73586803138373],[-122.47122681037158,37.73601849434681],[-122.47118051407527,37.736203679532125],[-122.47121523629752,37.736319420272956],[-122.47133097703832,37.73636571656928],[-122.47152773629773,37.73634256842112],[-122.47180551407573,37.73624997582846],[-122.4720138474092,37.736203679532125],[-122.4721527362982,37.736203679532125],[-122.47222218074269,37.73624997582846],[-122.47222218074269,37.73634256842112],[-122.47232634740944,37.736412012865614],[-122.47253468074292,37.73645830916194],[-122.47284718074316,37.736481457310106],[-122.47326384741011,37.736481457310106],[-122.47362264370668,37.73644673508786],[-122.47392356963282,37.73637729064336],[-122.47416662518854,37.736273123976616]],[[-122.47284718074316,37.735902753605984],[-122.47326384741011,37.735763864716986],[-122.47357634741034,37.735694420272495],[-122.47378468074383,37.735694420272495],[-122.47388884741058,37.735763864716986],[-122.47388884741058,37.735902753605984],[-122.47385412518832,37.73601849434681],[-122.47378468074383,37.73611108693946],[-122.47368051407709,37.73618053138396],[-122.4735416251881,37.73622682768029],[-122.47336801407687,37.73624997582846],[-122.47315968074338,37.73624997582846],[-122.47291662518765,37.73622682768029],[-122.47263884740967,37.73618053138396],[-122.47253468074292,37.73611108693946],[-122.47260412518742,37.73601849434681],[-122.47284718074316,37.735902753605984]]],[[[-122.46340273629178,37.736481457310106],[-122.46344903258813,37.736481457310106],[-122.46348375481037,37.736342568421115],[-122.46350690295854,37.736064790643134],[-122.46351847703262,37.73564812397616],[-122.46351847703262,37.735092568420214],[-122.46353005110672,37.73462960545691],[-122.46355319925487,37.73425923508627],[-122.46358792147713,37.73398145730829],[-122.46363421777346,37.733796272122966],[-122.46363421777346,37.733634235085816],[-122.46358792147713,37.73349534619682],[-122.46349532888446,37.733379605455994],[-122.46335643999548,37.733287012863336],[-122.46322912518056,37.73325229064109],[-122.46311338443974,37.73327543878925],[-122.46300921777299,37.73335645730783],[-122.46291662518033,37.733495346196825],[-122.46277773629134,37.73361108693765],[-122.46259255110601,37.73370367953031],[-122.46236106962436,37.7337731239748],[-122.4620832918464,37.73381942027113],[-122.46185181036475,37.73383099434521],[-122.4616666251794,37.73380784619705],[-122.46152773629042,37.73374997582664],[-122.46143514369777,37.733657383233975],[-122.46131940295696,37.733587938789476],[-122.46118051406796,37.73354164249315],[-122.4610184770308,37.733518494344985],[-122.46083329184549,37.733518494344985],[-122.46067125480833,37.73356479064131],[-122.46053236591935,37.733657383233975],[-122.46041662517852,37.733796272122966],[-122.46032403258585,37.73398145730829],[-122.46033560665992,37.734166642493605],[-122.46045134740075,37.73435182767893],[-122.46067125480832,37.73453701286425],[-122.46099532888265,37.73472219804957],[-122.46126153258655,37.73491895730898],[-122.46146986592002,37.73512729064245],[-122.4616203288831,37.73534719805002],[-122.46171292147577,37.73557867953167],[-122.46184023629067,37.73575229064291],[-122.46200227332781,37.73586803138373],[-122.46219903258722,37.73592590175414],[-122.46243051406887,37.73592590175414],[-122.46263884740236,37.73596062397639],[-122.46282403258766,37.73603006842089],[-122.46298606962482,37.73613423508763],[-122.46312495851382,37.736273123976616],[-122.46324069925464,37.73637729064336],[-122.46333329184729,37.73644673508786],[-122.46340273629178,37.736481457310106]]],[[[-122.39979162513423,37.73472219804957],[-122.39965273624524,37.73453701286425],[-122.39949069920809,37.734398123975254],[-122.39930551402277,37.7343055313826],[-122.39909718068928,37.73425923508627],[-122.39886569920763,37.73425923508627],[-122.39871523624457,37.73431710545668],[-122.39864579180006,37.73443284619751],[-122.39865736587414,37.73460645730874],[-122.39874995846681,37.73483793879039],[-122.39888884735579,37.73499997582755],[-122.39907403254111,37.7350925684202],[-122.39930551402276,37.73511571656837],[-122.39958329180074,37.73506942027204],[-122.39975690291197,37.73498840175347],[-122.39982634735648,37.734872661012645],[-122.39979162513423,37.73472219804957]]],[[[-122.4453934770194,37.73425923508627],[-122.44553236590839,37.73425923508627],[-122.44569440294555,37.734236086938104],[-122.44587958813085,37.73418979064177],[-122.44608792146434,37.73412034619727],[-122.44631940294599,37.73402775360462],[-122.44649301405722,37.73392358693788],[-122.44660875479805,37.733807846197045],[-122.44666662516846,37.733680531382134],[-122.44666662516846,37.73354164249315],[-122.44660875479805,37.73346062397458],[-122.44649301405722,37.733437475826406],[-122.44631940294599,37.73347219804866],[-122.44608792146434,37.73356479064132],[-122.44586801405677,37.733634235085816],[-122.4456596807233,37.73368053138214],[-122.4454629214639,37.73370367953031],[-122.44527773627857,37.73370367953031],[-122.44511569924141,37.73368053138214],[-122.44497681035241,37.733634235085816],[-122.44486106961159,37.73356479064132],[-122.44476847701894,37.73347219804866],[-122.44464116220404,37.73340275360416],[-122.44447912516688,37.733356457307835],[-122.44428236590747,37.73333330915967],[-122.44405088442582,37.73333330915967],[-122.44387727331458,37.73339117953009],[-122.44376153257376,37.73350692027091],[-122.44370366220335,37.73368053138215],[-122.44370366220335,37.7339120128638],[-122.44374995849968,37.73409719804911],[-122.44384255109233,37.73423608693811],[-122.44398143998131,37.73432867953076],[-122.44416662516666,37.734374975827095],[-122.44435181035198,37.734398123975254],[-122.44453699553728,37.734398123975254],[-122.44472218072261,37.734374975827095],[-122.44490736590792,37.73432867953076],[-122.44508097701916,37.73429395730852],[-122.44524301405633,37.73427080916035],[-122.4453934770194,37.73425923508627]]],[[[-122.4179629214438,37.73405090175279],[-122.4179629214438,37.73391201286379],[-122.41790505107339,37.73380784619705],[-122.41778931033257,37.733738401752554],[-122.41761569922133,37.73370367953031],[-122.41738421773967,37.73370367953031],[-122.41721060662843,37.73374997582664],[-122.4170948658876,37.73384256841929],[-122.4170369955172,37.73398145730829],[-122.4170369955172,37.734166642493605],[-122.4170948658876,37.734293957308516],[-122.41721060662843,37.73436340175301],[-122.41738421773967,37.734374975827095],[-122.41761569922133,37.73432867953076],[-122.41778931033257,37.73425923508627],[-122.41790505107339,37.73416664249361],[-122.4179629214438,37.73405090175279]]],[[[-122.37197592731184,37.734189438208155],[-122.37205867198708,37.73420178332491],[-122.3722273591396,37.73412044147311],[-122.3724819887694,37.733945412652744],[-122.37282256087651,37.73367669686382],[-122.37324907546093,37.733314294106336],[-122.37356896139923,37.73300821129307],[-122.37378221869145,37.732758448424036],[-122.37388884733754,37.732565005499225],[-122.37388884733754,37.732427882518635],[-122.37384255104121,37.732255595838694],[-122.37374995844854,37.732048145459416],[-122.37361106955956,37.73180553138078],[-122.37342588437423,37.7315277536028],[-122.3733680140038,37.731319420269315],[-122.37343745844831,37.731180531380325],[-122.37363421770772,37.73111108693583],[-122.37395829178203,37.73111108693583],[-122.3741781991896,37.73107636471359],[-122.37429393993042,37.73100692026909],[-122.3743055140045,37.73090275360235],[-122.37421292141184,37.73076386471335],[-122.37409718067101,37.730659698046615],[-122.37395829178203,37.73059025360212],[-122.37379625474489,37.73055553137987],[-122.37361106955956,37.73055553137987],[-122.37341431030015,37.73050923508354],[-122.37320597696666,37.73041664249088],[-122.37298606955909,37.73027775360189],[-122.37275458807744,37.73009256841657],[-122.37252310659579,37.72996525360167],[-122.37229162511414,37.72989580915717],[-122.3720601436325,37.729884235083084],[-122.37182866215085,37.729930531379416],[-122.37160875474328,37.729942105453496],[-122.37140042140979,37.72991895730533],[-122.37120366215039,37.72986108693492],[-122.37101847696508,37.72976849434226],[-122.37087958807608,37.729652753601435],[-122.37078699548341,37.729513864712445],[-122.37074069918708,37.72935182767529],[-122.37074069918708,37.72916664248997],[-122.37054393992767,37.72891201286015],[-122.37015042140888,37.72858793878585],[-122.36956014363068,37.728194420267045],[-122.36877310659304,37.72773145730374],[-122.36811338437035,37.727337938784935],[-122.36758097696256,37.72701386471063],[-122.36717588436966,37.72675923508081],[-122.36689810659169,37.7265740498955],[-122.3666897732582,37.726504605451005],[-122.3665508843692,37.72655090174733],[-122.36648143992471,37.72671293878449],[-122.36648143992471,37.72699071656246],[-122.3664235695543,37.72722219804411],[-122.36630782881348,37.72740738322943],[-122.36613421770224,37.72754627211842],[-122.36590273622059,37.72763886471108],[-122.36571755103527,37.727685161007415],[-122.36557866214628,37.727685161007415],[-122.36548606955361,37.72763886471108],[-122.36543977325731,37.72754627211842],[-122.36534718066464,37.727488401748005],[-122.36520829177564,37.727465253599846],[-122.36502310659033,37.72747682767393],[-122.36479162510867,37.72752312397026],[-122.36458329177518,37.727604142488836],[-122.36439810658986,37.72771988322966],[-122.3642360695527,37.72787034619274],[-122.36409718066372,37.728055531378054],[-122.36393514362655,37.728194420267045],[-122.36374995844125,37.72828701285971],[-122.36354162510776,37.728333309156035],[-122.36331014362611,37.728333309156035],[-122.36315968066305,37.72827543878562],[-122.36309023621854,37.7281596980448],[-122.36310181029262,37.72798608693356],[-122.36319440288528,37.727754605451906],[-122.36322912510752,37.72753469804434],[-122.36320597695936,37.72732636471086],[-122.36312495844079,37.72712960545145],[-122.3629860695518,37.726944420266136],[-122.36281245844057,37.726747661006726],[-122.36260412510707,37.72653932767325],[-122.36236106955133,37.72631942026568],[-122.36208329177336,37.72608793878403],[-122.36204856955109,37.7259143276728],[-122.36225690288458,37.72579858693197],[-122.36270829177381,37.72574071656155],[-122.36340273621877,37.72574071656155],[-122.36388151454335,37.72569442026523],[-122.36414462674755,37.72560182767256],[-122.36419207283137,37.72546293878357],[-122.36402385279482,37.725277753598256],[-122.36376918071808,37.72506942026477],[-122.3634280566012,37.72483793878312],[-122.36300048044411,37.7245833091533],[-122.36248645224686,37.72430553137533],[-122.36205804240569,37.72409719804185],[-122.36171525092061,37.72395830915285],[-122.36145807779161,37.72388886470836],[-122.3612865230187,37.72388886470836],[-122.3609777891719,37.72393033733918],[-122.36053187625117,37.72401328260085],[-122.35994878425657,37.72413770049333],[-122.35922851318806,37.72430359101665],[-122.35871073196837,37.724444406648715],[-122.35839544059752,37.724560147389546],[-122.3582826390755,37.72465081323912],[-122.35837232740231,37.72471640419746],[-122.35861134340412,37.72472499843903],[-122.35899968708097,37.72467659596383],[-122.35953735843279,37.72457119677187],[-122.36022435745964,37.724408800863145],[-122.36076534229893,37.724350751056946],[-122.36116031295066,37.72439704735327],[-122.36140926941482,37.72454768975213],[-122.36151221169145,37.724802678253525],[-122.36139239497084,37.72504021592589],[-122.36104981925297,37.72526030276924],[-122.36048448453789,37.72546293878358],[-122.35969639082558,37.725648123968895],[-122.35905421624008,37.72581016100605],[-122.35855796078138,37.725949049895036],[-122.35820762444953,37.72606479063586],[-122.35800320724451,37.726157383228525],[-122.35780867021802,37.72637564806978],[-122.35762401337004,37.726719585159614],[-122.35744923670062,37.72718919449805],[-122.35728434020973,37.72778447608507],[-122.35719996550799,37.72823257984166],[-122.35719611259539,37.7285335057678],[-122.35727278147195,37.72868725386351],[-122.35742997213767,37.72869382412877],[-122.35767060450767,37.72866935347446],[-122.35799467858199,37.72861384190057],[-122.3584021943606,37.728527289407104],[-122.3588931518435,37.72840969599407],[-122.35926703102388,37.72833932521346],[-122.35952383190175,37.72831617706529],[-122.35966355447707,37.72834025154957],[-122.35968619874987,37.72841154866628],[-122.35959335421954,37.728490686841766],[-122.35938502088604,37.728577666076006],[-122.35906119874942,37.72867248636902],[-122.35862188780965,37.72877514772081],[-122.35832627106912,37.72887277469303],[-122.35817434852784,37.72896536728568],[-122.35816612018581,37.729052925498785],[-122.35830158604305,37.729135449332325],[-122.35861785832167,37.72914632701482],[-122.35911493702166,37.72908555854627],[-122.35979282214304,37.72895314392667],[-122.36065151368578,37.72874908315602],[-122.36130162262268,37.72862390462253],[-122.36174314895368,37.728577608326205],[-122.36197609267883,37.728610194267034],[-122.36200045379812,37.72872166244501],[-122.36194337188545,37.72881683765259],[-122.36180484694084,37.72889571988974],[-122.36158487896428,37.72895830915649],[-122.36128346795579,37.729004605452815],[-122.36093600319214,37.72908668958875],[-122.36054248467332,37.72920456156428],[-122.36010291239936,37.729358221379414],[-122.35961728637025,37.72954766903415],[-122.3593172143905,37.729721028305434],[-122.3592026964601,37.72987829919328],[-122.35927373257908,37.73001948169768],[-122.35953032274742,37.73014457581864],[-122.35979777349866,37.73022115965935],[-122.36007608483283,37.73024923321983],[-122.36036525674993,37.730228796500064],[-122.36066528924991,37.73015984950006],[-122.36093791099992,37.730109833687564],[-122.36118312199991,37.73007874906256],[-122.36140092224991,37.73006659562506],[-122.36159131174992,37.73007337337506],[-122.36179040638856,37.730119530222886],[-122.36199820616584,37.73020506616852],[-122.36221471108179,37.73032998121198],[-122.3624399211364,37.730494275353266],[-122.36275125743683,37.73069851447781],[-122.36314871998307,37.73094269858561],[-122.36363230877514,37.73122682767666],[-122.36420202381302,37.73155090175096],[-122.36466645125583,37.73176828856529],[-122.36502559110353,37.731878988119654],[-122.36527944335614,37.73188300041404],[-122.36542800801362,37.73178032544844],[-122.36559134306457,37.731740562039725],[-122.36576944850893,37.73176371018789],[-122.3659623243467,37.73184976989293],[-122.36616997057791,37.73199874115487],[-122.36638357562173,37.73208732145314],[-122.36660313947814,37.73211551078778],[-122.36682866214719,37.73208330915876],[-122.36706014362885,37.7319907165661],[-122.36727905811442,37.73194442026977],[-122.36748540560389,37.73194442026977],[-122.36767918609729,37.7319907165661],[-122.3678603995946,37.73208330915876],[-122.36804349179005,37.73213453785027],[-122.36822846268363,37.73214440264064],[-122.36841531227533,37.73211290352987],[-122.36860404056517,37.73204004051793],[-122.36887300874334,37.73206147938238],[-122.3692222168098,37.732177220123205],[-122.3696516647646,37.7323872627404],[-122.37016135260774,37.73269160723399],[-122.37060148886049,37.732983790389085],[-122.37097207352286,37.733263812205706],[-122.37127310659488,37.73353167268385],[-122.37150458807653,37.73378737182351],[-122.37169888535658,37.73398223245745],[-122.37185599843501,37.73411625458567],[-122.37197592731184,37.734189438208155]]],[[[-122.46273143999503,37.732870346196364],[-122.46282403258768,37.73268516101105],[-122.46284718073584,37.73254627212205],[-122.4628008844395,37.7324536795294],[-122.46268514369868,37.73240738323307],[-122.46249995851336,37.73240738323307],[-122.46236106962436,37.732349512862655],[-122.46226847703173,37.73223377212183],[-122.46222218073538,37.732060161010594],[-122.46222218073538,37.731828679528945],[-122.46230319925397,37.73166664249179],[-122.46246523629111,37.73157404989914],[-122.46270829184685,37.731550901750964],[-122.46303236592117,37.7315971980473],[-122.4632754214769,37.73158562397321],[-122.46343745851405,37.73151617952872],[-122.46351847703262,37.73138886471381],[-122.46351847703262,37.73120367952849],[-122.46344903258813,37.73106479063949],[-122.46331014369913,37.73097219804684],[-122.46310181036566,37.73092590175051],[-122.46282403258768,37.73092590175051],[-122.46256940295785,37.730902753602344],[-122.4623379214762,37.73085645730602],[-122.46212958814273,37.730787012861526],[-122.46194440295741,37.73069442026886],[-122.46179393999434,37.730682846194775],[-122.4616781992535,37.73075229063927],[-122.46159718073491,37.730902753602344],[-122.4615508844386,37.731134235084],[-122.46146986592001,37.731319420269315],[-122.46135412517921,37.73145830915831],[-122.46120366221614,37.731550901750964],[-122.46101847703079,37.7315971980473],[-122.46087958814181,37.73168979063995],[-122.46078699554916,37.731828679528945],[-122.46074069925282,37.73201386471426],[-122.46074069925282,37.73224534619591],[-122.46082171777141,37.73241895730715],[-122.46098375480855,37.73253469804797],[-122.46122681036428,37.73259256841839],[-122.4615508844386,37.73259256841839],[-122.46182866221658,37.732627290640636],[-122.46206014369822,37.732696735085135],[-122.46224532888355,37.73280090175187],[-122.46238421777254,37.73293979064086],[-122.46251153258746,37.732997661011275],[-122.46262727332828,37.73297451286311],[-122.46273143999503,37.732870346196364]]],[[[-122.41574069921995,37.73275460545554],[-122.41574069921995,37.732615716566556],[-122.4158448658867,37.732488401751645],[-122.41605319922019,37.73237266101082],[-122.41636569922042,37.73226849434408],[-122.41678236588739,37.73217590175142],[-122.41725690292478,37.73210645730692],[-122.41778931033257,37.732060161010594],[-122.41837958811077,37.73203701286243],[-122.41902773625938,37.73203701286243],[-122.41962958811168,37.73202543878834],[-122.42018514366764,37.73200229064018],[-122.42069440292727,37.731967568417936],[-122.42115736589058,37.7319212721216],[-122.42150458811305,37.73187497582528],[-122.4217360695947,37.73182867952895],[-122.42185181033553,37.73178238323262],[-122.42185181033553,37.73173608693629],[-122.4220717177431,37.73170136471404],[-122.42251153255823,37.73167821656587],[-122.42317125478094,37.73166664249179],[-122.4240508844112,37.73166664249179],[-122.4247800510784,37.731689790639955],[-122.42535875478254,37.73173608693628],[-122.4257869955236,37.73180553138078],[-122.42606477330156,37.73189812397344],[-122.42631940293138,37.73195599434385],[-122.42655088441303,37.731979142492015],[-122.42675921774651,37.731967568417936],[-122.42694440293184,37.7319212721216],[-122.42717588441349,37.73188654989936],[-122.42745366219148,37.7318634017512],[-122.42777773626578,37.73185182767711],[-122.42814810663643,37.73185182767711],[-122.42846060663666,37.731817105454866],[-122.42871523626646,37.73174766101037],[-122.42891199552587,37.73164349434363],[-122.42905088441486,37.73150460545463],[-122.42924764367426,37.731400438787894],[-122.42950227330408,37.731330994343395],[-122.42981477330432,37.73129627212115],[-122.43018514367496,37.73129627212115],[-122.43059023626785,37.7312615498989],[-122.43103005108298,37.731192105454404],[-122.43150458812036,37.73108793878767],[-122.43201384737998,37.73094904989867],[-122.43240736589878,37.730821735083765],[-122.43268514367678,37.73070599434294],[-122.43284718071394,37.730601827676196],[-122.43289347701025,37.73050923508353],[-122.43275458812127,37.73043979063904],[-122.43243051404697,37.730393494342714],[-122.43192125478734,37.73037034619455],[-122.43122681034238,37.73037034619455],[-122.43067125478642,37.73040506841679],[-122.43025458811942,37.73047451286129],[-122.42997681034146,37.73057867952804],[-122.42983792145246,37.73071756841702],[-122.42968745848938,37.730833309157845],[-122.42952542145224,37.73092590175051],[-122.42935181034102,37.73099534619501],[-122.42916662515569,37.731041642491334],[-122.42869208811831,37.73107636471359],[-122.42792819922886,37.731099512861746],[-122.42687495848735,37.73111108693583],[-122.42553236589377,37.73111108693583],[-122.42453699552267,37.73107636471359],[-122.42388884737406,37.73100692026909],[-122.4235879214479,37.73090275360235],[-122.42363421774425,37.73076386471335],[-122.42370366218874,37.730659698046615],[-122.4237962547814,37.73059025360212],[-122.42391199552222,37.73055553137987],[-122.42405088441122,37.73055553137987],[-122.42417819922613,37.73050923508354],[-122.42429393996693,37.73041664249088],[-122.42439810663367,37.73027775360189],[-122.42449069922634,37.73009256841657],[-122.4244559770041,37.72995367952758],[-122.42429393996693,37.729861086934925],[-122.42400458811487,37.72981479063859],[-122.42358792144792,37.72981479063859],[-122.42328699552178,37.72976849434227],[-122.42310181033643,37.7296759017496],[-122.42303236589194,37.72953701286061],[-122.42307866218826,37.729351827675295],[-122.42302079181786,37.729212938786304],[-122.42285875478072,37.72912034619364],[-122.42259255107682,37.729074049897314],[-122.42222218070617,37.729074049897314],[-122.42188653255776,37.72906247582323],[-122.42158560663162,37.72903932767507],[-122.42131940292774,37.729004605452815],[-122.42108792144609,37.72895830915649],[-122.42090273626077,37.7289467350824],[-122.42076384737177,37.72896988323056],[-122.42067125477911,37.729027753600974],[-122.42062495848278,37.72912034619364],[-122.42059023626052,37.72930553137896],[-122.42056708811238,37.72958330915694],[-122.42055551403828,37.72995367952758],[-122.42055551403828,37.73041664249088],[-122.42052079181605,37.73078701286152],[-122.42045134737154,37.7310647906395],[-122.4203471807048,37.731249975824824],[-122.42020829181581,37.73134256841749],[-122.42006940292683,37.731388864713814],[-122.41993051403782,37.731388864713814],[-122.41979162514883,37.73134256841749],[-122.41965273625985,37.731249975824824],[-122.41950227329676,37.73120367952849],[-122.41934023625961,37.73120367952849],[-122.41916662514838,37.731249975824824],[-122.41898143996306,37.73134256841749],[-122.41865736588875,37.73142358693606],[-122.41819440292545,37.73149303138056],[-122.41759255107316,37.731550901750964],[-122.41685181033188,37.7315971980473],[-122.41630782885,37.73158562397321],[-122.41596060662752,37.73151617952872],[-122.41581014366446,37.73138886471381],[-122.41585643996076,37.73120367952849],[-122.4158332918126,37.73107636471358],[-122.41574069921995,37.73100692026909],[-122.4155786621828,37.73099534619501],[-122.41534718070115,37.731041642491334],[-122.41517356958991,37.731099512861746],[-122.41505782884909,37.731168957306245],[-122.41499995847867,37.731249975824824],[-122.41499995847867,37.73134256841749],[-122.41493051403418,37.73141201286198],[-122.4147916251452,37.731458309158306],[-122.41458329181171,37.73148145730647],[-122.41430551403371,37.73148145730647],[-122.41407403255207,37.73150460545464],[-122.41388884736675,37.731550901750964],[-122.41374995847775,37.731620346195456],[-122.41365736588509,37.73171293878812],[-122.41350690292202,37.73178238323262],[-122.41329856958853,37.731828679528945],[-122.41303236588463,37.73185182767711],[-122.41270829181033,37.73185182767711],[-122.41243051403235,37.7318634017512],[-122.4121990325507,37.73188654989936],[-122.41201384736537,37.7319212721216],[-122.41187495847639,37.731967568417936],[-122.41181708810598,37.732060161010594],[-122.41184023625412,37.73219904989958],[-122.41194440292088,37.7323842350849],[-122.41212958810621,37.732615716566556],[-122.41247681032868,37.73278932767779],[-122.41298606958833,37.73290506841862],[-122.4136573658851,37.73296293878903],[-122.41449069921904,37.73296293878903],[-122.4151156992195,37.73292821656678],[-122.41553236588646,37.732858772122285],[-122.41574069921995,37.73275460545554]]],[[[-122.39900458809663,37.731759235084446],[-122.39858792142964,37.73157404989913],[-122.39820597698491,37.73142358693606],[-122.39785875476247,37.731307846195236],[-122.39754625476223,37.73122682767666],[-122.39726847698424,37.731180531380325],[-122.39701384735443,37.73112266100991],[-122.39678236587278,37.731053216565414],[-122.39657403253929,37.730972198046835],[-122.39638884735398,37.730879605454184],[-122.3961689399464,37.730810161009686],[-122.39591431031658,37.73076386471335],[-122.39562495846452,37.73074071656519],[-122.39530088439021,37.73074071656519],[-122.39503468068631,37.73077543878743],[-122.39482634735282,37.73084488323193],[-122.39467588438976,37.73094904989867],[-122.3945832917971,37.73108793878767],[-122.39454856957485,37.73120367952849],[-122.39457171772301,37.73129627212115],[-122.3946527362416,37.73136571656565],[-122.39479162513058,37.73141201286197],[-122.39502310661224,37.73144673508422],[-122.39534718068656,37.73146988323239],[-122.39576384735352,37.73148145730647],[-122.39627310661314,37.73148145730647],[-122.39666662513193,37.73150460545464],[-122.39694440290991,37.731550901750964],[-122.39710643994707,37.731620346195456],[-122.39715273624341,37.73171293878812],[-122.39730319920648,37.73178238323262],[-122.39755782883631,37.731828679528945],[-122.39791662513286,37.73185182767711],[-122.39837958809616,37.73185182767711],[-122.39876153254089,37.7318634017512],[-122.39906245846703,37.73188654989936],[-122.3992823658746,37.7319212721216],[-122.3994212547636,37.731967568417936],[-122.3994212547636,37.73195599434385],[-122.3992823658746,37.73188654989935],[-122.39900458809663,37.731759235084446]]],[[[-122.38624995845767,37.73108793878767],[-122.38634255105035,37.73094904989867],[-122.38633097697627,37.7307985869356],[-122.38621523623543,37.73063654989845],[-122.38599532882786,37.730462938787205],[-122.38567125475355,37.73027775360189],[-122.38541662512372,37.73020830915739],[-122.38523143993842,37.73025460545372],[-122.3851156991976,37.73041664249088],[-122.38506940290125,37.73069442026886],[-122.38505782882717,37.73092590175051],[-122.38508097697533,37.73111108693583],[-122.38513884734574,37.731249975824824],[-122.38523143993841,37.73134256841749],[-122.38534718067923,37.7314004387879],[-122.38548606956823,37.73142358693606],[-122.38564810660539,37.73141201286197],[-122.3858332917907,37.73136571656565],[-122.38599532882786,37.73129627212115],[-122.38613421771684,37.73120367952849],[-122.38624995845767,37.73108793878767]]],[[[-122.38334396120622,37.73050923508354],[-122.38335107415112,37.730231457305564],[-122.38334305654949,37.72998840174983],[-122.38331990840132,37.729780068416346],[-122.38328162970663,37.72960645730511],[-122.38322822046538,37.72946756841611],[-122.38313029316404,37.72938654989754],[-122.38298784780261,37.72936340174937],[-122.38280088438108,37.72939812397162],[-122.38256940289943,37.72949071656428],[-122.38234949549187,37.72956016100878],[-122.38214116215838,37.7296064573051],[-122.38194440289898,37.72962960545327],[-122.38175921771364,37.72962960545327],[-122.3815971806765,37.72959488323102],[-122.3814582917875,37.729525438786524],[-122.38134255104667,37.72942127211979],[-122.38124995845402,37.729282383230796],[-122.38116893993546,37.72909719804548],[-122.38109949549097,37.728865716563824],[-122.38104162512056,37.72858793878584],[-122.38099532882418,37.72826386471154],[-122.3809143103056,37.72799766100765],[-122.3807985695648,37.72778932767416],[-122.38064810660173,37.72763886471108],[-122.38046292141641,37.72754627211842],[-122.38027773623108,37.727476827673925],[-122.38009255104576,37.7274305313776],[-122.37990736586045,37.72740738322943],[-122.37972218067512,37.72740738322943],[-122.37950227326755,37.72734951285902],[-122.37924764363774,37.7272337721182],[-122.37895829178568,37.72706016100696],[-122.37863421771138,37.726828679525305],[-122.37831014363707,37.72665506841407],[-122.37798606956277,37.726539327673244],[-122.37766199548845,37.72648145730283],[-122.37733792141412,37.72648145730283],[-122.37696755104348,37.726446735080586],[-122.37655088437651,37.72637729063609],[-122.37608792141322,37.72627312396935],[-122.37557866215359,37.726134235080366],[-122.37516199548662,37.726006920265455],[-122.37483792141231,37.72589117952463],[-122.37460643993064,37.72578701285789],[-122.37446755104166,37.72569442026523],[-122.37424764363408,37.72562497582073],[-122.37394671770792,37.7255786795244],[-122.37356477326321,37.72555553137624],[-122.37310181029991,37.72555553137624],[-122.37266199548478,37.72553238322807],[-122.3722453288178,37.725486086931745],[-122.371851810299,37.72541664248725],[-122.37148143992837,37.72532404989459],[-122.37118051400222,37.72528932767234],[-122.37094903252057,37.7253124758205],[-122.37078699548343,37.72539349433908],[-122.37069440289076,37.72553238322807],[-122.37069440289076,37.725648123968895],[-122.37078699548343,37.72574071656155],[-122.37097218066874,37.72581016100605],[-122.37124995844673,37.72585645730238],[-122.3714582917802,37.72591432767279],[-122.3715971806692,37.72598377211729],[-122.37166662511369,37.72606479063586],[-122.37166662511369,37.726157383228525],[-122.37173606955818,37.726226827673024],[-122.37187495844717,37.72627312396935],[-122.37208329178065,37.726296272117516],[-122.37236106955865,37.726296272117516],[-122.37263884733662,37.726365716562015],[-122.37291662511461,37.726504605451],[-122.3731944028926,37.72671293878449],[-122.37347218067057,37.72699071656246],[-122.37372681030038,37.727175901747785],[-122.37395829178203,37.72726849434045],[-122.37416662511552,37.72726849434045],[-122.37435181030084,37.727175901747785],[-122.37456014363431,37.727106457303286],[-122.37479162511596,37.72706016100696],[-122.3750462547458,37.727037012858794],[-122.37532403252376,37.727037012858794],[-122.37561338437584,37.72707173508104],[-122.375914310302,37.72714117952554],[-122.37622681030221,37.72724534619228],[-122.37655088437653,37.727384235081274],[-122.37682866215451,37.727534698044344],[-122.37706014363616,37.727696735081494],[-122.37724532882147,37.72787034619274],[-122.37738421771046,37.728055531378054],[-122.37754625474761,37.72820599434113],[-122.37773143993293,37.728321735081956],[-122.37793977326642,37.72840275360053],[-122.37817125474807,37.72844904989686],[-122.3784143103038,37.72853006841543],[-122.37866893993362,37.728645809156255],[-122.3789351436375,37.72879627211933],[-122.3792129214155,37.72898145730465],[-122.37944440289715,37.72915506841589],[-122.37962958808245,37.72931710545304],[-122.37976847697145,37.72946756841611],[-122.37986106956411,37.72960645730511],[-122.38005782882351,37.729733772120014],[-122.38035875474965,37.72984951286084],[-122.38076384734254,37.72995367952758],[-122.38127310660221,37.73004627212024],[-122.3816781991951,37.73017358693515],[-122.38197912512123,37.7303356239723],[-122.38217588438063,37.730532383231704],[-122.3822684769733,37.73076386471335],[-122.3823957917882,37.73092590175051],[-122.38255782882536,37.731018494343175],[-122.38275458808475,37.731041642491334],[-122.3829860695664,37.73099534619501],[-122.38316145891386,37.730891179528264],[-122.38328075612714,37.73072914249111],[-122.38334396120622,37.73050923508354]]],[[[-122.47743051407983,37.73018516100923],[-122.47756940296881,37.73018516100923],[-122.47768514370964,37.7301388647129],[-122.4777777363023,37.73004627212025],[-122.4778471807468,37.72990738323125],[-122.47789347704312,37.729722198045934],[-122.47789347704312,37.72956016100878],[-122.47784718074678,37.729421272119794],[-122.47775458815413,37.72930553137897],[-122.47761569926514,37.729212938786304],[-122.47744208815391,37.72915506841589],[-122.47723375482042,37.72913192026772],[-122.47699069926469,37.729143494341805],[-122.47671292148671,37.72918979063814],[-122.47650458815323,37.72925923508264],[-122.47636569926422,37.72935182767529],[-122.47629625481974,37.72946756841611],[-122.47629625481974,37.72960645730511],[-122.47635412519014,37.729733772120014],[-122.476469865931,37.72984951286084],[-122.47664347704222,37.72995367952758],[-122.47687495852387,37.73004627212024],[-122.47708329185735,37.73011571656474],[-122.47726847704266,37.730162012861065],[-122.47743051407983,37.73018516100923]]],[[[-122.48298606963944,37.72960645730511],[-122.48312495852842,37.72946756841611],[-122.48307866223209,37.72930553137896],[-122.48284718075044,37.72912034619364],[-122.48243051408348,37.72891201286016],[-122.48182866223118,37.72868053137851],[-122.48136569926788,37.72854164248952],[-122.48104162519357,37.72849534619319],[-122.48085644000824,37.72854164248952],[-122.48081014371192,37.7286805313785],[-122.48074069926743,37.728784698045246],[-122.48064810667478,37.728854142489745],[-122.48053236593394,37.72888886471199],[-122.48039347704496,37.72888886471199],[-122.48028931037821,37.72893516100832],[-122.4802198659337,37.729027753600974],[-122.48018514371147,37.72916664248997],[-122.48018514371147,37.72935182767529],[-122.48024301408188,37.729513864712445],[-122.4803587548227,37.729652753601435],[-122.48053236593394,37.72976849434226],[-122.4807638474156,37.72986108693492],[-122.48104162519358,37.72991895730533],[-122.48136569926788,37.729942105453496],[-122.48173606963852,37.729930531379416],[-122.48215273630551,37.729884235083084],[-122.48249995852798,37.72981479063859],[-122.48277773630596,37.729722198045934],[-122.48298606963944,37.72960645730511]]],[[[-122.47365736592891,37.7297453461941],[-122.47374995852158,37.72969904989777],[-122.47381940296609,37.72961803137919],[-122.4738656992624,37.729502290638365],[-122.47388884741058,37.72935182767529],[-122.47388884741058,37.72916664248997],[-122.47379625481791,37.72903932767506],[-122.4736110696326,37.72896988323057],[-122.47333329185462,37.72895830915649],[-122.47296292148397,37.729004605452815],[-122.47269671778007,37.72908562397139],[-122.47253468074292,37.72920136471222],[-122.47247681037251,37.729351827675295],[-122.47252310666883,37.72953701286061],[-122.4726156992615,37.7296759017496],[-122.4727545881505,37.72976849434227],[-122.47293977333581,37.72981479063859],[-122.47317125481746,37.72981479063859],[-122.47336801407687,37.72980321656451],[-122.47353005111401,37.729780068416346],[-122.47365736592891,37.7297453461941]]],[[[-122.47094903259361,37.72960645730511],[-122.4710879214826,37.72946756841611],[-122.47112264370486,37.72934025360121],[-122.47105319926035,37.729224512860384],[-122.4708795881491,37.72912034619364],[-122.47060181037114,37.729027753600974],[-122.47031245851907,37.72896988323056],[-122.47001153259293,37.7289467350824],[-122.4696990325927,37.72895830915649],[-122.46937495851839,37.729004605452815],[-122.4691666251849,37.72908562397139],[-122.46907403259225,37.72920136471222],[-122.4690971807404,37.729351827675295],[-122.46923606962939,37.72953701286061],[-122.4694212548147,37.7296759017496],[-122.46965273629635,37.72976849434227],[-122.46993051407433,37.72981479063859],[-122.47025458814866,37.72981479063859],[-122.47053236592664,37.729780068416346],[-122.47076384740829,37.72971062397185],[-122.47094903259361,37.72960645730511]]],[[[-122.46270829184684,37.72918979063814],[-122.46266199555053,37.728773123971166],[-122.46259255110604,37.728460623970946],[-122.46249995851338,37.72825229063746],[-122.46238421777254,37.72814812397071],[-122.46224532888355,37.72814812397071],[-122.46209486592048,37.72818284619296],[-122.46193282888332,37.72825229063746],[-122.46175921777208,37.728356457304194],[-122.46157403258677,37.72849534619319],[-122.46143514369777,37.72863423508218],[-122.46134255110513,37.728773123971166],[-122.46129625480879,37.72891201286016],[-122.46129625480879,37.72905090174915],[-122.46135412517921,37.72920136471222],[-122.46146986592001,37.729363401749374],[-122.46164347703126,37.72953701286061],[-122.46187495851291,37.72972219804593],[-122.46208329184638,37.72984951286083],[-122.46226847703173,37.72991895730533],[-122.46243051406887,37.729930531379416],[-122.46256940295787,37.729884235083084],[-122.46266199555053,37.72974534619409],[-122.46270829184684,37.729513864712445],[-122.46270829184684,37.72918979063814]]],[[[-122.41803236588831,37.72935182767529],[-122.41807866218461,37.72916664248997],[-122.41805551403645,37.729027753600974],[-122.4179629214438,37.72893516100832],[-122.41780088440665,37.72888886471199],[-122.417569402925,37.72888886471199],[-122.41739579181376,37.72893516100832],[-122.41728005107294,37.729027753600974],[-122.41722218070252,37.72916664248997],[-122.41722218070252,37.72935182767529],[-122.41726847699886,37.729490716564285],[-122.41736106959152,37.729583309156936],[-122.4174999584805,37.72962960545327],[-122.41768514366584,37.72962960545327],[-122.4178356066289,37.729583309156936],[-122.41795134736972,37.729490716564285],[-122.41803236588831,37.72935182767529]]],[[[-122.44891199554048,37.7288194202675],[-122.44905088442947,37.728773123971166],[-122.44915505109621,37.728703679526674],[-122.4492244955407,37.728611086934016],[-122.44925921776296,37.72849534619319],[-122.44925921776296,37.728356457304194],[-122.44918977331847,37.72824071656337],[-122.44905088442947,37.72814812397071],[-122.44884255109598,37.72807867952622],[-122.448564773318,37.72803238322989],[-122.44835643998452,37.72806710545214],[-122.44821755109552,37.728182846192965],[-122.44814810665103,37.72837960545237],[-122.44814810665103,37.72865738323034],[-122.44818282887327,37.728854142489745],[-122.44825227331778,37.72896988323057],[-122.44835643998452,37.729004605452815],[-122.4484953288735,37.72895830915649],[-122.4486342177625,37.72891201286016],[-122.4487731066515,37.728865716563824],[-122.44891199554048,37.7288194202675]]],[[[-122.41101847699427,37.72826386471154],[-122.41120366217962,37.72821756841521],[-122.41131940292044,37.72814812397071],[-122.41136569921674,37.728055531378054],[-122.41134255106859,37.72793979063723],[-122.41124995847593,37.72780090174824],[-122.41112264366102,37.72771988322967],[-122.41096060662387,37.727696735081494],[-122.41076384736446,37.72773145730375],[-122.41053236588282,37.72782404989641],[-122.41030088440117,37.727893494340904],[-122.41006940291952,37.72793979063723],[-122.40983792143787,37.727962938785396],[-122.4096064399562,37.727962938785396],[-122.40944440291905,37.72799766100764],[-122.4093518103264,37.72806710545214],[-122.40932866217824,37.728171272118885],[-122.40937495847456,37.72831016100787],[-122.40949069921538,37.72840275360053],[-122.40967588440073,37.72844904989685],[-122.40993051403053,37.72844904989686],[-122.41025458810483,37.72840275360053],[-122.41054393995691,37.7283564573042],[-122.4107985695867,37.728310161007876],[-122.41101847699427,37.72826386471154]]],[[[-122.42520829181947,37.72706016100696],[-122.42534718070844,37.726828679525305],[-122.4255092177456,37.726608772117736],[-122.42569440293092,37.72640043878425],[-122.4259027362644,37.72620367952485],[-122.42613421774607,37.726018494339534],[-122.4263078288573,37.72583330915422],[-122.42642356959813,37.725648123968895],[-122.42648143996854,37.72546293878357],[-122.42648143996854,37.725277753598256],[-122.42635412515364,37.72512729063518],[-122.42609949552381,37.725011549894354],[-122.42571755107909,37.72493053137578],[-122.42520829181947,37.72488423507945],[-122.4247916251525,37.72487266100537],[-122.42446755107818,37.72489580915354],[-122.42423606959653,37.72495367952395],[-122.42409718070755,37.72504627211661],[-122.42396986589263,37.72524303137601],[-122.4238541251518,37.72554395730216],[-122.42374995848506,37.72594904989504],[-122.4236573658924,37.72645830915467],[-122.42363421774422,37.72681710545123],[-122.42368051404057,37.72702543878471],[-122.4237962547814,37.72708330915512],[-122.42398143996672,37.726990716562455],[-122.42416662515204,37.72695599434021],[-122.42435181033736,37.72697914248838],[-122.42453699552269,37.72706016100696],[-122.424722180708,37.727199049895944],[-122.42489579181924,37.72724534619228],[-122.42505782885641,37.72719904989595],[-122.42520829181947,37.72706016100696]]],[[[-122.41020829180852,37.727337938784935],[-122.4103471806975,37.72729164248861],[-122.41045134736424,37.72721062397003],[-122.41052079180875,37.727094883229206],[-122.41055551403099,37.72694442026613],[-122.41055551403099,37.72675923508081],[-122.41049764366058,37.72664349433998],[-122.41038190291975,37.726597198043656],[-122.41020829180852,37.72662034619182],[-122.40997681032685,37.72671293878449],[-122.40982634736378,37.726817105451225],[-122.40975690291928,37.72693284619205],[-122.40976847699336,37.72706016100696],[-122.40986106958603,37.727199049895944],[-122.40996523625277,37.72729164248861],[-122.4100809769936,37.727337938784935],[-122.41020829180852,37.727337938784935]]],[[[-122.46458329184823,37.726898123969804],[-122.4646758844409,37.726805531377146],[-122.46466431036681,37.72668979063632],[-122.46454856962598,37.72655090174733],[-122.4643286622184,37.726388864710174],[-122.46400458814409,37.72620367952486],[-122.4636689399957,37.72599534619137],[-122.46332171777323,37.72576386470972],[-122.46296292147666,37.725509235079905],[-122.46259255110603,37.72523145730193],[-122.46226847703171,37.72499997582028],[-122.46199069925373,37.72481479063496],[-122.46175921777208,37.72467590174597],[-122.46157403258677,37.7245833091533],[-122.46133097703104,37.72451386470881],[-122.4610300511049,37.724467568412486],[-122.46067125480833,37.72444442026432],[-122.46025458814137,37.72444442026432],[-122.45995366221521,37.724479142486565],[-122.4597684770299,37.724548586931064],[-122.4596990325854,37.72465275359781],[-122.45974532888171,37.72479164248679],[-122.45986106962253,37.72489580915353],[-122.46004625480785,37.72496525359803],[-122.46030088443767,37.724999975820275],[-122.46062495851199,37.724999975820275],[-122.46092588443813,37.725011549894354],[-122.46120366221612,37.72503469804252],[-122.46145829184593,37.72506942026477],[-122.46168977332758,37.7251157165611],[-122.46187495851291,37.7251851610056],[-122.46201384740189,37.725277753598256],[-122.46210643999456,37.72539349433908],[-122.4621527362909,37.72553238322807],[-122.46228005110581,37.725659698042975],[-122.4624883844393,37.7257754387838],[-122.46277773629134,37.725879605450544],[-122.46314810666198,37.7259721980432],[-122.46343745851405,37.72611108693219],[-122.46364579184754,37.726296272117516],[-122.46377310666244,37.726527753599164],[-122.46381940295876,37.726805531377146],[-122.46388884740327,37.72700229063655],[-122.46398143999593,37.72711803137737],[-122.46409718073676,37.72715275359962],[-122.46423606962574,37.727106457303286],[-122.46436338444066,37.727048586932874],[-122.46447912518148,37.72697914248838],[-122.46458329184823,37.726898123969804]]],[[[-122.48143514371237,37.72664349433998],[-122.48152773630504,37.726504605451],[-122.48156245852729,37.726377290636094],[-122.48153931037912,37.72626154989527],[-122.48145829186055,37.726157383228525],[-122.48131940297155,37.72606479063586],[-122.4812152363048,37.72596062396912],[-122.48114579186031,37.7258448832283],[-122.48111106963808,37.72571756841339],[-122.48111106963808,37.7255786795244],[-122.48119208815666,37.72545136470949],[-122.48135412519382,37.72533562396867],[-122.48159718074955,37.72523145730193],[-122.48192125482385,37.725138864709265],[-122.48216431037959,37.72503469804252],[-122.48232634741673,37.724918957301696],[-122.48240736593532,37.72479164248679],[-122.48240736593532,37.72465275359781],[-122.48237264371306,37.72451386470882],[-122.48230319926857,37.72437497581982],[-122.48219903260183,37.72423608693083],[-122.48206014371284,37.72409719804185],[-122.48180551408302,37.7239930313751],[-122.48143514371237,37.7239235869306],[-122.4809490326009,37.72388886470836],[-122.48034718074862,37.72388886470836],[-122.47986106963715,37.72391201285652],[-122.4794906992665,37.72395830915285],[-122.4792360696367,37.72402775359734],[-122.4790971807477,37.724120346190006],[-122.47888884741421,37.72417821656042],[-122.47861106963623,37.72420136470859],[-122.47826384741376,37.724189790634505],[-122.47784718074679,37.72414349433817],[-122.4775115325984,37.72416664248634],[-122.47725690296858,37.724259235078996],[-122.47708329185735,37.72442127211615],[-122.4769906992647,37.7246527535978],[-122.47695597704245,37.724849512857205],[-122.47697912519061,37.725011549894354],[-122.4770601437092,37.725138864709265],[-122.47719903259818,37.72523145730193],[-122.47734949556124,37.72528932767234],[-122.47751153259841,37.7253124758205],[-122.47768514370965,37.72530090174642],[-122.47787032889495,37.72525460545009],[-122.47813653259885,37.72521988322785],[-122.47848375482134,37.72519673507968],[-122.47891199556238,37.7251851610056],[-122.47942125482203,37.7251851610056],[-122.47979162519266,37.72520374393035],[-122.48002310667431,37.72524090977984],[-122.48011569926697,37.72529665855409],[-122.48006940297066,37.72537099025309],[-122.48011569926697,37.72551232276933],[-122.48025458815596,37.72572065610281],[-122.4804860696376,37.72599599025354],[-122.48081014371192,37.726338325221505],[-122.48107634741582,37.72656035422524],[-122.4812846807493,37.726662077264734],[-122.48143514371237,37.72664349433998]]],[[[-122.45113421776433,37.726296272117516],[-122.45127310665332,37.726296272117516],[-122.45137727332005,37.72621525359894],[-122.45144671776455,37.72605321656179],[-122.4514814399868,37.72581016100605],[-122.4514814399868,37.72548608693174],[-122.45141199554232,37.725243031376],[-122.4512731066533,37.72508099433885],[-122.45106477331983,37.724999975820275],[-122.45078699554185,37.724999975820275],[-122.45057866220837,37.72508099433885],[-122.45043977331937,37.725243031376],[-122.45037032887488,37.72548608693174],[-122.45037032887488,37.72581016100605],[-122.45040505109712,37.72605321656179],[-122.45047449554163,37.72621525359894],[-122.45057866220837,37.726296272117516],[-122.45071755109736,37.726296272117516],[-122.45085643998635,37.726296272117516],[-122.45099532887535,37.726296272117516],[-122.45113421776433,37.726296272117516]]],[[[-122.47157403259408,37.72541664248725],[-122.4717592177794,37.72532404989459],[-122.47188653259431,37.72519673507968],[-122.47195597703882,37.72503469804253],[-122.4719675511129,37.724837938783125],[-122.47192125481652,37.724606457301476],[-122.4718055140757,37.72444442026432],[-122.4716203288904,37.724351827671654],[-122.47136569926057,37.724328679523495],[-122.47104162518626,37.72437497581982],[-122.47079856963053,37.7244559943384],[-122.47063653259337,37.72457173507922],[-122.4705555140748,37.7247221980423],[-122.4705555140748,37.72490738322762],[-122.47060181037114,37.725069420264774],[-122.4706944029638,37.725208309153764],[-122.47083329185278,37.72532404989459],[-122.47101847703811,37.72541664248725],[-122.47120366222343,37.72546293878358],[-122.47138884740875,37.72546293878358],[-122.47157403259408,37.72541664248725]]],[[[-122.46921292148123,37.72502312396844],[-122.4693055140739,37.72479164248679],[-122.4693633844443,37.72459488322739],[-122.46938653259247,37.72443284619024],[-122.46937495851839,37.724305531375336],[-122.46932866222207,37.72421293878267],[-122.46921292148124,37.72414349433817],[-122.46902773629591,37.72409719804185],[-122.4687731066661,37.72407404989368],[-122.46844903259179,37.72407404989368],[-122.46818282888789,37.72414349433817],[-122.46797449555442,37.72428238322716],[-122.46782403259134,37.724490716560645],[-122.46773143999867,37.724768494338626],[-122.4677082918505,37.724999975820275],[-122.46775458814683,37.7251851610056],[-122.46787032888766,37.72532404989459],[-122.46805551407297,37.72541664248725],[-122.4682406992583,37.72547451285766],[-122.46842588444362,37.725497661005825],[-122.46861106962893,37.72548608693174],[-122.46879625481427,37.72543979063541],[-122.46895829185144,37.725347198042755],[-122.46909718074042,37.72520830915376],[-122.46921292148123,37.72502312396844]]],[[[-122.40564810661998,37.7251851610056],[-122.40583329180532,37.7251851610056],[-122.40598375476839,37.725138864709265],[-122.40609949550921,37.725046272116614],[-122.4061805140278,37.72490738322762],[-122.40622681032411,37.7247221980423],[-122.40641199550944,37.724479142486565],[-122.40673606958373,37.72417821656042],[-122.40719903254704,37.723819420263865],[-122.40780088439934,37.72340275359689],[-122.40832171773303,37.72306710544851],[-122.40876153254818,37.722812475818685],[-122.40912032884475,37.72263886470745],[-122.40939810662272,37.72254627211478],[-122.40973375477112,37.72247682767029],[-122.41012727328993,37.722430531373966],[-122.41057866217915,37.7224073832258],[-122.41108792143878,37.7224073832258],[-122.41149714745518,37.72239580915172],[-122.41180634022837,37.72237266100355],[-122.41201549975833,37.7223379387813],[-122.41212462604506,37.722291642484976],[-122.41217918918842,37.72219904989231],[-122.41217918918842,37.72206016100333],[-122.41212462604506,37.721874975818004],[-122.41201549975833,37.721643494336355],[-122.41180634022837,37.721481457299205],[-122.41149714745518,37.72138886470654],[-122.41108792143878,37.721365716558374],[-122.41057866217915,37.72141201285471],[-122.41009255106769,37.72144673507695],[-122.40962958810438,37.72146988322511],[-122.40918977328924,37.7214814572992],[-122.40877310662228,37.7214814572992],[-122.4084258843998,37.721516179521444],[-122.40814810662182,37.72158562396594],[-122.40793977328833,37.72168979063268],[-122.40780088439935,37.72182867952168],[-122.40756940291769,37.7219444202625],[-122.40724532884339,37.722037012855154],[-122.40682866217642,37.72210645729965],[-122.40631940291678,37.722152753595985],[-122.40592588439796,37.7222106239664],[-122.40564810661999,37.72228006841089],[-122.40548606958284,37.72236108692947],[-122.4054397732865,37.722453679522125],[-122.40534718069384,37.722523123966624],[-122.40520829180484,37.72256942026295],[-122.40502310661952,37.722592568411116],[-122.40479162513788,37.722592568411116],[-122.40461801402665,37.72262729063336],[-122.40450227328583,37.72269673507786],[-122.4044444029154,37.7228009017446],[-122.4044444029154,37.722939790633596],[-122.40454856958215,37.72305553137442],[-122.40475690291564,37.72314812396708],[-122.40506940291587,37.72321756841157],[-122.40548606958282,37.7232638647079],[-122.40578699550898,37.72332173507831],[-122.40597218069429,37.72339117952281],[-122.40604162513878,37.72347219804138],[-122.40599532884247,37.72356479063404],[-122.4059027362498,37.72363423507854],[-122.40576384736082,37.72368053137487],[-122.4055786621755,37.723703679523034],[-122.40534718069384,37.723703679523034],[-122.40516199550852,37.7237268276712],[-122.40502310661952,37.72377312396753],[-122.40493051402686,37.72384256841203],[-122.40488421773055,37.72393516100468],[-122.40476847698973,37.72401617952326],[-122.40458329180441,37.72408562396776],[-122.40432866217459,37.72414349433817],[-122.40400458810028,37.724189790634505],[-122.40376153254454,37.72427080915308],[-122.4035994955074,37.72438654989391],[-122.40351847698881,37.72453701285698],[-122.40351847698881,37.72472219804229],[-122.40363421772965,37.724872661005364],[-122.40386569921128,37.72498840174619],[-122.40421292143375,37.72506942026477],[-122.40467588439707,37.7251157165611],[-122.40506940291587,37.725150438783345],[-122.40539347699016,37.72517358693152],[-122.40564810661998,37.7251851610056]]],[[[-122.40296292143285,37.724837938783125],[-122.40296292143285,37.724606457301476],[-122.4029281992106,37.72442127211616],[-122.4028587547661,37.72428238322716],[-122.40275458809936,37.724189790634505],[-122.40261569921037,37.72414349433817],[-122.40251153254363,37.723981457301015],[-122.40244208809912,37.72370367952304],[-122.40240736587688,37.723310161004235],[-122.40240736587688,37.722800901744606],[-122.40237264365463,37.72246525359621],[-122.40230319921014,37.722303216559055],[-122.4021990325434,37.72231479063314],[-122.4020601436544,37.72249997581846],[-122.40195597698765,37.72269673507786],[-122.40188653254316,37.72290506841135],[-122.40185181032092,37.72312497581891],[-122.40185181032092,37.72335645730056],[-122.40192125476541,37.723622661004455],[-122.40206014365441,37.7239235869306],[-122.4022684769879,37.724259235078996],[-122.40254625476587,37.724629605449636],[-122.40275458809936,37.724849512857205],[-122.40289347698835,37.7249189573017],[-122.40296292143285,37.724837938783125]]],[[[-122.36458329177518,37.7246527535978],[-122.36430551399721,37.72442127211615],[-122.36491530230869,37.72424766100492],[-122.36641265670963,37.72413192026409],[-122.36879757720007,37.72407404989368],[-122.37207006377996,37.72407404989368],[-122.37450837073675,37.72403664102532],[-122.37611249807048,37.72396182328862],[-122.37688244578109,37.723849596683564],[-122.37681821386863,37.72369996121016],[-122.37672029143427,37.7235349192301],[-122.37658867847803,37.72335447074339],[-122.37642337499992,37.72315861575004],[-122.3762243809999,37.72294735425004],[-122.37607173668741,37.722701339937544],[-122.37596544206241,37.72242057281254],[-122.3759054971249,37.722105052875044],[-122.37589190187492,37.721754780125046],[-122.37586155518743,37.72144299487505],[-122.37581445706242,37.72116969712505],[-122.37575060749992,37.72093488687505],[-122.37567000649994,37.72073856412505],[-122.37552331687495,37.72052694037505],[-122.37531053862493,37.72030001562506],[-122.37503167174992,37.720057789875064],[-122.37468671624993,37.71980026312507],[-122.37442023893742,37.719577905312576],[-122.3742322398124,37.71939071643759],[-122.3741227188749,37.719238696500085],[-122.37409167612492,37.719121845500084],[-122.37402659212492,37.71902637393758],[-122.37392746687492,37.71895228181258],[-122.37379430037493,37.71889956912507],[-122.37362709262493,37.718868235875064],[-122.37339973956243,37.718855884875055],[-122.37311224118743,37.71886251612506],[-122.37276459749992,37.71888812962505],[-122.37235680849992,37.71893272537505],[-122.37196705674991,37.71894690318754],[-122.3715953422499,37.71893066306255],[-122.3712416649999,37.71888400500005],[-122.3709060249999,37.71880692900005],[-122.3706197786874,37.718708702312554],[-122.37038292606239,37.718589324937554],[-122.37019546712489,37.71844879687505],[-122.3700574018749,37.71828711812505],[-122.3699175644374,37.71814948143755],[-122.3697759548124,37.718035886812544],[-122.3696325729999,37.71794633425005],[-122.36948741899991,37.71788082375006],[-122.36929015443741,37.717827213000064],[-122.36904077931241,37.71778550200007],[-122.36873929362491,37.717755690750074],[-122.36838569737495,37.71773777925008],[-122.36801554162494,37.71765855968758],[-122.36762882637493,37.717518032062586],[-122.36722555162493,37.71731619637508],[-122.36680571737492,37.717053052625076],[-122.36646098104622,37.71682149168288],[-122.36619134263883,37.716621513548475],[-122.36599680215275,37.71645311822189],[-122.36587735958797,37.7163163057031],[-122.36569815704583,37.7162252703881],[-122.36545919452632,37.71618001227687],[-122.36516047202946,37.71618053136942],[-122.36480198955523,37.71622682766575],[-122.36450966404246,37.71629627211024],[-122.36428349549112,37.71638886470291],[-122.36412348390127,37.71650460544373],[-122.36402962927284,37.716643494332715],[-122.36387821978295,37.71681882451842],[-122.3636692554316,37.717030596000846],[-122.36340273621876,37.71727880877998],[-122.36307866214445,37.71756346285582],[-122.3628471806628,37.71780995656049],[-122.36270829177381,37.718018289893976],[-122.36266199547748,37.718188462856276],[-122.36270829177383,37.7183204754474],[-122.36279793285743,37.71845299968237],[-122.36293091872827,37.718586035561174],[-122.3631072493864,37.71871958308383],[-122.3633269248318,37.71885364225034],[-122.36344833662858,37.719013264426245],[-122.36347148477675,37.71919844961157],[-122.3633963692763,37.7194091978063],[-122.36322299012724,37.719645509010434],[-122.36305823354319,37.71981593664734],[-122.36290209952415,37.71992048071703],[-122.36275458807015,37.71995914121949],[-122.36261569918115,37.71993191815473],[-122.36236540125194,37.71982571402968],[-122.36200369428252,37.71964052884436],[-122.36153057827289,37.719376362598766],[-122.36094605322302,37.71903321529289],[-122.36045703143868,37.71883299724427],[-122.3600635129199,37.71877570845291],[-122.35976549766661,37.71886134891879],[-122.35956298567883,37.71908991864194],[-122.35966890071148,37.71941253683699],[-122.36008324276457,37.71982920350396],[-122.36080601183804,37.72033991864284],[-122.36183720793193,37.720944682253645],[-122.36263058375687,37.721444551258074],[-122.3631861393128,37.72183952565612],[-122.36350387459981,37.72212960544782],[-122.36358378961785,37.722314790633135],[-122.3636205777332,37.72247682767029],[-122.3636142389459,37.72261571655928],[-122.36356477325592,37.72273145730011],[-122.36347218066325,37.722824049892765],[-122.36335643992243,37.722893494337264],[-122.36321755103344,37.72293979063359],[-122.3630555139963,37.722962938781755],[-122.36287032881097,37.722962938781755],[-122.36273976274404,37.72302080915217],[-122.36266381579549,37.72313654989299],[-122.36264248796532,37.72331016100423],[-122.36267577925354,37.723541642485884],[-122.36283131378663,37.72379157693787],[-122.36310909156462,37.72405996436021],[-122.36350911258748,37.72434680475288],[-122.36403137685522,37.7246520981159],[-122.36443464913012,37.724874189241895],[-122.36471892941215,37.72501307813089],[-122.36488421770133,37.72506876478287],[-122.36493051399768,37.72504124919782],[-122.36489579177544,37.724962742138636],[-122.36478005103459,37.724833243605296],[-122.36458329177518,37.7246527535978]]],[[[-122.47331014370646,37.724606457301476],[-122.47317125481746,37.72446756841248],[-122.47303236592847,37.72440969804207],[-122.47289347703948,37.72443284619024],[-122.47275458815048,37.72453701285698],[-122.4726156992615,37.72472219804229],[-122.47258097703924,37.7248495128572],[-122.47265042148373,37.724918957301696],[-122.47282403259499,37.72493053137578],[-122.47310181037295,37.72488423507945],[-122.4732754214842,37.72481479063496],[-122.47334486592871,37.7247221980423],[-122.47331014370646,37.724606457301476]]],[[[-122.4767823659312,37.72416664248634],[-122.47673606963488,37.723981457301015],[-122.47662032889406,37.723830994337945],[-122.47643514370871,37.72371525359712],[-122.4761805140789,37.72363423507854],[-122.4758564400046,37.72358793878221],[-122.47561338444886,37.7236088052813],[-122.47545134741172,37.723696834575804],[-122.47537032889313,37.72385202666574],[-122.47537032889313,37.72407438155109],[-122.4754629214858,37.72424342936417],[-122.47564810667112,37.724359170105],[-122.4759258844491,37.724421603773564],[-122.47629625481974,37.72443073036986],[-122.47656245852365,37.72439127902076],[-122.47672449556079,37.724303249726255],[-122.4767823659312,37.72416664248634]]],[[[-122.42541662515295,37.72384256841203],[-122.42569440293093,37.72356479063405],[-122.42589116219033,37.723321735078315],[-122.42600690293115,37.72311340174483],[-122.4260416251534,37.722939790633596],[-122.42599532885707,37.7228009017446],[-122.42586801404217,37.72269673507786],[-122.42565968070869,37.72262729063336],[-122.42537032885662,37.722592568411116],[-122.42499995848597,37.722592568411116],[-122.42468745848575,37.722604142485196],[-122.42443282885594,37.72262729063337],[-122.42423606959653,37.722662012855615],[-122.42409718070755,37.72270830915195],[-122.4239930140408,37.722800901744606],[-122.4239235695963,37.722939790633596],[-122.42388884737406,37.72312497581891],[-122.42388884737406,37.72335645730056],[-122.42393514367038,37.7235300684118],[-122.42402773626304,37.72364580915262],[-122.42416662515204,37.723703679523034],[-122.42435181033736,37.723703679523034],[-122.42451384737451,37.72373840174528],[-122.4246527362635,37.72380784618978],[-122.42476847700432,37.723912012856516],[-122.424861069597,37.724050901745514],[-122.424999958486,37.72408562396776],[-122.4251851436713,37.72401617952327],[-122.42541662515295,37.72384256841203]]],[[[-122.46370366221795,37.72368053137487],[-122.46407403258858,37.723541642485884],[-122.46442125481107,37.72343747581914],[-122.46474532888539,37.72336803137464],[-122.46504625481153,37.723333309152395],[-122.4653240325895,37.723333309152395],[-122.46553236592298,37.72331016100423],[-122.46567125481198,37.7232638647079],[-122.46574069925647,37.72319442026341],[-122.46574069925647,37.723101827670746],[-122.46561338444157,37.72302080915217],[-122.46535875481175,37.72295136470767],[-122.46497681036703,37.722893494337264],[-122.46446755110739,37.72284719804093],[-122.46402773629225,37.72284719804094],[-122.46365736592162,37.722893494337264],[-122.46335643999548,37.72298608692992],[-122.46312495851382,37.723124975818905],[-122.46297449555075,37.723263864707896],[-122.46290505110625,37.72340275359689],[-122.46291662518033,37.723541642485884],[-122.46300921777299,37.72368053137487],[-122.46317125481015,37.723749975819366],[-122.4634027362918,37.723749975819366],[-122.46370366221795,37.72368053137487]]],[[[-122.42650458811671,37.72381942026386],[-122.4266434770057,37.72377312396753],[-122.42674764367244,37.723703679523034],[-122.42681708811693,37.723611086930376],[-122.42685181033919,37.72349534618955],[-122.42685181033919,37.72335645730056],[-122.42679393996877,37.72327543878198],[-122.42667819922794,37.72325229063382],[-122.4265045881167,37.72328701285607],[-122.42627310663505,37.72337960544873],[-122.42612264367199,37.72347219804139],[-122.4260531992275,37.72356479063404],[-122.42606477330158,37.72365738322671],[-122.42615736589424,37.72374997581937],[-122.42626153256099,37.723807846189786],[-122.42637727330181,37.723830994337945],[-122.42650458811671,37.72381942026386]]],[[[-122.36178716016784,37.722291642484976],[-122.3612502329244,37.72196756841066],[-122.36083130633962,37.7217414237189],[-122.36053038041348,37.7216132084097],[-122.36034745514597,37.72158292248305],[-122.36028253053712,37.721650565938944],[-122.36036268172289,37.721776980259556],[-122.36058790870331,37.72196216544488],[-122.36095821147836,37.72220612149491],[-122.36147359004804,37.722508848409646],[-122.36188174229595,37.722735893595704],[-122.36218266822209,37.72288725705307],[-122.36237636782647,37.722962938781755],[-122.36246284110908,37.722962938781755],[-122.36252769607104,37.72295136470767],[-122.36257093271233,37.72292821655951],[-122.36259255103299,37.722893494337264],[-122.36259255103299,37.72284719804093],[-122.36245831922213,37.722731457300114],[-122.36218985560042,37.72254627211479],[-122.36178716016784,37.722291642484976]]],[[[-122.41232862931253,37.722013864706994],[-122.41250827208944,37.72224534618864],[-122.41271244861663,37.72243053137396],[-122.41294115889409,37.72256942026296],[-122.41319440292179,37.722662012855615],[-122.41347218069977,37.72270830915195],[-122.41368051403326,37.72270830915195],[-122.41381940292226,37.722662012855615],[-122.41388884736675,37.72256942026296],[-122.41388884736675,37.72243053137396],[-122.41394671773716,37.72232636470722],[-122.41406245847799,37.72225692026272],[-122.41423606958922,37.72222219804048],[-122.41446755107089,37.72222219804048],[-122.41464116218212,37.7221411795219],[-122.41475690292295,37.72197914248475],[-122.41481477329336,37.72173608692901],[-122.41481477329336,37.7214120128547],[-122.41472218070069,37.72116895729897],[-122.41453699551538,37.72100692026182],[-122.4142592177374,37.72092590174324],[-122.41388884736675,37.72092590174324],[-122.41362264366285,37.72087960544691],[-122.4134606066257,37.72078701285425],[-122.41340273625529,37.72064812396526],[-122.4134490325516,37.72046293877994],[-122.4133795881071,37.72032404989095],[-122.4131944029218,37.72023145729829],[-122.41289347699566,37.72018516100196],[-122.41247681032867,37.72018516100196],[-122.41215273625437,37.720218275101814],[-122.41192125477272,37.720284503301514],[-122.41178236588372,37.72038384560106],[-122.41173606958739,37.72051630200046],[-122.41174764366147,37.72066354871874],[-122.41181708810596,37.72082558575589],[-122.41194440292088,37.721002413111925],[-122.41212958810621,37.72119403078683],[-122.41224671444914,37.7213493181171],[-122.41229578194967,37.721468275102715],[-122.41227679060779,37.72155090174369],[-122.41218974042354,37.72159719804002],[-122.41216936347956,37.72168979063268],[-122.41221565977591,37.72182867952168],[-122.41232862931253,37.722013864706994]]],[[[-122.42460643996716,37.72152775359553],[-122.42483792144883,37.72143516100287],[-122.42501153256006,37.72133099433613],[-122.42512727330089,37.721215253595304],[-122.4251851436713,37.7210879387804],[-122.4251851436713,37.7209490498914],[-122.42508097700457,37.720844883224665],[-122.42487264367107,37.720775438780166],[-122.42456014367085,37.72074071655792],[-122.42414347700387,37.72074071655792],[-122.42383097700363,37.72068284618751],[-122.42362264367014,37.72056710544668],[-122.42351847700341,37.72039349433545],[-122.42351847700341,37.72016201285379],[-122.42343745848483,37.719999975816634],[-122.42327542144768,37.71990738322398],[-122.42303236589194,37.71988423507582],[-122.42270829181763,37.71993053137214],[-122.4224652362619,37.71999997581664],[-122.42230319922476,37.7200925684093],[-122.42222218070617,37.720208309150124],[-122.42222218070617,37.72034719803912],[-122.42229162515066,37.720486086928105],[-122.42243051403966,37.7206249758171],[-122.42263884737315,37.720763864706086],[-122.42291662515112,37.72090275359508],[-122.4231249584846,37.72104164248407],[-122.4232638473736,37.72118053137305],[-122.4233332918181,37.72131942026204],[-122.4233332918181,37.72145830915104],[-122.42339116218851,37.72156247581778],[-122.42350690292933,37.721631920262276],[-122.42368051404057,37.72166664248452],[-122.42391199552222,37.72166664248452],[-122.42414347700387,37.721643494336355],[-122.42437495848552,37.72159719804003],[-122.42460643996716,37.72152775359553]]],[[[-122.39599532883517,37.720763864706086],[-122.39604162513149,37.72053238322444],[-122.39601847698331,37.72037034618728],[-122.39592588439066,37.720277753594615],[-122.39576384735352,37.720254605446456],[-122.39553236587187,37.72030090174278],[-122.39535875476064,37.72037034618728],[-122.3952430140198,37.720462938779946],[-122.39518514364939,37.72057867952077],[-122.39518514364939,37.72071756840975],[-122.39523143994572,37.72083330915058],[-122.39532403253837,37.72092590174324],[-122.39546292142737,37.720995346187735],[-122.39564810661268,37.72104164248407],[-122.39579856957576,37.721018494335894],[-122.3959143103166,37.72092590174324],[-122.39599532883517,37.720763864706086]]],[[[-122.43780088442125,37.72078701285426],[-122.43793977331025,37.720694420261594],[-122.43806708812517,37.72056710544668],[-122.43818282886596,37.72040506840953],[-122.4382869955327,37.720208309150124],[-122.43837958812537,37.719976827668475],[-122.43854162516253,37.719756920260906],[-122.43877310664418,37.71954858692743],[-122.43907403257033,37.71935182766802],[-122.43944440294096,37.719166642482705],[-122.43974532886712,37.71893516100105],[-122.43997681034877,37.718657383223075],[-122.44013884738592,37.71833330914876],[-122.44023143997859,37.71796293877813],[-122.44026616220083,37.717627290629736],[-122.44024301405267,37.71732636470359],[-122.4401619955341,37.717060160999694],[-122.4400231066451,37.71682867951804],[-122.43986106960796,37.716631920258635],[-122.43967588442261,37.716469883221485],[-122.43946755108914,37.716342568406574],[-122.43923606960749,37.716249975813916],[-122.43901616219992,37.71618053136942],[-122.43880782886643,37.71613423507309],[-122.43861106960703,37.716111086924926],[-122.43842588442172,37.716111086924926],[-122.43824069923639,37.71608793877676],[-122.43805551405107,37.716041642480434],[-122.43787032886576,37.715972198035935],[-122.43768514368043,37.71587960544328],[-122.43747681034694,37.71581016099878],[-122.43724532886529,37.71576386470245],[-122.43699069923548,37.715740716554286],[-122.43671292145748,37.715740716554286],[-122.43649301404992,37.71577543877653],[-122.43633097701277,37.71584488322103],[-122.43622681034603,37.71594904988777],[-122.43618051404971,37.71608793877675],[-122.43620366219787,37.7161921054435],[-122.43629625479052,37.716261549887996],[-122.43645829182768,37.71629627211024],[-122.43668977330933,37.71629627211024],[-122.43687495849464,37.71631942025841],[-122.43701384738364,37.71636571655473],[-122.4371064399763,37.716435160999225],[-122.43715273627262,37.71652775359189],[-122.4373031992357,37.71660877211047],[-122.43755782886552,37.71667821655497],[-122.43791662516207,37.71673608692538],[-122.43837958812539,37.716782383221705],[-122.43876153257011,37.71684025359212],[-122.43906245849625,37.716909698036616],[-122.43928236590382,37.71699071655519],[-122.4394212547928,37.71708330914785],[-122.43950227331138,37.71722219803684],[-122.43952542145955,37.71740738322217],[-122.4394906992373,37.717638864703815],[-122.43939810664465,37.71791664248179],[-122.43924764368157,37.71819442025977],[-122.43903931034808,37.71847219803775],[-122.43877310664419,37.71874997581573],[-122.43844903256988,37.71902775359371],[-122.43820597701414,37.71928238322352],[-122.43804393997699,37.71951386470517],[-122.4379629214584,37.71972219803866],[-122.4379629214584,37.719907383223976],[-122.43791662516207,37.72005784618705],[-122.43782403256941,37.72017358692788],[-122.43768514368043,37.720254605446456],[-122.4374999584951,37.72030090174278],[-122.43738421775427,37.72037034618728],[-122.43733792145795,37.720462938779946],[-122.43736106960611,37.72057867952077],[-122.43745366219878,37.72071756840975],[-122.43755782886552,37.72079858692833],[-122.43767356960635,37.720821735076505],[-122.43780088442125,37.72078701285426]]],[[[-122.43553236590107,37.72046293877994],[-122.43539347701208,37.72027775359462],[-122.43523143997493,37.72013886470563],[-122.4350462547896,37.72004627211297],[-122.43483792145612,37.71999997581664],[-122.43460643997447,37.71999997581664],[-122.43436338441873,37.719976827668475],[-122.43410875478894,37.71993053137215],[-122.43384255108504,37.71986108692765],[-122.43356477330704,37.71976849433499],[-122.43334486589947,37.719745346186826],[-122.43318282886233,37.71979164248315],[-122.43307866219558,37.71990738322398],[-122.43303236589927,37.7200925684093],[-122.43305551404742,37.7202314572983],[-122.43314810664008,37.72032404989095],[-122.43331014367723,37.72037034618728],[-122.43354162515888,37.72037034618728],[-122.43377310664053,37.72040506840953],[-122.43400458812218,37.720474512854025],[-122.43423606960383,37.72057867952077],[-122.43446755108549,37.72071756840975],[-122.43469903256714,37.72081016100242],[-122.43493051404879,37.720856457298744],[-122.43516199553044,37.720856457298744],[-122.43539347701208,37.72081016100242],[-122.43553236590108,37.72072914248384],[-122.4355786621974,37.720613401743016],[-122.43553236590107,37.72046293877994]]],[[[-122.42085643996444,37.72013886470563],[-122.42081014366809,37.71986108692765],[-122.42070597700135,37.719687475816414],[-122.4205439399642,37.719618031371915],[-122.42032403255664,37.71965275359416],[-122.42004625477865,37.71979164248316],[-122.41986106959334,37.71994210544623],[-122.41976847700069,37.72010414248338],[-122.41976847700067,37.72027775359462],[-122.41986106959332,37.72046293877994],[-122.41998838440823,37.72059025359485],[-122.42015042144538,37.72065969803935],[-122.4203471807048,37.72067127211343],[-122.42057866218646,37.720624975817096],[-122.42074069922361,37.72052080915035],[-122.42083329181627,37.7203587721132],[-122.42085643996444,37.72013886470563]]],[[[-122.40756940291769,37.72037034618728],[-122.40780088439935,37.72037034618728],[-122.40798606958467,37.72032404989095],[-122.40812495847365,37.7202314572983],[-122.40821755106631,37.7200925684093],[-122.40826384736263,37.71990738322398],[-122.40836801402938,37.719745346186826],[-122.40853005106655,37.719606457297836],[-122.40874995847412,37.71949071655701],[-122.40902773625209,37.71939812396435],[-122.40928236588191,37.719328679519855],[-122.40951384736356,37.71928238322353],[-122.40972218069703,37.71925923507536],[-122.40990736588236,37.71925923507536],[-122.41012727328993,37.71922451285312],[-122.41038190291974,37.71915506840862],[-122.41067125477181,37.71905090174188],[-122.41099532884613,37.71891201285288],[-122.41133097699452,37.71878469803798],[-122.411678199217,37.718668957297155],[-122.41203699551355,37.71856479063041],[-122.41240736588419,37.718472198037745],[-122.41263884736584,37.71837960544509],[-122.41273143995849,37.718287012852436],[-122.41268514366216,37.71819442025978],[-122.41249995847686,37.71810182766711],[-122.41228005106929,37.718032383222614],[-122.41202542143947,37.71798608692629],[-122.4117360695874,37.71796293877812],[-122.41141199551308,37.71796293877812],[-122.41111106958692,37.717939790629956],[-122.41083329180897,37.71789349433363],[-122.41057866217915,37.71782404988913],[-122.4103471806975,37.71773145729647],[-122.41016199551218,37.71762729062973],[-122.41002310662319,37.717511549888904],[-122.40993051403052,37.717384235074],[-122.4098842177342,37.717245346185],[-122.40981477328971,37.717141179518265],[-122.40972218069705,37.717071735073766],[-122.4096064399562,37.71703701285152],[-122.40946755106722,37.71703701285152],[-122.40939810662272,37.71709488322193],[-122.40939810662272,37.71721062396276],[-122.40946755106722,37.71738423507399],[-122.4096064399562,37.71761571655564],[-122.40969903254887,37.71783562396321],[-122.40974532884522,37.7180439572967],[-122.40974532884522,37.7182407165561],[-122.40969903254887,37.71842590174142],[-122.40958329180805,37.7185763647045],[-122.40939810662273,37.71869210544532],[-122.40914347699291,37.7187731239639],[-122.4088194029186,37.718819420260225],[-122.40856477328879,37.71887729063064],[-122.40837958810346,37.718946735075136],[-122.40826384736263,37.71902775359371],[-122.40821755106631,37.71912034618637],[-122.40811338439957,37.71922451285312],[-122.40795134736243,37.71934025359394],[-122.40773143995486,37.719467568408845],[-122.40745366217686,37.71960645729783],[-122.40719903254706,37.71971062396457],[-122.4069675510654,37.71978006840907],[-122.40675921773192,37.71981479063132],[-122.40657403254659,37.71981479063132],[-122.40641199550942,37.71978006840907],[-122.40627310662043,37.71971062396457],[-122.40615736587962,37.71960645729783],[-122.40606477328696,37.719467568408845],[-122.40593745847205,37.71935182766802],[-122.40577542143491,37.71925923507537],[-122.4055786621755,37.71918979063087],[-122.40534718069384,37.71914349433454],[-122.40509255106403,37.719039327667794],[-122.40481477328603,37.71887729063064],[-122.4045138473599,37.71865738322307],[-122.4041897732856,37.71837960544509],[-122.40390042143352,37.718229142482016],[-122.40364579180373,37.71820599433385],[-122.40342588439616,37.718310161000595],[-122.40324069921081,37.71854164248225],[-122.40309023624775,37.71876154988982],[-122.40297449550692,37.718969883223295],[-122.40289347698834,37.719166642482705],[-122.40284718069202,37.71935182766802],[-122.40283560661794,37.71951386470518],[-122.4028587547661,37.71965275359417],[-122.40291662513651,37.71976849433499],[-122.40300921772918,37.71986108692765],[-122.40314810661816,37.71991895729806],[-122.40333329180348,37.71994210544623],[-122.40356477328513,37.71993053137214],[-122.40384255106312,37.71988423507582],[-122.40410875476702,37.71987266100173],[-122.40436338439682,37.71989580914989],[-122.40460643995256,37.7199536795203],[-122.40483792143422,37.72004627211297],[-122.40509255106403,37.720115716557466],[-122.40537032884201,37.72016201285379],[-122.40567125476815,37.72018516100196],[-122.40599532884247,37.72018516100196],[-122.40628468069454,37.720196735076044],[-122.40653931032435,37.7202198832242],[-122.40675921773192,37.720254605446456],[-122.40694440291725,37.72030090174278],[-122.40714116217664,37.72033562396503],[-122.40734949551012,37.7203587721132],[-122.40756940291769,37.72037034618728]]],[[[-122.46236106962438,37.71935182766802],[-122.46245366221704,37.719166642482705],[-122.46256940295787,37.719039327667794],[-122.46270829184685,37.7189698832233],[-122.46287032888401,37.718958309149215],[-122.46305551406932,37.71900460544555],[-122.46321755110648,37.71907404989004],[-122.46335643999547,37.7191666424827],[-122.46347218073629,37.71928238322352],[-122.46356477332897,37.71942127211252],[-122.46366893999571,37.71951386470518],[-122.46378468073654,37.7195601610015],[-122.46391199555144,37.7195601610015],[-122.46405088444043,37.71951386470517],[-122.46415505110717,37.719398123964346],[-122.46422449555166,37.71921293877903],[-122.46425921777391,37.718958309149215],[-122.46425921777391,37.71863423507491],[-122.46434023629249,37.71839117951917],[-122.46450227332964,37.71822914248202],[-122.46474532888537,37.718148123963445],[-122.46506940295968,37.718148123963445],[-122.46533560666359,37.71818284618569],[-122.46554393999706,37.71825229063019],[-122.46569440296014,37.71835645729693],[-122.4657869955528,37.71849534618592],[-122.46596060666404,37.71856479063041],[-122.46621523629386,37.71856479063041],[-122.46655088444226,37.71849534618592],[-122.46696755110922,37.71835645729693],[-122.46733792147987,37.71826386470427],[-122.46766199555418,37.718217568407944],[-122.46793977333215,37.71821756840794],[-122.4681712548138,37.71826386470427],[-122.46835643999911,37.71826386470426],[-122.46849532888811,37.71821756840794],[-122.46858792148078,37.71812497581527],[-122.46863421777711,37.71798608692629],[-122.46864579185119,37.71783562396322],[-122.46862264370301,37.71767358692606],[-122.4685647733326,37.717499975814825],[-122.46847218073994,37.7173147906295],[-122.46832171777686,37.71715275359235],[-122.46811338444338,37.717013864703354],[-122.46784718073948,37.71689812396253],[-122.46752310666517,37.71680553136987],[-122.46722218073903,37.716782383221705],[-122.46694440296105,37.71682867951804],[-122.46668977333124,37.71694442025886],[-122.46645829184959,37.717129605444185],[-122.46619208814569,37.717268494333176],[-122.46589116221955,37.717361086925834],[-122.46555551407116,37.71740738322217],[-122.46518514370051,37.71740738322217],[-122.46489579184845,37.71743053137033],[-122.46468745851496,37.71747682766666],[-122.46456014370006,37.71754627211115],[-122.46451384740372,37.717638864703815],[-122.46440968073699,37.71768516100015],[-122.46424764369984,37.71768516100015],[-122.46402773629225,37.717638864703815],[-122.46374995851428,37.71754627211115],[-122.4635300511067,37.71745367951849],[-122.46336801406954,37.717361086925834],[-122.46326384740281,37.71726849433317],[-122.46321755110648,37.71717590174052],[-122.46312495851382,37.71710645729602],[-122.46298606962482,37.71706016099969],[-122.4628008844395,37.71703701285152],[-122.46256940295785,37.71703701285152],[-122.46240736592071,37.71708330914785],[-122.46231477332806,37.71717590174052],[-122.46229162517989,37.7173147906295],[-122.4623379214762,37.717499975814825],[-122.46232634740213,37.71767358692606],[-122.46225690295763,37.71783562396322],[-122.46212958814273,37.71798608692629],[-122.46194440295741,37.71812497581527],[-122.46172449554984,37.71821756840794],[-122.46146986592002,37.71826386470426],[-122.46118051406796,37.71826386470427],[-122.46085643999365,37.71821756840794],[-122.4605555140675,37.718148123963445],[-122.46027773628953,37.71805553137079],[-122.4600231066597,37.71793979062996],[-122.45979162517806,37.717800901740965],[-122.45956014369641,37.71770830914831],[-122.45932866221476,37.71766201285198],[-122.45909718073311,37.71766201285198],[-122.45886569925145,37.717708309148314],[-122.4585647733253,37.71774303137056],[-122.45819440295466,37.717766179518726],[-122.45775458813952,37.717777753592806],[-122.4572453288799,37.717777753592806],[-122.45686338443518,37.71780090174097],[-122.45660875480536,37.7178471980373],[-122.45648143999045,37.717916642481796],[-122.45648143999045,37.718009235074454],[-122.45667819924986,37.71807867951895],[-122.45707171776867,37.71812497581528],[-122.45766199554689,37.718148123963445],[-122.45844903258447,37.718148123963445],[-122.45908560665902,37.718159698037525],[-122.45957171777047,37.7181828461857],[-122.45990736591887,37.71821756840794],[-122.4600925511042,37.71826386470427],[-122.46025458814135,37.71833330914876],[-122.46039347703035,37.718425901741426],[-122.46050921777118,37.71854164248225],[-122.46060181036383,37.718680531371234],[-122.46071755110465,37.7187731239639],[-122.46085643999365,37.718819420260225],[-122.46101847703079,37.718819420260225],[-122.46120366221614,37.7187731239639],[-122.46135412517921,37.71878469803798],[-122.46146986592001,37.71885414248248],[-122.4615508844386,37.71898145729738],[-122.46159718073491,37.7191666424827],[-122.46166662517942,37.71931710544577],[-122.46175921777208,37.71943284618659],[-122.46187495851291,37.71951386470517],[-122.46201384740189,37.7195601610015],[-122.46214116221681,37.719548586927424],[-122.46225690295763,37.71947914248293],[-122.46236106962438,37.71935182766802]]],[[[-122.42224532885434,37.719629605446],[-122.42238421774333,37.719629605446],[-122.42249995848415,37.719537012853344],[-122.42259255107682,37.71935182766802],[-122.42266199552131,37.71907404989005],[-122.42270829181766,37.7187036795194],[-122.4228124584844,37.718437475815506],[-122.42297449552154,37.718275438778356],[-122.42319440292911,37.71821756840794],[-122.42347218070708,37.71826386470427],[-122.42371523626281,37.71827543877835],[-122.4239235695963,37.71825229063019],[-122.42409718070755,37.71819442025978],[-122.42423606959653,37.71810182766711],[-122.42434023626328,37.71799766100037],[-122.42440968070778,37.71788192025954],[-122.42444440293002,37.71775460544464],[-122.42444440293002,37.717615716555656],[-122.42440968070778,37.717488401740745],[-122.42434023626328,37.717372660999914],[-122.42423606959653,37.71726849433317],[-122.42409718070755,37.71717590174052],[-122.42393514367038,37.71710645729602],[-122.42374995848506,37.71706016099969],[-122.42354162515159,37.71703701285152],[-122.42331014366994,37.71703701285152],[-122.4231481066328,37.71708330914785],[-122.4230555140401,37.71717590174052],[-122.42303236589194,37.7173147906295],[-122.42307866218826,37.717499975814825],[-122.42304393996602,37.717638864703815],[-122.4229281992252,37.71773145729648],[-122.42273143996579,37.717777753592806],[-122.42245366218783,37.717777753592806],[-122.4222106066321,37.71781247581505],[-122.4220022732986,37.71788192025955],[-122.42182866218737,37.71798608692629],[-122.42168977329838,37.71812497581527],[-122.42151616218715,37.718182846185684],[-122.42130782885364,37.718159698037525],[-122.42106477329791,37.71805553137078],[-122.42078699551993,37.717870346185464],[-122.42053236589012,37.71774303137055],[-122.42030088440848,37.71767358692606],[-122.42009255107499,37.71766201285198],[-122.41990736588967,37.717708309148314],[-122.4197569029266,37.71780090174097],[-122.4196411621858,37.71793979062996],[-122.41956014366721,37.71812497581528],[-122.41951384737084,37.71835645729693],[-122.41958329181533,37.718530068408164],[-122.41976847700067,37.71864580914899],[-122.42006940292681,37.7187036795194],[-122.42048606959378,37.7187036795194],[-122.42078699551993,37.71874997581573],[-122.42097218070525,37.71884256840839],[-122.42104162514974,37.71898145729738],[-122.42099532885344,37.7191666424827],[-122.42099532885344,37.71932867951985],[-122.42104162514977,37.719467568408845],[-122.42113421774242,37.71958330914967],[-122.4212731066314,37.719675901742335],[-122.42141199552039,37.71973377211275],[-122.42155088440938,37.719756920260906],[-122.42168977329838,37.719745346186826],[-122.42182866218737,37.719699049890494],[-122.42196755107636,37.719664327668255],[-122.42210643996536,37.71964117952008],[-122.42224532885434,37.719629605446]]],[[[-122.43650458812401,37.71930553137169],[-122.43664347701299,37.71921293877903],[-122.43668977330933,37.71908562396412],[-122.436643477013,37.71892358692697],[-122.43650458812401,37.71872682766757],[-122.43627310664236,37.71849534618592],[-122.43604162516071,37.71832173507468],[-122.43581014367906,37.71820599433386],[-122.43557866219741,37.718148123963445],[-122.43534718071575,37.718148123963445],[-122.43515042145634,37.71817127211161],[-122.4349883844192,37.71821756840794],[-122.4348610696043,37.718287012852436],[-122.43476847701163,37.718379605445094],[-122.43460643997447,37.71846062396367],[-122.43437495849282,37.718530068408164],[-122.43407403256667,37.718587938778576],[-122.43370366219604,37.71863423507491],[-122.4334606066403,37.71871525359349],[-122.43334486589947,37.71883099433431],[-122.43335643997356,37.71898145729738],[-122.43349532886255,37.7191666424827],[-122.43364579182563,37.71928238322352],[-122.43380782886278,37.719328679519855],[-122.43398143997402,37.71930553137169],[-122.43416662515934,37.71921293877903],[-122.43436338441875,37.71914349433453],[-122.43457171775223,37.719097198038206],[-122.43479162515979,37.71907404989004],[-122.43502310664144,37.71907404989004],[-122.43525458812309,37.719097198038206],[-122.43548606960474,37.71914349433453],[-122.4357175510864,37.71921293877903],[-122.43594903256805,37.71930553137169],[-122.43615736590152,37.71935182766802],[-122.43634255108685,37.71935182766802],[-122.43650458812401,37.71930553137169]]],[[[-122.45333329184001,37.71886571655656],[-122.45333329184001,37.71872682766757],[-122.45329856961777,37.71862266100083],[-122.45322912517328,37.71855321655633],[-122.45312495850654,37.718518494334084],[-122.45298606961754,37.718518494334084],[-122.45285875480263,37.71856479063041],[-122.45274301406181,37.718657383223075],[-122.45263884739506,37.718796272112066],[-122.45254625480239,37.71898145729738],[-122.4525346807283,37.71910877211229],[-122.4526041251728,37.71917821655679],[-122.45275458813587,37.71918979063087],[-122.45298606961754,37.71914349433454],[-122.45315968072877,37.71907404989004],[-122.4532754214696,37.71898145729738],[-122.45333329184001,37.71886571655656]]],[[[-122.41768514366582,37.71900460544555],[-122.41787032885114,37.718958309149215],[-122.41793977329564,37.718877290630644],[-122.41789347699931,37.71876154988982],[-122.41773143996215,37.71861108692674],[-122.41745366218416,37.718425901741426],[-122.41722218070251,37.718229142482016],[-122.4170369955172,37.71802080914854],[-122.41689810662821,37.71780090174097],[-122.41680551403554,37.71756942025932],[-122.41667819922064,37.71740738322217],[-122.4165161621835,37.7173147906295],[-122.41631940292409,37.71729164248134],[-122.41608792144243,37.71733793877767],[-122.41585643996078,37.717349512851754],[-122.41562495847913,37.71732636470358],[-122.41539347699748,37.71726849433317],[-122.41516199551583,37.71717590174052],[-122.4149883844046,37.717141179518265],[-122.41487264366377,37.717164327666424],[-122.41481477329336,37.717245346185],[-122.41481477329336,37.717384235074],[-122.41474532884887,37.71748840174074],[-122.41460643995987,37.71755784618524],[-122.41439810662638,37.71759256840748],[-122.41412032884841,37.71759256840748],[-122.41390042144084,37.71762729062973],[-122.41373838440367,37.71769673507423],[-122.41363421773693,37.717800901740965],[-122.41358792144061,37.71793979062996],[-122.41363421773693,37.71806710544487],[-122.41377310662592,37.71818284618569],[-122.41400458810759,37.718287012852436],[-122.41432866218187,37.718379605445094],[-122.41462958810803,37.71844904988959],[-122.41490736588602,37.71849534618592],[-122.41516199551583,37.718518494334084],[-122.41539347699748,37.718518494334084],[-122.41567125477546,37.71855321655633],[-122.41599532884977,37.71862266100083],[-122.41636569922042,37.71872682766757],[-122.41678236588739,37.71886571655656],[-122.41714116218395,37.718958309149215],[-122.41744208811009,37.71900460544554],[-122.41768514366582,37.71900460544555]]],[[[-122.38942125475629,37.71874997581574],[-122.3892823658673,37.718657383223075],[-122.38922449549689,37.71854164248225],[-122.38924764364504,37.71840275359325],[-122.38935181031178,37.7182407165561],[-122.38953699549712,37.71805553137079],[-122.38965273623795,37.71788192025955],[-122.38969903253428,37.717719883222394],[-122.38967588438611,37.71756942025932],[-122.38958329179343,37.717430531370326],[-122.38943282883035,37.7173147906295],[-122.38922449549688,37.71722219803685],[-122.38895829179297,37.71715275359235],[-122.38863421771866,37.71710645729602],[-122.38839116216293,37.71702543877744],[-122.38822912512578,37.716909698036616],[-122.3881481066072,37.71675923507354],[-122.3881481066072,37.71657404988822],[-122.38810181031087,37.716412012851066],[-122.38800921771822,37.71627312396208],[-122.38787032882922,37.71615738322126],[-122.3876851436439,37.71606479062859],[-122.38753468068083,37.716053216554506],[-122.38741893994003,37.716122660999005],[-122.38733792142145,37.716273123962075],[-122.3872916251251,37.71650460544373],[-122.38731477327327,37.71673608692538],[-122.38740736586593,37.71696756840703],[-122.38756940290308,37.71719904988868],[-122.38780088438473,37.71743053137033],[-122.3879513473478,37.71766201285198],[-122.3880207917923,37.71789349433363],[-122.38800921771822,37.71812497581528],[-122.38791662512556,37.71835645729693],[-122.38790505105148,37.71855321655633],[-122.38797449549598,37.71871525359348],[-122.38812495845904,37.71884256840839],[-122.3883564399407,37.71893516100105],[-122.38858792142236,37.71899303137146],[-122.38881940290399,37.71901617951963],[-122.38905088438565,37.71900460544555],[-122.3892823658673,37.718958309149215],[-122.38942125475629,37.71890043877881],[-122.38946755105263,37.71883099433431],[-122.38942125475629,37.71874997581574]]],[[[-122.45178236591295,37.71856479063041],[-122.4517360696166,37.718472198037745],[-122.45158560665352,37.71839117951917],[-122.45133097702373,37.718321735074674],[-122.45097218072718,37.71826386470427],[-122.45050921776387,37.71821756840794],[-122.45013884739323,37.718217568407944],[-122.44986106961525,37.71826386470427],[-122.44967588442994,37.71835645729693],[-122.44958329183726,37.71849534618592],[-122.44966431035583,37.718599512852656],[-122.44991893998565,37.718668957297155],[-122.45034718072671,37.7187036795194],[-122.45094903257899,37.7187036795194],[-122.45138884739413,37.718680531371234],[-122.45166662517212,37.71863423507491],[-122.45178236591295,37.71856479063041]]],[[[-122.38064810660173,37.71842590174142],[-122.38046292141641,37.7182407165561],[-122.38027773623108,37.71810182766711],[-122.38009255104576,37.71800923507445],[-122.37990736586045,37.71796293877812],[-122.37972218067512,37.71796293877812],[-122.37963875966756,37.71800748835449],[-122.37965710283775,37.71809658750723],[-122.3797772101857,37.71823023623635],[-122.37999908171139,37.71840843454184],[-122.3802026100669,37.718543829990914],[-122.38038779525222,37.718636422583565],[-122.38055463726735,37.71868621231981],[-122.38070313611229,37.71869319919965],[-122.38076821394966,37.718652143063196],[-122.38074987077948,37.71856304391045],[-122.38064810660173,37.71842590174142]]],[[[-122.395833291798,37.7182407165561],[-122.39601847698333,37.71805553137079],[-122.3962383843909,37.717870346185464],[-122.3964930140207,37.71768516100015],[-122.39678236587278,37.717499975814825],[-122.3971064399471,37.7173147906295],[-122.39739579179916,37.71717590174052],[-122.39765042142895,37.71708330914785],[-122.39787032883652,37.71703701285152],[-122.39805551402186,37.71703701285152],[-122.39814810661451,37.716909698036616],[-122.39814810661451,37.716655068406794],[-122.39805551402186,37.716273123962075],[-122.39787032883652,37.715763864702446],[-122.39763884735487,37.71538192025773],[-122.39736106957692,37.71512729062791],[-122.3970369955026,37.71499997581301],[-122.39666662513196,37.71499997581301],[-122.39635412513172,37.71491895729443],[-122.3960994955019,37.71475692025727],[-122.3959027362425,37.71451386470154],[-122.3957638473535,37.71418979062724],[-122.39561338439043,37.713912012849256],[-122.39545134735329,37.7136805313676],[-122.39527773624204,37.713495346182285],[-122.39509255105672,37.71335645729329],[-122.3949652362418,37.7132175684043],[-122.3948957917973,37.713078679515306],[-122.39488421772322,37.71293979062632],[-122.39493051401959,37.71280090173733],[-122.394849495501,37.71263886470018],[-122.39464116216752,37.71245367951486],[-122.39430551401912,37.712245346181376],[-122.39384255105583,37.71201386469973],[-122.39349532883335,37.711817105440325],[-122.3932638473517,37.71165506840317],[-122.39314810661087,37.71152775358826],[-122.39314810661087,37.71143516099559],[-122.39299764364779,37.711342568402934],[-122.39269671772163,37.71124997581028],[-122.39224532883242,37.711157383217625],[-122.39164347698014,37.71106479062496],[-122.39112264364641,37.71099534618046],[-122.39068282883127,37.710949049884135],[-122.39032403253472,37.71092590173597],[-122.39004625475675,37.71092590173597],[-122.38982634734919,37.71100692025455],[-122.38966431031204,37.7111689572917],[-122.3895601436453,37.71141201284743],[-122.38951384734892,37.711736086921746],[-122.38950227327484,37.71204858692197],[-122.389525421423,37.71234951284812],[-122.38958329179343,37.71263886470018],[-122.38967588438611,37.712916642478156],[-122.3898147732751,37.71317127210797],[-122.38999995846042,37.71340275358962],[-122.39023143994207,37.71361108692311],[-122.39050921772005,37.713796272108425],[-122.39072912512762,37.71405090173825],[-122.39089116216478,37.71437497581255],[-122.39099532883152,37.71476849433135],[-122.39104162512783,37.71523145729465],[-122.39115736586865,37.71560182766529],[-122.391342551054,37.71587960544327],[-122.3915971806838,37.71606479062859],[-122.3919212547581,37.71615738322126],[-122.39216431031385,37.71618053136942],[-122.39232634735099,37.71613423507309],[-122.39240736586957,37.71601849433226],[-122.39240736586957,37.715833309146944],[-122.39246523623999,37.71569442025795],[-122.39258097698081,37.715601827665296],[-122.39275458809205,37.71555553136896],[-122.39298606957371,37.71555553136896],[-122.39321755105536,37.71557867951713],[-122.393449032537,37.715624975813455],[-122.39368051401866,37.715694420257954],[-122.3939119955003,37.71578701285061],[-122.39406245846337,37.715983772110015],[-122.39413190290787,37.71628469803616],[-122.3941203288338,37.71668979062905],[-122.39402773624113,37.71719904988868],[-122.39399301401887,37.7175809943334],[-122.39401616216705,37.71783562396321],[-122.39409718068563,37.71796293877812],[-122.39423606957462,37.71796293877812],[-122.39436338438952,37.71799766100037],[-122.39447912513037,37.71806710544487],[-122.3945832917971,37.718171272111604],[-122.39467588438976,37.7183101610006],[-122.39479162513057,37.71841432766734],[-122.39493051401956,37.71848377211184],[-122.39509255105672,37.718518494334084],[-122.39527773624204,37.718518494334084],[-122.39546292142737,37.71847219803775],[-122.39564810661268,37.718379605445094],[-122.395833291798,37.7182407165561]],[[-122.39194440290629,37.713194420256144],[-122.39175921772095,37.71310182766348],[-122.39158560660971,37.712986086922655],[-122.39142356957257,37.71284719803366],[-122.39127310660949,37.71268516099651],[-122.3911342177205,37.71249997581119],[-122.39111106957235,37.71237266099629],[-122.391203662165,37.71230321655179],[-122.39141199549849,37.7122916424777],[-122.3917360695728,37.712337938774034],[-122.39197912512853,37.71243053136669],[-122.39214116216567,37.712569420255676],[-122.39222218068426,37.712754605441],[-122.39222218068426,37.712986086922655],[-122.39217588438792,37.713136549885725],[-122.39208329179527,37.713205994330224],[-122.39194440290629,37.713194420256144]]],[[[-122.39342588438883,37.71819442025978],[-122.39324069920353,37.71810182766711],[-122.39307866216637,37.71799766100037],[-122.39293977327738,37.71788192025954],[-122.39282403253655,37.71775460544464],[-122.39273143994389,37.717615716555656],[-122.39267356957347,37.7174536795185],[-122.39265042142532,37.717268494333176],[-122.3926619954994,37.717060160999694],[-122.39270829179574,37.71682867951804],[-122.39268514364758,37.7166550684068],[-122.39259255105489,37.71653932766598],[-122.39243051401775,37.716481457295565],[-122.3921990325361,37.716481457295565],[-122.39197912512853,37.71644673507332],[-122.39177079179504,37.71637729062882],[-122.39157403253563,37.71627312396208],[-122.3913888473503,37.716134235073085],[-122.39114579179457,37.71600692025818],[-122.39084486586843,37.71589117951736],[-122.39048606957186,37.71578701285061],[-122.3900694029049,37.715694420257954],[-122.389803199201,37.71568284618387],[-122.38968745846017,37.715752290628366],[-122.38972218068243,37.715902753591436],[-122.38990736586774,37.716134235073085],[-122.39012727327531,37.71636571655473],[-122.39038190290515,37.71659719803638],[-122.39067125475721,37.71682867951804],[-122.39099532883151,37.717060160999694],[-122.39128468068358,37.71724534618501],[-122.39153931031338,37.71738423507401],[-122.39175921772095,37.71747682766666],[-122.39194440290629,37.71752312396299],[-122.39215273623977,37.71761571655564],[-122.39238421772141,37.71775460544464],[-122.39263884735124,37.717939790629956],[-122.3929166251292,37.718171272111604],[-122.39314810661085,37.71833330914876],[-122.39333329179618,37.718425901741426],[-122.39347218068517,37.718449049889585],[-122.39356477327783,37.71840275359326],[-122.393587921426,37.71834488322285],[-122.39354162512966,37.71827543877835],[-122.39342588438883,37.71819442025978]]],[[[-122.4553934770267,37.71796293877812],[-122.45553236591569,37.71796293877812],[-122.45564810665651,37.7179050684077],[-122.45574069924918,37.71778932766688],[-122.45581014369367,37.71761571655564],[-122.45585643999001,37.71738423507399],[-122.45582171776778,37.71719904988868],[-122.45570597702692,37.71706016099968],[-122.45550921776751,37.71696756840703],[-122.45523143998955,37.716921272110696],[-122.45502310665606,37.716828679518045],[-122.45488421776705,37.71668979062905],[-122.45481477332257,37.71650460544373],[-122.45481477332257,37.716273123962075],[-122.45478005110031,37.71606479062859],[-122.45471060665582,37.71587960544327],[-122.45460643998908,37.71571756840612],[-122.45446755110008,37.71557867951714],[-122.45427079184068,37.71542821655406],[-122.45401616221088,37.71526617951691],[-122.45370366221064,37.715092568405666],[-122.45333329184001,37.71490738322035],[-122.45305551406204,37.714814790627685],[-122.45287032887671,37.714814790627685],[-122.45277773628405,37.71490738322035],[-122.45277773628405,37.715092568405666],[-122.45287032887671,37.7153356239614],[-122.45305551406204,37.71563654988754],[-122.45333329184001,37.7159953461841],[-122.45370366221064,37.716412012851066],[-122.45395829184045,37.71678238322171],[-122.45409718072946,37.71710645729601],[-122.45412032887762,37.71738423507399],[-122.45402773628496,37.71761571655564],[-122.45403931035904,37.71778932766688],[-122.45415505109986,37.7179050684077],[-122.45437495850743,37.71796293877812],[-122.45469903258174,37.71796293877812],[-122.45497681035972,37.71796293877812],[-122.45520829184139,37.71796293877812],[-122.4553934770267,37.71796293877812]]],[[[-122.48437495852933,37.717361086925834],[-122.48432866223303,37.71708330914785],[-122.48425921778852,37.71688654988845],[-122.48416662519587,37.716770809147626],[-122.48405088445504,37.71673608692538],[-122.48391199556605,37.716782383221705],[-122.4838078288993,37.71687497581436],[-122.48373838445481,37.71701386470336],[-122.48370366223256,37.71719904988868],[-122.48370366223256,37.71743053137033],[-122.4837499585289,37.71760414248157],[-122.48384255112154,37.717719883222394],[-122.48398144001054,37.717777753592806],[-122.48416662519585,37.717777753592806],[-122.48429394001076,37.717708309148314],[-122.48436338445525,37.717569420259316],[-122.48437495852933,37.717361086925834]]],[[[-122.47381940296609,37.717499975814825],[-122.47377310666974,37.7173147906295],[-122.47369208815117,37.71719904988868],[-122.47357634741034,37.71715275359235],[-122.47342588444727,37.71717590174052],[-122.47324069926195,37.71726849433317],[-122.47315968074338,37.717361086925834],[-122.47318282889154,37.71745367951849],[-122.47331014370644,37.71754627211115],[-122.47354162518809,37.717638864703815],[-122.47370366222523,37.71766201285198],[-122.47379625481793,37.71761571655565],[-122.47381940296609,37.717499975814825]]],[[[-122.37944440289715,37.717638864703815],[-122.37944440289715,37.71754627211115],[-122.37936338437856,37.71740738322217],[-122.37920134734141,37.71722219803684],[-122.37895829178568,37.716990716555195],[-122.37863421771138,37.71671293877721],[-122.37836801400748,37.71650460544373],[-122.378159680674,37.71636571655473],[-122.37800921771093,37.71629627211024],[-122.37791662511825,37.71629627211024],[-122.3778124584515,37.71624997581391],[-122.37769671771068,37.71615738322126],[-122.37756940289577,37.71601849433226],[-122.37743051400678,37.715833309146944],[-122.37729162511778,37.71569442025795],[-122.37715273622882,37.715601827665296],[-122.37701384733982,37.71555553136896],[-122.37687495845083,37.71555553136896],[-122.37673812083925,37.71559131878341],[-122.37660333450508,37.71566289361229],[-122.37647059944831,37.71577025585563],[-122.37633991566896,37.715913405513405],[-122.37630744683445,37.71606592756925],[-122.37637319294475,37.71622782202313],[-122.37653715399992,37.71639908887508],[-122.3767993299999,37.71657972812508],[-122.37713670005597,37.716784723298716],[-122.37754926416814,37.71701407439597],[-122.37803702233637,37.71726778141685],[-122.37859997456067,37.71754584436136],[-122.37902218872891,37.717742817495655],[-122.37930366484107,37.71785870081975],[-122.37944440289715,37.71789349433363],[-122.37944440289715,37.7178471980373],[-122.37944440289715,37.71778932766689],[-122.37944440289715,37.717719883222394],[-122.37944440289715,37.717638864703815]]],[[[-122.42858792145157,37.71745367951849],[-122.42863421774788,37.717361086925834],[-122.4286226436738,37.71726849433317],[-122.42855319922931,37.71717590174052],[-122.4284258844144,37.71708330914785],[-122.42824069922908,37.71699071655519],[-122.42805551404376,37.716921272110696],[-122.42787032885843,37.71687497581437],[-122.42768514367312,37.716851827666204],[-122.4274999584878,37.716851827666204],[-122.42729162515431,37.71681710544396],[-122.42706014367266,37.71674766099946],[-122.42680551404285,37.716643494332715],[-122.42652773626487,37.71650460544373],[-122.42628468070914,37.716412012851066],[-122.42607634737564,37.71636571655474],[-122.4259027362644,37.71636571655474],[-122.42576384737542,37.716412012851066],[-122.42567125478276,37.716493031369644],[-122.42562495848642,37.71660877211047],[-122.42562495848642,37.716759235073546],[-122.42567125478276,37.71694442025886],[-122.42578699552358,37.71709488322194],[-122.4259721807089,37.717210623962764],[-122.42622681033872,37.71729164248134],[-122.42655088441303,37.71733793877767],[-122.42680551404285,37.71739580914808],[-122.42699069922816,37.71746525359258],[-122.42710643996898,37.71754627211115],[-122.42715273626533,37.717638864703815],[-122.42726847700615,37.71769673507423],[-122.42745366219147,37.7177198832224],[-122.42770829182129,37.717708309148314],[-122.4280323658956,37.71766201285198],[-122.42828699552541,37.71760414248157],[-122.42847218071074,37.71753469803707],[-122.42858792145157,37.71745367951849]]],[[[-122.41495366218234,37.7164583091474],[-122.41467588440437,37.71631942025841],[-122.41428236588557,37.71621525359167],[-122.41377310662594,37.71614580914717],[-122.41314810662547,37.716111086924926],[-122.41240736588419,37.716111086924926],[-122.41185181032823,37.71613423507309],[-122.41148143995758,37.71618053136942],[-122.41129625477227,37.716249975813916],[-122.41129625477227,37.716342568406574],[-122.41138884736493,37.71642358692515],[-122.41157403255025,37.716493031369644],[-122.41185181032823,37.71655090174006],[-122.41222218069886,37.71659719803639],[-122.41266199551399,37.716631920258635],[-122.41317125477363,37.7166550684068],[-122.41374995847775,37.71666664248088],[-122.41439810662638,37.71666664248088],[-122.41481477329336,37.716631920258635],[-122.41499995847866,37.716562475814136],[-122.41495366218234,37.7164583091474]]],[[[-122.40555551402733,37.71606479062859],[-122.40555551402733,37.71578701285062],[-122.40546292143466,37.71556710544305],[-122.40527773624933,37.71540506840589],[-122.40499995847136,37.71530090173915],[-122.40462958810073,37.71525460544282],[-122.40435181032275,37.71516201285016],[-122.40416662513744,37.715023123961174],[-122.40407403254477,37.71483793877585],[-122.40407403254477,37.7146064572942],[-122.40420134735967,37.714432846182966],[-122.4044559769895,37.71431710544214],[-122.40483792143422,37.71425923507173],[-122.40534718069384,37.71425923507173],[-122.40574069921264,37.71422451284948],[-122.40601847699064,37.714155068404985],[-122.4061805140278,37.71405090173825],[-122.40622681032411,37.71391201284925],[-122.40618051402778,37.713784698034345],[-122.40604162513878,37.71366895729352],[-122.40581014365713,37.713564790626776],[-122.40548606958284,37.71347219803411],[-122.40520829180485,37.713368031367374],[-122.4049768103232,37.71325229062655],[-122.40479162513789,37.71312497581164],[-122.40465273624889,37.712986086922655],[-122.40449069921175,37.71288192025591],[-122.4043055140264,37.71281247581141],[-122.40409718069293,37.712777753589165],[-122.40386569921128,37.712777753589165],[-122.40373838439638,37.7128240498855],[-122.40371523624822,37.71291664247815],[-122.40379625476679,37.71305553136715],[-122.4039814399521,37.71324071655246],[-122.40406245847069,37.71339117951554],[-122.40403931032252,37.713506920256364],[-122.40391199550761,37.71358793877494],[-122.40368051402596,37.713634235071275],[-122.40348375476655,37.713715253589854],[-122.40332171772941,37.71383099433068],[-122.4031944029145,37.71398145729375],[-122.40310181032184,37.714166642479064],[-122.40303236587735,37.714386549886626],[-122.402986069581,37.71464117951645],[-122.40296292143285,37.71493053136851],[-122.40296292143285,37.71525460544282],[-122.40289347698835,37.71550923507264],[-122.40275458809936,37.71569442025796],[-122.40254625476587,37.71581016099878],[-122.4022684769879,37.71585645729511],[-122.40206014365441,37.7159259017396],[-122.40192125476541,37.71601849433226],[-122.40185181032092,37.716134235073085],[-122.40185181032092,37.71627312396208],[-122.40189810661725,37.71637729062882],[-122.4019906992099,37.71644673507332],[-122.40212958809889,37.716481457295565],[-122.40231477328422,37.716481457295565],[-122.40260412513628,37.71643516099923],[-122.40299764365508,37.716342568406574],[-122.40349532884063,37.716203679517584],[-122.40409718069293,37.71601849433227],[-122.40458329180439,37.71592590173961],[-122.40495366217502,37.71592590173961],[-122.40520829180484,37.71601849433227],[-122.40534718069384,37.716203679517584],[-122.40545134736058,37.716273123962075],[-122.40552079180507,37.71622682766575],[-122.40555551402733,37.71606479062859]]],[[[-122.42925921774834,37.71537034618365],[-122.4288888473777,37.714999975813],[-122.42857634737749,37.714675901738694],[-122.42832171774766,37.71439812396071],[-122.42812495848825,37.714166642479064],[-122.42798606959927,37.71398145729375],[-122.42788190293253,37.71380784618251],[-122.42781245848802,37.713645809145355],[-122.42777773626578,37.713495346182285],[-122.42777773626578,37.71335645729329],[-122.42774301404353,37.71320599433022],[-122.42767356959904,37.71304395729307],[-122.42756940293229,37.71287034618182],[-122.42743051404331,37.71268516099651],[-122.42732634737656,37.71247682766302],[-122.42725690293207,37.71224534618137],[-122.42722218070982,37.711990716551554],[-122.42722218070982,37.71171293877358],[-122.42728005108023,37.711539327662344],[-122.42739579182106,37.711469883217845],[-122.4275694029323,37.7115046054401],[-122.42780088441395,37.71164349432908],[-122.4280323658956,37.711747660995826],[-122.42826384737725,37.711817105440325],[-122.4284953288589,37.71185182766257],[-122.42872681034055,37.71185182766257],[-122.42890042145177,37.7118981239589],[-122.42901616219262,37.711990716551554],[-122.42907403256302,37.71212960544055],[-122.42907403256302,37.71231479062587],[-122.42910875478528,37.712476827663025],[-122.42917819922977,37.712615716552015],[-122.42928236589651,37.71273145729284],[-122.42942125478551,37.7128240498855],[-122.42960643997083,37.71291664247816],[-122.42983792145247,37.713009235070814],[-122.43011569923046,37.71310182766348],[-122.43043977330476,37.713194420256144],[-122.43072912515683,37.713263864700636],[-122.43098375478662,37.71331016099696],[-122.4312036621942,37.71333330914513],[-122.43138884737954,37.71333330914513],[-122.43152773626852,37.713263864700636],[-122.43162032886119,37.71312497581164],[-122.43166662515752,37.712916642478156],[-122.43166662515752,37.71263886470018],[-122.43159718071303,37.71243053136669],[-122.43145829182403,37.71229164247771],[-122.43124995849055,37.71222219803321],[-122.43097218071257,37.71222219803321],[-122.43063653256418,37.712175901736884],[-122.43024301404537,37.71208330914422],[-122.42979162515614,37.71194442025523],[-122.42928236589651,37.71175923506991],[-122.4288888473777,37.711597198032756],[-122.42861106959971,37.711458309143765],[-122.42844903256255,37.71134256840294],[-122.42840273626624,37.71124997581028],[-122.42828699552541,37.711168957291704],[-122.42810181034011,37.711099512847206],[-122.42784718071029,37.71104164247679],[-122.42752310663596,37.71099534618046],[-122.42728005108023,37.71093747581005],[-122.42711801404307,37.71086803136556],[-122.4270369955245,37.71078701284698],[-122.4270369955245,37.71069442025432],[-122.42708329182082,37.71060182766166],[-122.42717588441349,37.710509235069],[-122.42731477330248,37.71041664247634],[-122.4274999584878,37.71032404988368],[-122.4276388473768,37.71020830914286],[-122.42773143996945,37.710069420253866],[-122.42777773626578,37.70990738321671],[-122.42777773626578,37.70972219803139],[-122.42782403256211,37.70959488321648],[-122.42791662515477,37.70952543877198],[-122.42805551404375,37.709513864697904],[-122.4282406992291,37.709560160994236],[-122.42842588441441,37.709629605438735],[-122.42861106959973,37.709722198031386],[-122.42879625478506,37.70983793877221],[-122.42898143997037,37.70997682766121],[-122.42912032885937,37.71010414247611],[-122.429212921452,37.710219883216936],[-122.42925921774835,37.71032404988368],[-122.42925921774835,37.71041664247634],[-122.42930551404467,37.710509235069],[-122.42939810663734,37.71060182766166],[-122.42953699552633,37.71069442025432],[-122.42972218071165,37.71078701284698],[-122.42984949552655,37.7107754387729],[-122.42991893997106,37.71065969803207],[-122.42993051404514,37.7104397906245],[-122.42988421774879,37.7101157165502],[-122.4298147733043,37.70988423506855],[-122.42972218071164,37.70974534617955],[-122.42960643997081,37.70969904988323],[-122.42946755108183,37.70974534617955],[-122.429351810341,37.70973377210547],[-122.42925921774834,37.70966432766098],[-122.42918977330385,37.70953701284607],[-122.42914347700753,37.709351827660754],[-122.42912032885937,37.70916582013422],[-122.42912032885937,37.708978990266466],[-122.42914347700753,37.7087913380575],[-122.42918977330385,37.70860286350733],[-122.42913190293343,37.70846232993591],[-122.42896986589628,37.70836973734325],[-122.42870366219239,37.70832508572934],[-122.42833329182176,37.70832837509421],[-122.42804393996968,37.7083655643401],[-122.4278356066362,37.708436653467025],[-122.42770829182129,37.708541642474984],[-122.42766199552497,37.70868053136397],[-122.42758097700639,37.70880784617887],[-122.42746523626556,37.708923586919695],[-122.4273147733025,37.70902775358644],[-122.42712958811715,37.709120346179105],[-122.42692125478368,37.70917821654952],[-122.42668977330203,37.70920136469768],[-122.42643514367221,37.7091897906236],[-122.42615736589423,37.709143494327265],[-122.4259143103385,37.709120346179105],[-122.42570597700501,37.709120346179105],[-122.42553236589377,37.709143494327265],[-122.42539347700479,37.7091897906236],[-122.42527773626396,37.709293957290335],[-122.4251851436713,37.70945599432749],[-122.42511569922681,37.70967590173506],[-122.42506940293048,37.70995367951304],[-122.42497681033782,37.710150438772445],[-122.42483792144883,37.71026617951327],[-122.42465273626351,37.710300901735515],[-122.42442125478186,37.71025460543919],[-122.42424764367061,37.71025460543919],[-122.42413190292979,37.710300901735515],[-122.42407403255937,37.71039349432817],[-122.42407403255937,37.71053238321717],[-122.42415505107796,37.71063654988391],[-122.4243170881151,37.71070599432841],[-122.42456014367085,37.71074071655065],[-122.42488421774516,37.71074071655065],[-122.4251851436713,37.71076386469882],[-122.42546292144928,37.710810160995145],[-122.42571755107909,37.710879605439644],[-122.42594903256075,37.7109721980323],[-122.42613421774607,37.71109951284721],[-122.42627310663507,37.71126154988436],[-122.42636569922773,37.711458309143765],[-122.42641199552403,37.711689790625414],[-122.42643514367221,37.71190969803298],[-122.42643514367221,37.71211803136646],[-122.42641199552403,37.71231479062587],[-122.42636569922773,37.712499975811184],[-122.42636569922773,37.71263886470018],[-122.42641199552406,37.71273145729283],[-122.42650458811671,37.712777753589165],[-122.4266434770057,37.712777753589165],[-122.42678236589468,37.7128240498855],[-122.42692125478368,37.71291664247815],[-122.42706014367266,37.71305553136715],[-122.42719903256166,37.71324071655246],[-122.42729162515433,37.713425901737786],[-122.42733792145063,37.71361108692311],[-122.42733792145063,37.713796272108425],[-122.42729162515433,37.71398145729375],[-122.4273147733025,37.7141434943309],[-122.42740736589514,37.714282383219896],[-122.4275694029323,37.71439812396072],[-122.42780088441395,37.71449071655338],[-122.42797449552518,37.7146064572942],[-122.42809023626603,37.71474534618319],[-122.42814810663643,37.71490738322035],[-122.42814810663643,37.715092568405666],[-122.42818282885868,37.71526617951691],[-122.42825227330317,37.71542821655406],[-122.42835643996992,37.71557867951714],[-122.42849532885892,37.71571756840612],[-122.42866893997015,37.71582173507286],[-122.42887727330364,37.71589117951736],[-122.42912032885937,37.7159259017396],[-122.42939810663734,37.7159259017396],[-122.42951384737816,37.715833309146944],[-122.42946755108181,37.71564812396162],[-122.42925921774834,37.71537034618365]],[[-122.42662032885752,37.71048608692084],[-122.42634255107956,37.710439790624505],[-122.42612264367199,37.710358772105934],[-122.42596060663485,37.71024303136511],[-122.4258564399681,37.71009256840203],[-122.42581014367175,37.70990738321671],[-122.425844865894,37.70975692025364],[-122.42596060663483,37.709641179512815],[-122.42615736589423,37.709560160994236],[-122.42643514367221,37.709513864697904],[-122.42666662515386,37.70950229062382],[-122.42685181033917,37.70952543877199],[-122.42699069922817,37.7095833091424],[-122.42708329182084,37.70967590173507],[-122.42714116219125,37.70979164247589],[-122.4271643103394,37.709930531364876],[-122.42715273626533,37.71009256840203],[-122.42710643996898,37.71027775358735],[-122.42700227330224,37.71040506840226],[-122.4268402362651,37.71047451284675],[-122.42662032885752,37.71048608692084]]],[[[-122.47060181037114,37.71527775359098],[-122.47050921777847,37.715092568405666],[-122.47037032888949,37.71494210544259],[-122.47018514370416,37.714826364701764],[-122.46995366222251,37.71474534618319],[-122.46967588444454,37.71469904988686],[-122.46944440296289,37.714641179516455],[-122.46925921777755,37.71457173507196],[-122.46912032888856,37.71449071655338],[-122.46902773629591,37.71439812396072],[-122.46880782888834,37.71432867951622],[-122.46846060666586,37.714282383219896],[-122.46798606962847,37.71425923507173],[-122.46738421777619,37.71425923507173],[-122.46694440296105,37.714282383219896],[-122.46666662518305,37.71432867951622],[-122.46655088444223,37.71439812396072],[-122.4665971807386,37.71449071655338],[-122.46674764370168,37.71457173507196],[-122.46700227333147,37.714641179516455],[-122.46736106962803,37.71469904988686],[-122.46782403259134,37.71474534618319],[-122.46817125481381,37.7148032165536],[-122.46840273629545,37.7148726609981],[-122.46851847703628,37.71495367951667],[-122.46851847703628,37.71504627210933],[-122.4685763474067,37.715138864702],[-122.46869208814752,37.71523145729465],[-122.46886569925876,37.715324049887315],[-122.4690971807404,37.71541664247997],[-122.46935181037021,37.71548608692447],[-122.4696295881482,37.7155323832208],[-122.46993051407433,37.71555553136896],[-122.47025458814866,37.71555553136896],[-122.47047449555623,37.71550923507263],[-122.47059023629706,37.71541664247998],[-122.47060181037114,37.71527775359098]]],[[[-122.41175921773555,37.71548608692447],[-122.4119444029209,37.71543979062814],[-122.4120717177358,37.71535877210957],[-122.41214116218029,37.71524303136874],[-122.41215273625437,37.715092568405666],[-122.41210643995804,37.71490738322035],[-122.41202542143947,37.71476849433135],[-122.41190968069864,37.7146759017387],[-122.41175921773556,37.71462960544237],[-122.41157403255025,37.71462960544237],[-122.41144671773534,37.71468747581278],[-122.41137727329084,37.714803216553605],[-122.41136569921676,37.71497682766484],[-122.41141199551308,37.71520830914649],[-122.41149301403166,37.71537034618365],[-122.41160875477249,37.7154629387763],[-122.41175921773555,37.71548608692447]]],[[[-122.42733792145063,37.71516201285016],[-122.42729162515433,37.715023123961174],[-122.42719903256166,37.71489580914626],[-122.42706014367266,37.71478006840544],[-122.42687495848735,37.7146759017387],[-122.4266434770057,37.714583309146036],[-122.42640042144997,37.71450229062746],[-122.42614579182015,37.71443284618296],[-122.42587958811626,37.714374975812554],[-122.42560181033828,37.71432867951622],[-122.42538190293071,37.71434025359031],[-122.42521986589355,37.71440969803481],[-122.42511569922681,37.71453701284971],[-122.42506940293048,37.71472219803503],[-122.4250578288564,37.7148726609981],[-122.42508097700457,37.71498840173892],[-122.42513884737497,37.7150694202575],[-122.42523143996762,37.71511571655383],[-122.42540505107885,37.71515043877608],[-122.42565968070869,37.715173586924244],[-122.42599532885708,37.715185160998324],[-122.42641199552403,37.715185160998324],[-122.42674764367243,37.71519673507241],[-122.42700227330224,37.71521988322057],[-122.42717588441349,37.71525460544282],[-122.42726847700615,37.71530090173915],[-122.42732634737656,37.71530090173915],[-122.42734949552471,37.71525460544282],[-122.42733792145063,37.71516201285016]]],[[[-122.47643514370873,37.71493053136851],[-122.47652773630139,37.714884235072184],[-122.47709486593143,37.71484951284994],[-122.47813653259885,37.714826364701764],[-122.47965273630368,37.714814790627685],[-122.48164347704586,37.714814790627685],[-122.48313653260251,37.71479164247952],[-122.48413190297362,37.71474534618319],[-122.48462958815915,37.7146759017387],[-122.48462958815915,37.714583309146036],[-122.48454856964058,37.71446756840521],[-122.48438653260342,37.714328679516214],[-122.4841434770477,37.714166642479064],[-122.48381940297337,37.71398145729375],[-122.48350690297315,37.71384256840476],[-122.48320597704699,37.7137499758121],[-122.48291662519493,37.71370367951577],[-122.48263884741695,37.71370367951577],[-122.48233792149081,37.7136805313676],[-122.4820138474165,37.713634235071275],[-122.48166662519402,37.713564790626776],[-122.48129625482339,37.71347219803411],[-122.48097218074909,37.71337960544145],[-122.48069440297111,37.7132870128488],[-122.48046292148946,37.713194420256144],[-122.48027773630412,37.71310182766348],[-122.48012727334105,37.71307867951531],[-122.48001153260023,37.71312497581164],[-122.47993051408164,37.71324071655247],[-122.47988421778533,37.713425901737786],[-122.47978005111858,37.713564790626776],[-122.47961801408141,37.71365738321944],[-122.47939810667384,37.71370367951577],[-122.47912032889587,37.71370367951577],[-122.47884255111789,37.7136805313676],[-122.47856477333991,37.713634235071275],[-122.47828699556194,37.713564790626776],[-122.47800921778396,37.71347219803411],[-122.47783560667273,37.71337960544145],[-122.47776616222822,37.7132870128488],[-122.47780088445047,37.713194420256144],[-122.47793977333946,37.71310182766348],[-122.47803236593211,37.712997660996734],[-122.47807866222844,37.71288192025591],[-122.47807866222844,37.712754605441006],[-122.47803236593211,37.71261571655201],[-122.4779050511172,37.71252312395935],[-122.47769671778372,37.71247682766302],[-122.47740736593165,37.71247682766302],[-122.47703699556102,37.71252312395935],[-122.4767244955608,37.71254627210752],[-122.47646986593098,37.71254627210752],[-122.47627310667157,37.71252312395935],[-122.47613421778259,37.71247682766302],[-122.47594903259726,37.71244210544077],[-122.47571755111561,37.712418957292606],[-122.47543977333763,37.712407383218526],[-122.47511569926331,37.712407383218526],[-122.47478005111492,37.71244210544077],[-122.47443282889245,37.71251154988527],[-122.4740740325959,37.71261571655201],[-122.47370366222525,37.712754605441006],[-122.47341431037319,37.71283562395958],[-122.4732059770397,37.71285877210775],[-122.4730786622248,37.7128240498855],[-122.47303236592846,37.71273145729284],[-122.47285875481722,37.71263886470018],[-122.47255782889108,37.71254627210752],[-122.47212958815003,37.71245367951486],[-122.47157403259406,37.7123610869222],[-122.4710300511122,37.7122916424777],[-122.4704976437044,37.712245346181376],[-122.4699768103707,37.71222219803321],[-122.46946755111102,37.71222219803321],[-122.46905088444406,37.712199049885044],[-122.46872681036976,37.71215275358872],[-122.46849532888811,37.71208330914422],[-122.46835643999911,37.711990716551554],[-122.46819440296196,37.71193284618114],[-122.46800921777665,37.71190969803298],[-122.46780088444316,37.71192127210706],[-122.46756940296152,37.711967568403395],[-122.46722218073904,37.712002290625634],[-122.46675921777575,37.71202543877381],[-122.46618051407162,37.71203701284789],[-122.46548606962666,37.71203701284789],[-122.46494208814478,37.71202543877381],[-122.46454856962599,37.712002290625634],[-122.46430551407025,37.711967568403395],[-122.46421292147757,37.71192127210706],[-122.46408560666266,37.71190969803298],[-122.4639235696255,37.71193284618114],[-122.46372681036611,37.711990716551554],[-122.46349532888446,37.71208330914422],[-122.46329856962505,37.712187475810964],[-122.46313653258791,37.71230321655179],[-122.46300921777299,37.71243053136669],[-122.46291662518033,37.712569420255676],[-122.46287032888401,37.71269673507059],[-122.46287032888401,37.71281247581141],[-122.46291662518033,37.71291664247815],[-122.46300921777299,37.713009235070814],[-122.46314810666199,37.71307867951531],[-122.4633332918473,37.71312497581164],[-122.46356477332895,37.713148123959805],[-122.46384255110695,37.713148123959805],[-122.46414347703309,37.71312497581164],[-122.46446755110739,37.71307867951531],[-122.46481477332988,37.713009235070814],[-122.46518514370051,37.71291664247815],[-122.46547449555257,37.71287034618182],[-122.46568282888607,37.71287034618182],[-122.46581014370098,37.71291664247815],[-122.46585643999728,37.713009235070814],[-122.46594903258995,37.71305553136715],[-122.46608792147894,37.71305553136715],[-122.46627310666426,37.713009235070814],[-122.46650458814592,37.71291664247815],[-122.46679393999798,37.71284719803366],[-122.46714116222046,37.71280090173733],[-122.46754625481334,37.712777753589165],[-122.46800921777665,37.712777753589165],[-122.4683680140732,37.71280090173733],[-122.468622643703,37.71284719803366],[-122.46877310666608,37.71291664247815],[-122.46881940296242,37.713009235070814],[-122.46895829185141,37.71307867951531],[-122.46918977333307,37.71312497581164],[-122.46951384740738,37.713148123959805],[-122.46993051407433,37.713148123959805],[-122.47031245851906,37.713136549885725],[-122.47065968074155,37.71311340173756],[-122.47097218074177,37.71307867951531],[-122.47124995851975,37.71303238321898],[-122.47146986592732,37.71302080914489],[-122.47163190296448,37.71304395729307],[-122.47173606963122,37.71310182766348],[-122.47178236592755,37.713194420256144],[-122.47190968074246,37.713263864700636],[-122.47211801407593,37.71331016099696],[-122.472407365928,37.71333330914513],[-122.47277773629865,37.71333330914513],[-122.47307866222481,37.71334488321921],[-122.47331014370644,37.71336803136738],[-122.4734721807436,37.71340275358962],[-122.47356477333626,37.71344904988595],[-122.47364579185484,37.71355321655269],[-122.47371523629933,37.71371525358985],[-122.47377310666974,37.713935160997416],[-122.47381940296609,37.7142129387754],[-122.47388884741058,37.71442127210888],[-122.47398144000323,37.71456016099788],[-122.47409718074407,37.71462960544237],[-122.47423606963305,37.71462960544237],[-122.47438653259613,37.714664327664615],[-122.47454856963328,37.71473377210911],[-122.47472218074452,37.71483793877585],[-122.47490736592984,37.71497682766484],[-122.47511569926333,37.7150694202575],[-122.47534718074499,37.71511571655383],[-122.4756018103748,37.71511571655383],[-122.47587958815276,37.7150694202575],[-122.47611106963441,37.71502312396117],[-122.47629625481973,37.71497682766484],[-122.47643514370873,37.71493053136851]]],[[[-122.3992129214301,37.714097198034565],[-122.39930551402277,37.71386571655292],[-122.39932866217094,37.71369210544168],[-122.3992823658746,37.713576364700856],[-122.39916662513377,37.713518494330444],[-122.39898143994844,37.713518494330444],[-122.3988194029113,37.71354164247861],[-122.39868051402232,37.71358793877494],[-122.39856477328149,37.71365738321944],[-122.39847218068883,37.71374997581209],[-122.3984143103184,37.71386571655292],[-122.39839116217024,37.714004605441914],[-122.39840273624432,37.71416664247907],[-122.39844903254067,37.71435182766439],[-122.39851847698516,37.7144791424793],[-122.39861106957783,37.71454858692379],[-122.39872681031865,37.71456016099787],[-122.39886569920763,37.71451386470154],[-122.39899301402254,37.71442127210888],[-122.39910875476336,37.71428238321988],[-122.3992129214301,37.714097198034565]]],[[[-122.41256940292133,37.713935160997416],[-122.41243051403235,37.71384256840476],[-122.4122684769952,37.71376154988618],[-122.41208329180988,37.71369210544169],[-122.41187495847639,37.713634235071275],[-122.41164347699474,37.71358793877494],[-122.4114698658835,37.713518494330444],[-122.41135412514268,37.713425901737786],[-122.41129625477227,37.71331016099696],[-122.41129625477227,37.71317127210797],[-122.41124995847593,37.7130902535894],[-122.41115736588328,37.713067105441226],[-122.4110184769943,37.71310182766348],[-122.41083329180896,37.713194420256144],[-122.41071755106813,37.71329858692288],[-122.41067125477183,37.713414327663706],[-122.41069440291999,37.71354164247862],[-122.41078699551264,37.7136805313676],[-122.41089116217937,37.713796272108425],[-122.41100690292019,37.71388886470109],[-122.41113421773511,37.71395830914558],[-122.4112731066241,37.714004605441914],[-122.41145829180942,37.71403932766415],[-122.41168977329107,37.71406247581233],[-122.41196755106904,37.714074049886406],[-122.41229162514335,37.714074049886406],[-122.41249995847684,37.71405090173824],[-122.4125925510695,37.714004605441914],[-122.41256940292133,37.713935160997416]]],[[[-122.42622681033873,37.7136805313676],[-122.42618051404239,37.71354164247862],[-122.42608792144972,37.71342590173779],[-122.42594903256074,37.71333330914513],[-122.42576384737542,37.71326386470063],[-122.42553236589377,37.7132175684043],[-122.42535875478254,37.71324071655246],[-122.42524301404171,37.71333330914513],[-122.4251851436713,37.713495346182285],[-122.4251851436713,37.71372682766393],[-122.42525458811579,37.71388886470109],[-122.42539347700479,37.71398145729374],[-122.42560181033828,37.714004605441914],[-122.42587958811626,37.71395830914558],[-122.42607634737566,37.71388886470109],[-122.42619208811648,37.713796272108425],[-122.42622681033873,37.7136805313676]]],[[[-122.40011569920854,37.71312497581164],[-122.40006940291221,37.712986086922655],[-122.39997681031954,37.71283562395958],[-122.39983792143055,37.71267358692243],[-122.39965273624523,37.712499975811184],[-122.39942125476358,37.71231479062587],[-122.39923606957828,37.71207173507013],[-122.3990971806893,37.71177080914399],[-122.39900458809663,37.71141201284743],[-122.39895829180028,37.71099534618047],[-122.39880782883722,37.710682846180234],[-122.39855319920738,37.71047451284676],[-122.39819440291083,37.710370346180014],[-122.39773143994753,37.710370346180014],[-122.39734949550281,37.71034719803185],[-122.39704856957667,37.710300901735515],[-122.3968286621691,37.710231457291016],[-122.3966897732801,37.710138864698365],[-122.39653931031702,37.710069420253866],[-122.39637727327988,37.710023123957534],[-122.39620366216866,37.70999997580937],[-122.39601847698333,37.70999997580937],[-122.39587958809435,37.710080994327946],[-122.39578699550168,37.7102430313651],[-122.39574069920535,37.71048608692084],[-122.39574069920535,37.71081016099514],[-122.39577542142759,37.71112266099537],[-122.39584486587209,37.71142358692151],[-122.39594903253884,37.71171293877358],[-122.39608792142782,37.711990716551554],[-122.39627310661315,37.712199049885044],[-122.3965045880948,37.71233793877403],[-122.39678236587278,37.712407383218526],[-122.3971064399471,37.712407383218526],[-122.39740736587324,37.71239580914444],[-122.39768514365122,37.71237266099628],[-122.39793977328102,37.712337938774034],[-122.39817125476269,37.7122916424777],[-122.39840273624434,37.71230321655179],[-122.39863421772598,37.71237266099629],[-122.39886569920763,37.71249997581119],[-122.39909718068928,37.71268516099651],[-122.39927079180052,37.712858772107744],[-122.39938653254134,37.7130208091449],[-122.39944440291175,37.71317127210797],[-122.39944440291175,37.71331016099696],[-122.39949069920809,37.71340275358962],[-122.39958329180074,37.713449049885945],[-122.39972218068974,37.71344904988595],[-122.39990736587505,37.71340275358962],[-122.40003468068996,37.71333330914513],[-122.40010412513445,37.71324071655246],[-122.40011569920854,37.71312497581164]]],[[[-122.48634255112339,37.711666642477255],[-122.48624995853072,37.71129627210661],[-122.48618051408621,37.71096062395822],[-122.4861342177899,37.710659698032075],[-122.48611106964172,37.71039349432818],[-122.48611106964172,37.710162012846524],[-122.48614579186398,37.709918957290796],[-122.48621523630847,37.709664327660974],[-122.48631940297521,37.70939812395708],[-122.4864582918642,37.709120346179105],[-122.4864582918642,37.7089235869197],[-122.4863194029752,37.70880784617888],[-122.48604162519722,37.708773123956625],[-122.48562495853027,37.70881942025296],[-122.48528931038187,37.70880843995087],[-122.48503468075205,37.70874018305037],[-122.48486106964081,37.70861464955145],[-122.48476847704815,37.70843183945412],[-122.48465273630732,37.70830571218321],[-122.48451384741833,37.70823626773871],[-122.48435181038117,37.70822350612064],[-122.48416662519585,37.70826742732898],[-122.48403931038095,37.708381386753814],[-122.48396986593644,37.708565384395136],[-122.48395829186236,37.70881942025295],[-122.48400458815871,37.709143494327265],[-122.48413190297362,37.709386549883],[-122.4843402363071,37.70954858692015],[-122.48462958815917,37.70962960543873],[-122.4849999585298,37.70962960543873],[-122.48528931038186,37.70968747580915],[-122.48549764371535,37.70980321654997],[-122.48562495853025,37.70997682766121],[-122.48567125482658,37.71020830914286],[-122.48570597704884,37.71049766099492],[-122.48572912519698,37.71084488321739],[-122.48574069927108,37.711249975810276],[-122.48574069927108,37.71171293877357],[-122.4857869955674,37.712048586921966],[-122.48587958816006,37.712256920255456],[-122.48601847704906,37.712337938774034],[-122.48620366223437,37.7122916424777],[-122.4863194029752,37.7121643276628],[-122.48636569927154,37.711955994329315],[-122.48634255112339,37.711666642477255]]],[[[-122.4257869955236,37.71215275358872],[-122.42606477330156,37.712106457292386],[-122.42623838441281,37.71203701284789],[-122.42630782885732,37.71194442025523],[-122.42627310663507,37.711828679514404],[-122.42613421774607,37.711689790625414],[-122.42596060663485,37.711585623958676],[-122.42575227330134,37.71151617951418],[-122.4255092177456,37.71148145729193],[-122.42523143996763,37.71148145729193],[-122.4249768103378,37.711458309143765],[-122.42474532885615,37.71141201284744],[-122.42453699552267,37.71134256840294],[-122.42435181033736,37.71124997581028],[-122.42420134737428,37.71121525358804],[-122.42408560663345,37.711238401736196],[-122.42400458811488,37.711319420254775],[-122.42395829181854,37.711458309143765],[-122.42385412515179,37.7115624758105],[-122.42369208811465,37.711631920255],[-122.42347218070708,37.71166664247725],[-122.42319440292911,37.71166664247725],[-122.42295134737338,37.71170136469949],[-122.4227430140399,37.71177080914399],[-122.42256940292864,37.71187497581073],[-122.42243051403966,37.71201386469973],[-122.42252310663233,37.712118031366465],[-122.42284718070661,37.712187475810964],[-122.42340273626257,37.71222219803321],[-122.42418977330021,37.71222219803321],[-122.4248494955229,37.71221062395913],[-122.4253819029307,37.712187475810964],[-122.4257869955236,37.71215275358872]]],[[[-122.46407403258858,37.711319420254775],[-122.46407403258858,37.711087938773126],[-122.4639235696255,37.71091432766189],[-122.46362264369937,37.710798586921065],[-122.46317125481015,37.71074071655065],[-122.46256940295785,37.71074071655065],[-122.46206014369822,37.71073120344906],[-122.46164347703126,37.71071217724587],[-122.46131940295695,37.71068363794108],[-122.4610879214753,37.7106455855347],[-122.46091431036406,37.710661281553755],[-122.46079856962324,37.71073072599825],[-122.46074069925282,37.71085391886818],[-122.46074069925282,37.71103086016355],[-122.46083329184549,37.711175140209164],[-122.46101847703079,37.71128675900501],[-122.46129625480877,37.71136571655111],[-122.46166662517942,37.71141201284743],[-122.4619559770315,37.711469883217845],[-122.46216431036498,37.711539327662344],[-122.46229162517989,37.71162034618092],[-122.4623379214762,37.71171293877359],[-122.46247681036519,37.71178238321808],[-122.46270829184685,37.711828679514404],[-122.46303236592117,37.71185182766257],[-122.46344903258813,37.71185182766257],[-122.46376153258836,37.71184025358849],[-122.46396986592184,37.71181710544032],[-122.46407403258858,37.71178238321807],[-122.46407403258858,37.711736086921746],[-122.46407403258858,37.71164349432908],[-122.46407403258858,37.7115046054401],[-122.46407403258858,37.711319420254775]]],[[[-122.48442125482568,37.71148145729193],[-122.48465273630732,37.71148145729193],[-122.48483792149264,37.711446735069686],[-122.48497681038164,37.71137729062519],[-122.4850694029743,37.71127312395845],[-122.48511569927061,37.71113423506945],[-122.48511569927061,37.71101849432863],[-122.4850694029743,37.71092590173597],[-122.48497681038164,37.71085645729148],[-122.48483792149264,37.710810160995145],[-122.48471060667774,37.710798586921065],[-122.48459486593691,37.71082173506923],[-122.48449069927017,37.710879605439644],[-122.4843981066775,37.7109721980323],[-122.48424764371444,37.7110416424768],[-122.48403931038095,37.711087938773126],[-122.48377310667705,37.71111108692129],[-122.48344903260275,37.71111108692129],[-122.48299764371353,37.71106479062496],[-122.4824189400094,37.71097219803231],[-122.48171292149036,37.71083330914331],[-122.48087958815643,37.710648123957995],[-122.48025458815596,37.71055553136533],[-122.479837921489,37.71055553136533],[-122.4796295881555,37.710648123957995],[-122.4796295881555,37.71083330914331],[-122.47979162519266,37.711006920254555],[-122.48011569926697,37.711168957291704],[-122.48060181037845,37.711319420254775],[-122.48124995852704,37.711458309143765],[-122.48185181037934,37.71155090173642],[-122.4824073659353,37.711597198032756],[-122.48291662519493,37.711597198032756],[-122.48337958815826,37.71155090173642],[-122.48378468075114,37.71151617951418],[-122.48413190297362,37.71149303136601],[-122.48442125482568,37.71148145729193]]],[[[-122.47858792148807,37.71134256840294],[-122.47863421778442,37.71124997581028],[-122.47857634741399,37.711180531365784],[-122.47841431037685,37.71113423506946],[-122.47814810667295,37.71111108692129],[-122.4777777363023,37.71111108692129],[-122.4774999585243,37.71113423506946],[-122.47731477333899,37.711180531365784],[-122.47722218074634,37.71124997581028],[-122.47722218074634,37.71134256840294],[-122.47730319926491,37.71141201284744],[-122.47746523630207,37.711458309143765],[-122.4777082918578,37.71148145729193],[-122.47803236593212,37.71148145729193],[-122.47828699556194,37.711458309143765],[-122.47847218074725,37.71141201284744],[-122.47858792148807,37.71134256840294]]],[[[-122.44185181035013,37.71078701284698],[-122.44185181035013,37.71069442025432],[-122.44174764368339,37.71062497580982],[-122.4415393103499,37.710578679513496],[-122.44122681034966,37.71055553136533],[-122.44081014368271,37.71055553136533],[-122.44050921775656,37.710590253587576],[-122.44032403257125,37.710659698032075],[-122.44025458812676,37.71076386469881],[-122.44030088442307,37.71090275358781],[-122.44042819923797,37.71099534618047],[-122.44063653257147,37.71104164247679],[-122.44092588442354,37.71104164247679],[-122.44129625479417,37.71099534618046],[-122.44157403257213,37.71093747581005],[-122.44175921775746,37.71086803136556],[-122.44185181035013,37.71078701284698]]],[[[-122.38969903253427,37.71041664247634],[-122.3897453288306,37.71032404988368],[-122.38969903253427,37.71025460543918],[-122.38956014364528,37.71020830914286],[-122.38932866216363,37.71018516099469],[-122.3890045880893,37.71018516099469],[-122.3887383843854,37.710219883216936],[-122.38853005105193,37.710289327661435],[-122.38837958808885,37.71039349432817],[-122.38828699549619,37.71053238321717],[-122.38831014364436,37.71062497580983],[-122.38844903253334,37.71067127210616],[-122.38870366216317,37.71067127210616],[-122.38907403253381,37.71062497580983],[-122.38936338438589,37.71056710543942],[-122.38957171771936,37.71049766099492],[-122.38969903253427,37.71041664247634]]],[[[-122.49136569927518,37.708132225771415],[-122.49104162520088,37.70813344769414],[-122.49079856964515,37.70818146314364],[-122.490636532608,37.7082762721199],[-122.49055551408941,37.70841787462294],[-122.49055551408941,37.708606270652744],[-122.49061338445982,37.708828586193675],[-122.49072912520064,37.709084821245725],[-122.49090273631188,37.70937497580891],[-122.49113421779354,37.70969904988323],[-122.49133097705295,37.70989580914263],[-122.4914930140901,37.70996525358713],[-122.491620328905,37.70990738321671],[-122.49171292149767,37.70972219803139],[-122.49178236594216,37.70950118243202],[-122.49182866223848,37.70924433641859],[-122.49185181038665,37.70895165999112],[-122.49185181038665,37.70862315314961],[-122.49177079186806,37.70837707849915],[-122.49160875483092,37.70821343603975],[-122.49136569927518,37.708132225771415]]],[[[-122.46557866221931,37.71018516099469],[-122.46571755110831,37.71018516099469],[-122.46590273629363,37.710150438772445],[-122.46613421777528,37.710080994327946],[-122.46641199555327,37.70997682766121],[-122.46673606962756,37.70983793877221],[-122.46699069925738,37.70971062395731],[-122.46717588444272,37.70959488321648],[-122.46729162518355,37.70949071654974],[-122.46733792147985,37.70939812395707],[-122.46745366222068,37.709293957290335],[-122.467638847406,37.70917821654951],[-122.46789347703582,37.7090509017346],[-122.46821755111013,37.708912012845616],[-122.46842588444362,37.70877647110183],[-122.46851847703627,37.70864427650322],[-122.46849532888811,37.708515429049825],[-122.46835643999911,37.70838992874161],[-122.46819440296196,37.708361900809756],[-122.46800921777665,37.708431345254255],[-122.46780088444316,37.7085982620751],[-122.46756940296152,37.70886265127229],[-122.46728005110946,37.7091188135406],[-122.46693282888698,37.70936674888003],[-122.4665277362941,37.70960645729056],[-122.46606477333079,37.70983793877222],[-122.46575227333055,37.710011549883454],[-122.46559023629341,37.71012729062428],[-122.46557866221931,37.71018516099469]]],[[[-122.38502366314209,37.70951731419255],[-122.38479255268521,37.70942667211557],[-122.38437706484257,37.70932818149532],[-122.38377719961413,37.709221842331814],[-122.38299295699991,37.709107654625065],[-122.38202433699993,37.70898561837506],[-122.38122665287493,37.708871226750055],[-122.38059990462493,37.70876447975005],[-122.38014409224994,37.70866537737505],[-122.37985921574992,37.708573919625046],[-122.37943724387492,37.70850206775005],[-122.37887817662492,37.70844982175005],[-122.37818201399992,37.70841718162506],[-122.37734875599992,37.70840414737507],[-122.37662992812491,37.70840325687507],[-122.37602553037492,37.70841451012508],[-122.37553556274992,37.708437907125074],[-122.3751600252499,37.708473447875065],[-122.37486885236825,37.70852606351191],[-122.37466204410495,37.70859575403561],[-122.37453960046,37.70868251944617],[-122.3745015214334,37.70878635974359],[-122.37454250585759,37.7089044552048],[-122.37466255373259,37.7090368058298],[-122.37486166505839,37.709183411618596],[-122.37513983983501,37.70934427257118],[-122.37539466796413,37.709470352026386],[-122.37562614944578,37.709561649984224],[-122.37583428427996,37.70961816644467],[-122.37601907246665,37.70963990140775],[-122.37619238582892,37.70960722518287],[-122.37635422436676,37.70952013777004],[-122.37650458808018,37.709378639169266],[-122.37664347696918,37.70918272938054],[-122.37680569467949,37.7090162754329],[-122.37699124121116,37.708879277326375],[-122.37720011656414,37.708771735060935],[-122.37743232073845,37.7086936486366],[-122.3776380288067,37.70864810069334],[-122.37781724076885,37.70863509123116],[-122.37796995662492,37.708654620250066],[-122.37809617637495,37.70870668775006],[-122.3782297035209,37.70881011347655],[-122.3783705380628,37.70896489742955],[-122.37851868000067,37.709171039609046],[-122.37867412933447,37.709428540015054],[-122.3791946554281,37.70962166531955],[-122.38008025828154,37.70975041552255],[-122.38133093789477,37.70981479062405],[-122.38294669426782,37.70981479062405],[-122.38415851154761,37.7098046960418],[-122.38496638973413,37.7097845068773],[-122.3853703288274,37.709754223130545],[-122.3853703288274,37.709713844801556],[-122.38531255121318,37.70966090053555],[-122.38519699598476,37.70959539033255],[-122.38502366314209,37.70951731419255]]],[[[-122.46472218073721,37.70944442025341],[-122.46490736592253,37.70944442025341],[-122.46506940295968,37.709409698031166],[-122.46520829184867,37.70934025358667],[-122.46532403258949,37.70923608691993],[-122.46541662518216,37.70909719803093],[-122.46546292147849,37.708950365741124],[-122.46546292147849,37.708795590050485],[-122.46541662518216,37.70863287095903],[-122.46532403258949,37.70846220846676],[-122.46510412518192,37.708334441964105],[-122.46475690295945,37.70824957145107],[-122.46428236592207,37.70820759692766],[-122.46368051406978,37.70820851839387],[-122.4633332918473,37.70828636697229],[-122.46324069925465,37.70844114266293],[-122.46340273629181,37.70867284546577],[-122.46381940295878,37.708981475380824],[-122.46417819925534,37.709212947817115],[-122.46447912518148,37.70936726277465],[-122.46472218073721,37.70944442025341]]],[[[-122.40004625476405,37.70909719803093],[-122.3999536621714,37.70886571654928],[-122.3998263473565,37.708703679512126],[-122.39966431031934,37.708611086919475],[-122.39946755105993,37.70858793877131],[-122.39923606957827,37.70863423506764],[-122.39910875476335,37.70870367951214],[-122.3990856066152,37.70879627210479],[-122.39916662513377,37.708912012845616],[-122.3993518103191,37.7090509017346],[-122.39952542143033,37.709166642475424],[-122.39968745846747,37.70925923506809],[-122.39983792143055,37.70932867951259],[-122.39997681031954,37.70937497580891],[-122.40005782883811,37.709351827660754],[-122.40008097698629,37.70925923506809],[-122.40004625476405,37.70909719803093]]],[[[-122.38885550497888,37.7090799152442],[-122.38858636315207,37.70892942095138],[-122.388359199646,37.70886284652809],[-122.38817401446066,37.70888019197433],[-122.3880308075961,37.708981457290115],[-122.3879295790523,37.70916664247543],[-122.38794625023709,37.709296858641295],[-122.38808082115051,37.70937210578771],[-122.38833329179253,37.70939238391467],[-122.38870366216317,37.70935769302218],[-122.38891415448444,37.7092940512796],[-122.38896476875634,37.70920145868695],[-122.38885550497888,37.7090799152442]]],[[[-122.4792360696367,37.70817796059353],[-122.47798606963579,37.70818267372405],[-122.47704856963512,37.708195181429545],[-122.47642356963465,37.70821548371002],[-122.47611106963441,37.70824358056546],[-122.47611106963441,37.70827947199587],[-122.47627310667158,37.70830639056868],[-122.47659718074587,37.708324336283894],[-122.47708329185735,37.708333309141494],[-122.47773144000598,37.708333309141494],[-122.47821755111744,37.708344883215574],[-122.47854162519175,37.70836803136375],[-122.47870366222891,37.708402753585986],[-122.47870366222891,37.70844904988232],[-122.47885412519199,37.70848377210456],[-122.47915505111813,37.70850692025273],[-122.47960644000734,37.70851849432681],[-122.48020829185964,37.70851849432681],[-122.48065968074886,37.70849676911249],[-122.480960606675,37.70845331868386],[-122.48111106963808,37.70838814304091],[-122.48111106963808,37.70830124218365],[-122.48079856963784,37.70823724482333],[-122.48017356963739,37.70819615095996],[-122.4792360696367,37.70817796059353]]]]},"properties":{"zone":"wind"}},{"type":"Feature","properties":{"zone":"wind"},"geometry":{"type":"Polygon","coordinates":[[[-122.5168125,37.785625],[-122.5186875,37.787375000000004],[-122.52040625000001,37.7896875],[-122.52196875000001,37.7925625],[-122.52337500000002,37.796],[-122.52462499999999,37.8],[-122.52503124999998,37.80375],[-122.52459375000001,37.807249999999996],[-122.5233125,37.8105],[-122.5211875,37.8135],[-122.51784375,37.81609375],[-122.51328125,37.81828125],[-122.5075,37.8200625],[-122.50049999999999,37.8214375],[-122.49312499999999,37.8228125],[-122.485375,37.82418750000001],[-122.47725,37.825562500000004],[-122.46875,37.8269375],[-122.4605,37.828031249999995],[-122.4525,37.828843750000004],[-122.44475,37.829375],[-122.43725,37.829625],[-122.43018750000002,37.8295625],[-122.4235625,37.829187499999996],[-122.417375,37.8285],[-122.411625,37.8275],[-122.407,37.825937499999995],[-122.4035,37.8238125],[-122.401125,37.821125],[-122.399875,37.817875],[-122.3998125,37.81518750000001],[-122.4009375,37.8130625],[-122.40325,37.811499999999995],[-122.40675,37.810500000000005],[-122.4108125,37.8096875],[-122.4154375,37.809062499999996],[-122.420625,37.80862499999999],[-122.426375,37.808375],[-122.43224999999998,37.808125000000004],[-122.43825000000001,37.807874999999996],[-122.44437500000001,37.807625],[-122.450625,37.807375],[-122.456375,37.8073125],[-122.461625,37.807437500000006],[-122.466375,37.80775],[-122.470625,37.80825],[-122.4743125,37.80799999999999],[-122.47743750000001,37.807],[-122.48,37.80525],[-122.482,37.802749999999996],[-122.48400000000001,37.80018749999999],[-122.486,37.7975625],[-122.488,37.794875],[-122.49000000000001,37.792125],[-122.492125,37.789624999999994],[-122.49437499999999,37.787375],[-122.49674999999999,37.785374999999995],[-122.49925,37.783624999999994],[-122.5018125,37.78243749999999],[-122.5044375,37.781812499999994],[-122.507125,37.781749999999995],[-122.509875,37.78225],[-122.51240624999998,37.7830625],[-122.51471874999999,37.7841875],[-122.5168125,37.785625]]]}},{"type":"Feature","properties":{"zone":"wind"},"geometry":{"type":"Polygon","coordinates":[[[-122.423,37.7745],[-122.422,37.7745],[-122.42125,37.7765],[-122.42075,37.7805],[-122.4205,37.786500000000004],[-122.4205,37.7945],[-122.42075,37.8005],[-122.42125,37.804500000000004],[-122.422,37.8065],[-122.423,37.8065],[-122.42375000000001,37.804500000000004],[-122.42425,37.8005],[-122.4245,37.7945],[-122.4245,37.786500000000004],[-122.42425,37.7805],[-122.42375000000001,37.7765],[-122.423,37.7745]]]}},{"type":"Feature","properties":{"zone":"wind"},"geometry":{"type":"Polygon","coordinates":[[[-122.42518749999999,37.772825],[-122.4245125,37.772175000000004],[-122.42206875000001,37.773081250000004],[-122.41785625,37.77554375],[-122.41187500000001,37.7795625],[-122.404125,37.785137500000005],[-122.39845,37.7894875],[-122.39484999999999,37.792612500000004],[-122.393325,37.7945125],[-122.39387500000001,37.7951875],[-122.39625625000001,37.794293749999994],[-122.40046874999999,37.79183125],[-122.40651249999999,37.7878],[-122.4143875,37.7822],[-122.420125,37.777837500000004],[-122.42372499999999,37.7747125],[-122.42518749999999,37.772825]]]}}],"metadata":{"source":"data/raw USGS 10 m DEM","builtAt":"2026-06-03T22:55:29.673Z","zones":{"sun":"≥20° SE/S/SW-facing inclines — warmer, sunnier sun pockets","cool":"≥20° NW/N/NE-facing inclines — far less direct sun, cooler & shaded","wind":"Wind-prone areas for the prevailing W/NW flow — open coast fringe, windward W/NW faces, exposed crests, wind gaps open to the west, the Golden Gate strait, and the Van Ness/Market high-rise corridor","fog":"Fog path — ≤200 ft low ground connected to the west coast that marine fog threads east through","fog2":"Fog band 200–350 ft — fog laps this far up the slopes, thinning","fog3":"Fog band 350–500 ft — fog reaches here only on the windward side","fog4":"Fog band 500–1000 ft — fog crests here at most; usually above the fog"},"windBuiltAt":"2026-08-23T19:25:08.690Z"}}